snapshot_ts,team,model_champion,market_champion
2026-06-14T21:28Z,Argentina,0.208,0.0785
2026-06-14T21:28Z,Spain,0.231,0.1635
2026-06-14T21:28Z,Morocco,0.038,0.0205
2026-06-14T21:28Z,England,0.113,0.0965
2026-06-14T21:28Z,Belgium,0.033,0.0195
2026-06-14T21:28Z,Croatia,0.015,0.0085
2026-06-14T21:28Z,Colombia,0.017,0.0155
2026-06-14T21:28Z,Ecuador,0.008,0.0075
2026-06-14T21:28Z,Ivory Coast,0.004,0.0035
2026-06-14T21:28Z,Senegal,0.006,0.0065
2026-06-14T21:28Z,Australia,0.003,0.0035
2026-06-14T21:28Z,Canada,0.002,0.0025
2026-06-14T21:28Z,Algeria,0.001,0.0015
2026-06-14T21:28Z,Iran,0.001,0.0015
2026-06-14T21:28Z,Cape Verde,0.0,0.0005
2026-06-14T21:28Z,Curaçao,0.0,0.0005
2026-06-14T21:28Z,Haiti,0.0,0.0005
2026-06-14T21:28Z,Iraq,0.0,0.0005
2026-06-14T21:28Z,Jordan,0.0,0.0005
2026-06-14T21:28Z,New Zealand,0.0,0.0005
2026-06-14T21:28Z,Panama,0.0,0.0005
2026-06-14T21:28Z,Qatar,0.0,0.0005
2026-06-14T21:28Z,Saudi Arabia,0.0,0.0005
2026-06-14T21:28Z,South Africa,0.0,0.0005
2026-06-14T21:28Z,Tunisia,0.0,0.0005
2026-06-14T21:28Z,Uzbekistan,0.0,0.0005
2026-06-14T21:28Z,Bosnia and Herzegovina,0.0,0.0015
2026-06-14T21:28Z,Czech Republic,0.0,0.0015
2026-06-14T21:28Z,DR Congo,0.0,0.0015
2026-06-14T21:28Z,Egypt,0.0,0.0015
2026-06-14T21:28Z,Ghana,0.0,0.0015
2026-06-14T21:28Z,Paraguay,0.0,0.0015
2026-06-14T21:28Z,Scotland,0.0,0.0025
2026-06-14T21:28Z,Austria,0.001,0.0045
2026-06-14T21:28Z,South Korea,0.001,0.0045
2026-06-14T21:28Z,Sweden,0.0,0.0035
2026-06-14T21:28Z,Japan,0.01,0.0145
2026-06-14T21:28Z,Switzerland,0.003,0.0095
2026-06-14T21:28Z,Uruguay,0.002,0.0085
2026-06-14T21:28Z,Brazil,0.056,0.0675
2026-06-14T21:28Z,Norway,0.013,0.0255
2026-06-14T21:28Z,Mexico,0.001,0.0135
2026-06-14T21:28Z,Netherlands,0.039,0.0525
2026-06-14T21:28Z,United States,0.002,0.0205
2026-06-14T21:28Z,Germany,0.031,0.0605
2026-06-14T21:28Z,Portugal,0.064,0.1125
2026-06-14T21:28Z,France,0.097,0.1645
2026-06-14T21:38Z,Argentina,0.208,0.0785
2026-06-14T21:38Z,Spain,0.231,0.1635
2026-06-14T21:38Z,Morocco,0.038,0.0205
2026-06-14T21:38Z,England,0.113,0.0965
2026-06-14T21:38Z,Belgium,0.033,0.0195
2026-06-14T21:38Z,Croatia,0.015,0.0085
2026-06-14T21:38Z,Colombia,0.017,0.0155
2026-06-14T21:38Z,Ecuador,0.008,0.0075
2026-06-14T21:38Z,Ivory Coast,0.004,0.0035
2026-06-14T21:38Z,Senegal,0.006,0.0065
2026-06-14T21:38Z,Australia,0.003,0.0035
2026-06-14T21:38Z,Canada,0.002,0.0025
2026-06-14T21:38Z,Algeria,0.001,0.0015
2026-06-14T21:38Z,Iran,0.001,0.0015
2026-06-14T21:38Z,Cape Verde,0.0,0.0005
2026-06-14T21:38Z,Curaçao,0.0,0.0005
2026-06-14T21:38Z,Haiti,0.0,0.0005
2026-06-14T21:38Z,Iraq,0.0,0.0005
2026-06-14T21:38Z,Jordan,0.0,0.0005
2026-06-14T21:38Z,New Zealand,0.0,0.0005
2026-06-14T21:38Z,Panama,0.0,0.0005
2026-06-14T21:38Z,Qatar,0.0,0.0005
2026-06-14T21:38Z,Saudi Arabia,0.0,0.0005
2026-06-14T21:38Z,South Africa,0.0,0.0005
2026-06-14T21:38Z,Tunisia,0.0,0.0005
2026-06-14T21:38Z,Uzbekistan,0.0,0.0005
2026-06-14T21:38Z,Bosnia and Herzegovina,0.0,0.0015
2026-06-14T21:38Z,Czech Republic,0.0,0.0015
2026-06-14T21:38Z,DR Congo,0.0,0.0015
2026-06-14T21:38Z,Egypt,0.0,0.0015
2026-06-14T21:38Z,Ghana,0.0,0.0015
2026-06-14T21:38Z,Paraguay,0.0,0.0015
2026-06-14T21:38Z,Scotland,0.0,0.0025
2026-06-14T21:38Z,Austria,0.001,0.0045
2026-06-14T21:38Z,South Korea,0.001,0.0045
2026-06-14T21:38Z,Sweden,0.0,0.0035
2026-06-14T21:38Z,Japan,0.01,0.0155
2026-06-14T21:38Z,Switzerland,0.003,0.0095
2026-06-14T21:38Z,Uruguay,0.002,0.0085
2026-06-14T21:38Z,Mexico,0.001,0.0125
2026-06-14T21:38Z,Brazil,0.056,0.0675
2026-06-14T21:38Z,Norway,0.013,0.0255
2026-06-14T21:38Z,Netherlands,0.039,0.0525
2026-06-14T21:38Z,United States,0.002,0.0205
2026-06-14T21:38Z,Germany,0.031,0.0605
2026-06-14T21:38Z,Portugal,0.064,0.1125
2026-06-14T21:38Z,France,0.097,0.1645
2026-06-14T21:50Z,Argentina,0.218,0.0785
2026-06-14T21:50Z,Spain,0.218,0.1635
2026-06-14T21:50Z,England,0.122,0.0965
2026-06-14T21:50Z,Belgium,0.032,0.0195
2026-06-14T21:50Z,Morocco,0.032,0.0205
2026-06-14T21:50Z,Croatia,0.02,0.0085
2026-06-14T21:50Z,Ecuador,0.01,0.0075
2026-06-14T21:50Z,Ivory Coast,0.006,0.0035
2026-06-14T21:50Z,Colombia,0.016,0.0155
2026-06-14T21:50Z,Algeria,0.002,0.0015
2026-06-14T21:50Z,Cape Verde,0.0,0.0005
2026-06-14T21:50Z,Curaçao,0.0,0.0005
2026-06-14T21:50Z,Haiti,0.0,0.0005
2026-06-14T21:50Z,Iraq,0.0,0.0005
2026-06-14T21:50Z,Jordan,0.0,0.0005
2026-06-14T21:50Z,New Zealand,0.0,0.0005
2026-06-14T21:50Z,Panama,0.0,0.0005
2026-06-14T21:50Z,Qatar,0.0,0.0005
2026-06-14T21:50Z,Saudi Arabia,0.0,0.0005
2026-06-14T21:50Z,South Africa,0.0,0.0005
2026-06-14T21:50Z,Tunisia,0.0,0.0005
2026-06-14T21:50Z,Uzbekistan,0.0,0.0005
2026-06-14T21:50Z,Japan,0.014,0.0145
2026-06-14T21:50Z,Bosnia and Herzegovina,0.0,0.0015
2026-06-14T21:50Z,Czech Republic,0.0,0.0015
2026-06-14T21:50Z,DR Congo,0.0,0.0015
2026-06-14T21:50Z,Egypt,0.0,0.0015
2026-06-14T21:50Z,Ghana,0.0,0.0015
2026-06-14T21:50Z,Iran,0.0,0.0015
2026-06-14T21:50Z,Paraguay,0.0,0.0015
2026-06-14T21:50Z,Senegal,0.004,0.0065
2026-06-14T21:50Z,Austria,0.002,0.0045
2026-06-14T21:50Z,Canada,0.0,0.0025
2026-06-14T21:50Z,Scotland,0.0,0.0025
2026-06-14T21:50Z,Australia,0.0,0.0035
2026-06-14T21:50Z,Sweden,0.0,0.0035
2026-06-14T21:50Z,South Korea,0.0,0.0045
2026-06-14T21:50Z,Uruguay,0.004,0.0085
2026-06-14T21:50Z,Switzerland,0.002,0.0085
2026-06-14T21:50Z,Brazil,0.06,0.0675
2026-06-14T21:50Z,Netherlands,0.042,0.0545
2026-06-14T21:50Z,Mexico,0.0,0.0125
2026-06-14T21:50Z,Norway,0.01,0.0255
2026-06-14T21:50Z,United States,0.002,0.0205
2026-06-14T21:50Z,Germany,0.028,0.0605
2026-06-14T21:50Z,Portugal,0.06,0.1125
2026-06-14T21:50Z,France,0.096,0.1645
2026-06-14T22:07Z,Argentina,0.216,0.0785
2026-06-14T22:07Z,Spain,0.23,0.1635
2026-06-14T22:07Z,Morocco,0.042,0.0205
2026-06-14T22:07Z,Colombia,0.03,0.0155
2026-06-14T22:07Z,England,0.106,0.0965
2026-06-14T22:07Z,Belgium,0.028,0.0195
2026-06-14T22:07Z,Australia,0.006,0.0035
2026-06-14T22:07Z,Algeria,0.004,0.0015
2026-06-14T22:07Z,Senegal,0.008,0.0065
2026-06-14T22:07Z,Canada,0.002,0.0025
2026-06-14T22:07Z,Cape Verde,0.0,0.0005
2026-06-14T22:07Z,Curaçao,0.0,0.0005
2026-06-14T22:07Z,Haiti,0.0,0.0005
2026-06-14T22:07Z,Iraq,0.0,0.0005
2026-06-14T22:07Z,Jordan,0.0,0.0005
2026-06-14T22:07Z,New Zealand,0.0,0.0005
2026-06-14T22:07Z,Panama,0.0,0.0005
2026-06-14T22:07Z,Qatar,0.0,0.0005
2026-06-14T22:07Z,Saudi Arabia,0.0,0.0005
2026-06-14T22:07Z,South Africa,0.0,0.0005
2026-06-14T22:07Z,Tunisia,0.0,0.0005
2026-06-14T22:07Z,Uzbekistan,0.0,0.0005
2026-06-14T22:07Z,Switzerland,0.008,0.0085
2026-06-14T22:07Z,Ivory Coast,0.002,0.0035
2026-06-14T22:07Z,Sweden,0.002,0.0035
2026-06-14T22:07Z,Bosnia and Herzegovina,0.0,0.0015
2026-06-14T22:07Z,Czech Republic,0.0,0.0015
2026-06-14T22:07Z,DR Congo,0.0,0.0015
2026-06-14T22:07Z,Egypt,0.0,0.0015
2026-06-14T22:07Z,Ghana,0.0,0.0015
2026-06-14T22:07Z,Iran,0.0,0.0015
2026-06-14T22:07Z,Paraguay,0.0,0.0015
2026-06-14T22:07Z,Brazil,0.066,0.0675
2026-06-14T22:07Z,Austria,0.002,0.0045
2026-06-14T22:07Z,South Korea,0.002,0.0045
2026-06-14T22:07Z,Scotland,0.0,0.0025
2026-06-14T22:07Z,Croatia,0.006,0.0085
2026-06-14T22:07Z,Uruguay,0.006,0.0085
2026-06-14T22:07Z,Ecuador,0.002,0.0075
2026-06-14T22:07Z,Japan,0.01,0.0195
2026-06-14T22:07Z,Mexico,0.002,0.0125
2026-06-14T22:07Z,Norway,0.01,0.0245
2026-06-14T22:07Z,United States,0.0,0.0205
2026-06-14T22:07Z,Netherlands,0.026,0.0515
2026-06-14T22:07Z,Portugal,0.078,0.1125
2026-06-14T22:07Z,Germany,0.024,0.0605
2026-06-14T22:07Z,France,0.082,0.1645
2026-06-14T22:11Z,Argentina,0.2025,0.0785
2026-06-14T22:11Z,Morocco,0.051,0.0205
2026-06-14T22:11Z,Belgium,0.048,0.0195
2026-06-14T22:11Z,Colombia,0.041,0.0155
2026-06-14T22:11Z,Brazil,0.0805,0.0675
2026-06-14T22:11Z,Ecuador,0.019,0.0075
2026-06-14T22:11Z,Uruguay,0.0135,0.0085
2026-06-14T22:11Z,Croatia,0.011,0.0085
2026-06-14T22:11Z,Australia,0.005,0.0035
2026-06-14T22:11Z,Switzerland,0.01,0.0085
2026-06-14T22:11Z,Canada,0.0035,0.0025
2026-06-14T22:11Z,Austria,0.005,0.0045
2026-06-14T22:11Z,Ivory Coast,0.004,0.0035
2026-06-14T22:11Z,Algeria,0.002,0.0015
2026-06-14T22:11Z,Senegal,0.0065,0.0065
2026-06-14T22:11Z,Egypt,0.0015,0.0015
2026-06-14T22:11Z,Uzbekistan,0.0005,0.0005
2026-06-14T22:11Z,Czech Republic,0.001,0.0015
2026-06-14T22:11Z,DR Congo,0.001,0.0015
2026-06-14T22:11Z,Iran,0.001,0.0015
2026-06-14T22:11Z,Paraguay,0.001,0.0015
2026-06-14T22:11Z,Cape Verde,0.0,0.0005
2026-06-14T22:11Z,Curaçao,0.0,0.0005
2026-06-14T22:11Z,Haiti,0.0,0.0005
2026-06-14T22:11Z,Iraq,0.0,0.0005
2026-06-14T22:11Z,Jordan,0.0,0.0005
2026-06-14T22:11Z,New Zealand,0.0,0.0005
2026-06-14T22:11Z,Panama,0.0,0.0005
2026-06-14T22:11Z,Qatar,0.0,0.0005
2026-06-14T22:11Z,Saudi Arabia,0.0,0.0005
2026-06-14T22:11Z,South Africa,0.0,0.0005
2026-06-14T22:11Z,Tunisia,0.0,0.0005
2026-06-14T22:11Z,Bosnia and Herzegovina,0.0,0.0015
2026-06-14T22:11Z,Ghana,0.0,0.0015
2026-06-14T22:11Z,Scotland,0.0005,0.0025
2026-06-14T22:11Z,Japan,0.017,0.0195
2026-06-14T22:11Z,Sweden,0.0,0.0035
2026-06-14T22:11Z,England,0.093,0.0965
2026-06-14T22:11Z,South Korea,0.0,0.0045
2026-06-14T22:11Z,Mexico,0.0035,0.0125
2026-06-14T22:11Z,Norway,0.013,0.0245
2026-06-14T22:11Z,Spain,0.151,0.1635
2026-06-14T22:11Z,Netherlands,0.034,0.0515
2026-06-14T22:11Z,United States,0.001,0.0205
2026-06-14T22:11Z,Germany,0.0395,0.0605
2026-06-14T22:11Z,Portugal,0.0655,0.1125
2026-06-14T22:11Z,France,0.073,0.1645
2026-06-14T22:58Z,Argentina,0.221,0.0795
2026-06-14T22:58Z,Spain,0.224,0.1635
2026-06-14T22:58Z,Colombia,0.03,0.0155
2026-06-14T22:58Z,Morocco,0.034,0.0205
2026-06-14T22:58Z,Belgium,0.027,0.0195
2026-06-14T22:58Z,Senegal,0.009,0.0065
2026-06-14T22:58Z,Algeria,0.003,0.0015
2026-06-14T22:58Z,Australia,0.004,0.0035
2026-06-14T22:58Z,Ivory Coast,0.004,0.0035
2026-06-14T22:58Z,Canada,0.002,0.0025
2026-06-14T22:58Z,Egypt,0.001,0.0015
2026-06-14T22:58Z,Iran,0.001,0.0015
2026-06-14T22:58Z,Cape Verde,0.0,0.0005
2026-06-14T22:58Z,Curaçao,0.0,0.0005
2026-06-14T22:58Z,Haiti,0.0,0.0005
2026-06-14T22:58Z,Iraq,0.0,0.0005
2026-06-14T22:58Z,Jordan,0.0,0.0005
2026-06-14T22:58Z,New Zealand,0.0,0.0005
2026-06-14T22:58Z,Panama,0.0,0.0005
2026-06-14T22:58Z,Qatar,0.0,0.0005
2026-06-14T22:58Z,Saudi Arabia,0.0,0.0005
2026-06-14T22:58Z,South Africa,0.0,0.0005
2026-06-14T22:58Z,Tunisia,0.0,0.0005
2026-06-14T22:58Z,Uzbekistan,0.0,0.0005
2026-06-14T22:58Z,Switzerland,0.008,0.0085
2026-06-14T22:58Z,Bosnia and Herzegovina,0.0,0.0015
2026-06-14T22:58Z,Czech Republic,0.0,0.0015
2026-06-14T22:58Z,DR Congo,0.0,0.0015
2026-06-14T22:58Z,Ghana,0.0,0.0015
2026-06-14T22:58Z,Paraguay,0.0,0.0015
2026-06-14T22:58Z,Austria,0.002,0.0045
2026-06-14T22:58Z,Sweden,0.001,0.0035
2026-06-14T22:58Z,Scotland,0.0,0.0025
2026-06-14T22:58Z,Croatia,0.006,0.0085
2026-06-14T22:58Z,Uruguay,0.006,0.0085
2026-06-14T22:58Z,Ecuador,0.004,0.0075
2026-06-14T22:58Z,South Korea,0.001,0.0045
2026-06-14T22:58Z,England,0.093,0.0965
2026-06-14T22:58Z,Mexico,0.004,0.0125
2026-06-14T22:58Z,Brazil,0.057,0.0675
2026-06-14T22:58Z,Japan,0.007,0.0185
2026-06-14T22:58Z,Norway,0.013,0.0245
2026-06-14T22:58Z,Netherlands,0.035,0.0505
2026-06-14T22:58Z,United States,0.003,0.0205
2026-06-14T22:58Z,Portugal,0.083,0.1125
2026-06-14T22:58Z,Germany,0.023,0.0605
2026-06-14T22:58Z,France,0.094,0.1605
2026-06-14T23:42Z,Argentina,0.216,0.0785
2026-06-14T23:42Z,Spain,0.23,0.1635
2026-06-14T23:42Z,Morocco,0.042,0.0205
2026-06-14T23:42Z,Colombia,0.03,0.0155
2026-06-14T23:42Z,England,0.106,0.0965
2026-06-14T23:42Z,Belgium,0.028,0.0195
2026-06-14T23:42Z,Australia,0.006,0.0035
2026-06-14T23:42Z,Algeria,0.004,0.0015
2026-06-14T23:42Z,Senegal,0.008,0.0065
2026-06-14T23:42Z,Canada,0.002,0.0025
2026-06-14T23:42Z,Cape Verde,0.0,0.0005
2026-06-14T23:42Z,Curaçao,0.0,0.0005
2026-06-14T23:42Z,Haiti,0.0,0.0005
2026-06-14T23:42Z,Iraq,0.0,0.0005
2026-06-14T23:42Z,Jordan,0.0,0.0005
2026-06-14T23:42Z,New Zealand,0.0,0.0005
2026-06-14T23:42Z,Panama,0.0,0.0005
2026-06-14T23:42Z,Qatar,0.0,0.0005
2026-06-14T23:42Z,Saudi Arabia,0.0,0.0005
2026-06-14T23:42Z,South Africa,0.0,0.0005
2026-06-14T23:42Z,Tunisia,0.0,0.0005
2026-06-14T23:42Z,Uzbekistan,0.0,0.0005
2026-06-14T23:42Z,Switzerland,0.008,0.0085
2026-06-14T23:42Z,Ivory Coast,0.002,0.0035
2026-06-14T23:42Z,Sweden,0.002,0.0035
2026-06-14T23:42Z,Bosnia and Herzegovina,0.0,0.0015
2026-06-14T23:42Z,Czech Republic,0.0,0.0015
2026-06-14T23:42Z,DR Congo,0.0,0.0015
2026-06-14T23:42Z,Egypt,0.0,0.0015
2026-06-14T23:42Z,Ghana,0.0,0.0015
2026-06-14T23:42Z,Iran,0.0,0.0015
2026-06-14T23:42Z,Paraguay,0.0,0.0015
2026-06-14T23:42Z,Brazil,0.066,0.0675
2026-06-14T23:42Z,Austria,0.002,0.0045
2026-06-14T23:42Z,South Korea,0.002,0.0045
2026-06-14T23:42Z,Scotland,0.0,0.0025
2026-06-14T23:42Z,Croatia,0.006,0.0085
2026-06-14T23:42Z,Uruguay,0.006,0.0085
2026-06-14T23:42Z,Ecuador,0.002,0.0075
2026-06-14T23:42Z,Japan,0.01,0.0195
2026-06-14T23:42Z,Mexico,0.002,0.0125
2026-06-14T23:42Z,Norway,0.01,0.0245
2026-06-14T23:42Z,United States,0.0,0.0205
2026-06-14T23:42Z,Netherlands,0.026,0.0515
2026-06-14T23:42Z,Portugal,0.078,0.1125
2026-06-14T23:42Z,Germany,0.024,0.0605
2026-06-14T23:42Z,France,0.082,0.1645
2026-06-14T23:49Z,Argentina,0.221,0.0795
2026-06-14T23:49Z,Spain,0.224,0.1625
2026-06-14T23:49Z,Colombia,0.03,0.0155
2026-06-14T23:49Z,Morocco,0.034,0.0205
2026-06-14T23:49Z,Belgium,0.027,0.0195
2026-06-14T23:49Z,Senegal,0.009,0.0065
2026-06-14T23:49Z,Algeria,0.003,0.0015
2026-06-14T23:49Z,Australia,0.004,0.0035
2026-06-14T23:49Z,Ivory Coast,0.004,0.0035
2026-06-14T23:49Z,Canada,0.002,0.0025
2026-06-14T23:49Z,Egypt,0.001,0.0015
2026-06-14T23:49Z,Iran,0.001,0.0015
2026-06-14T23:49Z,Cape Verde,0.0,0.0005
2026-06-14T23:49Z,Curaçao,0.0,0.0005
2026-06-14T23:49Z,Haiti,0.0,0.0005
2026-06-14T23:49Z,Iraq,0.0,0.0005
2026-06-14T23:49Z,Jordan,0.0,0.0005
2026-06-14T23:49Z,New Zealand,0.0,0.0005
2026-06-14T23:49Z,Panama,0.0,0.0005
2026-06-14T23:49Z,Qatar,0.0,0.0005
2026-06-14T23:49Z,Saudi Arabia,0.0,0.0005
2026-06-14T23:49Z,South Africa,0.0,0.0005
2026-06-14T23:49Z,Tunisia,0.0,0.0005
2026-06-14T23:49Z,Uzbekistan,0.0,0.0005
2026-06-14T23:49Z,Switzerland,0.008,0.0085
2026-06-14T23:49Z,Bosnia and Herzegovina,0.0,0.0015
2026-06-14T23:49Z,Czech Republic,0.0,0.0015
2026-06-14T23:49Z,DR Congo,0.0,0.0015
2026-06-14T23:49Z,Ghana,0.0,0.0015
2026-06-14T23:49Z,Paraguay,0.0,0.0015
2026-06-14T23:49Z,Austria,0.002,0.0045
2026-06-14T23:49Z,Sweden,0.001,0.0035
2026-06-14T23:49Z,Scotland,0.0,0.0025
2026-06-14T23:49Z,Croatia,0.006,0.0085
2026-06-14T23:49Z,Uruguay,0.006,0.0085
2026-06-14T23:49Z,Ecuador,0.004,0.0075
2026-06-14T23:49Z,South Korea,0.001,0.0045
2026-06-14T23:49Z,England,0.093,0.0965
2026-06-14T23:49Z,Mexico,0.004,0.0135
2026-06-14T23:49Z,Brazil,0.057,0.0675
2026-06-14T23:49Z,Norway,0.013,0.0245
2026-06-14T23:49Z,Japan,0.007,0.021
2026-06-14T23:49Z,Netherlands,0.035,0.0515
2026-06-14T23:49Z,United States,0.003,0.0205
2026-06-14T23:49Z,Portugal,0.083,0.1105
2026-06-14T23:49Z,Germany,0.023,0.0605
2026-06-14T23:49Z,France,0.094,0.1605
2026-06-15T00:08Z,Argentina,0.221,0.0795
2026-06-15T00:08Z,Spain,0.224,0.1625
2026-06-15T00:08Z,Colombia,0.03,0.0155
2026-06-15T00:08Z,Morocco,0.034,0.0205
2026-06-15T00:08Z,Belgium,0.027,0.0195
2026-06-15T00:08Z,Senegal,0.009,0.0065
2026-06-15T00:08Z,Algeria,0.003,0.0015
2026-06-15T00:08Z,Australia,0.004,0.0035
2026-06-15T00:08Z,Ivory Coast,0.004,0.0045
2026-06-15T00:08Z,Canada,0.002,0.0025
2026-06-15T00:08Z,Egypt,0.001,0.0015
2026-06-15T00:08Z,Iran,0.001,0.0015
2026-06-15T00:08Z,Cape Verde,0.0,0.0005
2026-06-15T00:08Z,Curaçao,0.0,0.0005
2026-06-15T00:08Z,Haiti,0.0,0.0005
2026-06-15T00:08Z,Iraq,0.0,0.0005
2026-06-15T00:08Z,Jordan,0.0,0.0005
2026-06-15T00:08Z,New Zealand,0.0,0.0005
2026-06-15T00:08Z,Panama,0.0,0.0005
2026-06-15T00:08Z,Qatar,0.0,0.0005
2026-06-15T00:08Z,Saudi Arabia,0.0,0.0005
2026-06-15T00:08Z,South Africa,0.0,0.0005
2026-06-15T00:08Z,Tunisia,0.0,0.0005
2026-06-15T00:08Z,Uzbekistan,0.0,0.0005
2026-06-15T00:08Z,Switzerland,0.008,0.0085
2026-06-15T00:08Z,Bosnia and Herzegovina,0.0,0.0015
2026-06-15T00:08Z,Czech Republic,0.0,0.0015
2026-06-15T00:08Z,DR Congo,0.0,0.0015
2026-06-15T00:08Z,Ghana,0.0,0.0015
2026-06-15T00:08Z,Paraguay,0.0,0.0015
2026-06-15T00:08Z,Ecuador,0.004,0.0065
2026-06-15T00:08Z,Austria,0.002,0.0045
2026-06-15T00:08Z,Sweden,0.001,0.0035
2026-06-15T00:08Z,Scotland,0.0,0.0025
2026-06-15T00:08Z,Croatia,0.006,0.0085
2026-06-15T00:08Z,Uruguay,0.006,0.0085
2026-06-15T00:08Z,South Korea,0.001,0.0045
2026-06-15T00:08Z,England,0.093,0.0965
2026-06-15T00:08Z,Mexico,0.004,0.0135
2026-06-15T00:08Z,Brazil,0.057,0.0675
2026-06-15T00:08Z,Norway,0.013,0.0245
2026-06-15T00:08Z,Japan,0.007,0.0215
2026-06-15T00:08Z,Netherlands,0.035,0.0515
2026-06-15T00:08Z,United States,0.003,0.0205
2026-06-15T00:08Z,Portugal,0.083,0.1105
2026-06-15T00:08Z,Germany,0.023,0.0605
2026-06-15T00:08Z,France,0.094,0.1605
2026-06-15T08:47Z,Argentina,0.24,0.0795
2026-06-15T08:47Z,Spain,0.215,0.1625
2026-06-15T08:47Z,England,0.125,0.0965
2026-06-15T08:47Z,Morocco,0.04,0.0205
2026-06-15T08:47Z,Algeria,0.01,0.0015
2026-06-15T08:47Z,Australia,0.01,0.0035
2026-06-15T08:47Z,Colombia,0.02,0.0155
2026-06-15T08:47Z,Senegal,0.01,0.0065
2026-06-15T08:47Z,Belgium,0.02,0.0195
2026-06-15T08:47Z,Austria,0.005,0.0045
2026-06-15T08:47Z,Cape Verde,0.0,0.0005
2026-06-15T08:47Z,Curaçao,0.0,0.0005
2026-06-15T08:47Z,Haiti,0.0,0.0005
2026-06-15T08:47Z,Iraq,0.0,0.0005
2026-06-15T08:47Z,Jordan,0.0,0.0005
2026-06-15T08:47Z,New Zealand,0.0,0.0005
2026-06-15T08:47Z,Panama,0.0,0.0005
2026-06-15T08:47Z,Qatar,0.0,0.0005
2026-06-15T08:47Z,Saudi Arabia,0.0,0.0005
2026-06-15T08:47Z,South Africa,0.0,0.0005
2026-06-15T08:47Z,Tunisia,0.0,0.0005
2026-06-15T08:47Z,Uzbekistan,0.0,0.0005
2026-06-15T08:47Z,Ecuador,0.005,0.0065
2026-06-15T08:47Z,Bosnia and Herzegovina,0.0,0.0015
2026-06-15T08:47Z,Czech Republic,0.0,0.0015
2026-06-15T08:47Z,DR Congo,0.0,0.0015
2026-06-15T08:47Z,Egypt,0.0,0.0015
2026-06-15T08:47Z,Ghana,0.0,0.0015
2026-06-15T08:47Z,Iran,0.0,0.0015
2026-06-15T08:47Z,Paraguay,0.0,0.0015
2026-06-15T08:47Z,Canada,0.0,0.0025
2026-06-15T08:47Z,Scotland,0.0,0.0025
2026-06-15T08:47Z,Sweden,0.0,0.0035
2026-06-15T08:47Z,Croatia,0.005,0.0085
2026-06-15T08:47Z,Switzerland,0.005,0.0085
2026-06-15T08:47Z,Ivory Coast,0.0,0.0045
2026-06-15T08:47Z,South Korea,0.0,0.0045
2026-06-15T08:47Z,Mexico,0.005,0.0135
2026-06-15T08:47Z,Uruguay,0.0,0.0085
2026-06-15T08:47Z,Netherlands,0.04,0.0515
2026-06-15T08:47Z,Japan,0.01,0.0215
2026-06-15T08:47Z,Brazil,0.055,0.0675
2026-06-15T08:47Z,Norway,0.01,0.0245
2026-06-15T08:47Z,United States,0.0,0.0205
2026-06-15T08:47Z,Germany,0.015,0.0605
2026-06-15T08:47Z,Portugal,0.06,0.1105
2026-06-15T08:47Z,France,0.095,0.1605
2026-06-15T09:01Z,Argentina,0.24,0.0795
2026-06-15T09:01Z,Spain,0.215,0.1625
2026-06-15T09:01Z,England,0.125,0.0965
2026-06-15T09:01Z,Morocco,0.04,0.0205
2026-06-15T09:01Z,Algeria,0.01,0.0015
2026-06-15T09:01Z,Australia,0.01,0.0035
2026-06-15T09:01Z,Colombia,0.02,0.0155
2026-06-15T09:01Z,Senegal,0.01,0.0065
2026-06-15T09:01Z,Belgium,0.02,0.0195
2026-06-15T09:01Z,Austria,0.005,0.0045
2026-06-15T09:01Z,Cape Verde,0.0,0.0005
2026-06-15T09:01Z,Curaçao,0.0,0.0005
2026-06-15T09:01Z,Haiti,0.0,0.0005
2026-06-15T09:01Z,Iraq,0.0,0.0005
2026-06-15T09:01Z,Jordan,0.0,0.0005
2026-06-15T09:01Z,New Zealand,0.0,0.0005
2026-06-15T09:01Z,Panama,0.0,0.0005
2026-06-15T09:01Z,Qatar,0.0,0.0005
2026-06-15T09:01Z,Saudi Arabia,0.0,0.0005
2026-06-15T09:01Z,South Africa,0.0,0.0005
2026-06-15T09:01Z,Tunisia,0.0,0.0005
2026-06-15T09:01Z,Uzbekistan,0.0,0.0005
2026-06-15T09:01Z,Ecuador,0.005,0.0065
2026-06-15T09:01Z,Bosnia and Herzegovina,0.0,0.0015
2026-06-15T09:01Z,Czech Republic,0.0,0.0015
2026-06-15T09:01Z,DR Congo,0.0,0.0015
2026-06-15T09:01Z,Egypt,0.0,0.0015
2026-06-15T09:01Z,Ghana,0.0,0.0015
2026-06-15T09:01Z,Iran,0.0,0.0015
2026-06-15T09:01Z,Paraguay,0.0,0.0015
2026-06-15T09:01Z,Canada,0.0,0.0025
2026-06-15T09:01Z,Scotland,0.0,0.0025
2026-06-15T09:01Z,Sweden,0.0,0.0035
2026-06-15T09:01Z,Croatia,0.005,0.0085
2026-06-15T09:01Z,Switzerland,0.005,0.0085
2026-06-15T09:01Z,Ivory Coast,0.0,0.0045
2026-06-15T09:01Z,South Korea,0.0,0.0045
2026-06-15T09:01Z,Mexico,0.005,0.0135
2026-06-15T09:01Z,Uruguay,0.0,0.0085
2026-06-15T09:01Z,Netherlands,0.04,0.0515
2026-06-15T09:01Z,Japan,0.01,0.0215
2026-06-15T09:01Z,Brazil,0.055,0.0675
2026-06-15T09:01Z,Norway,0.01,0.0245
2026-06-15T09:01Z,United States,0.0,0.0205
2026-06-15T09:01Z,Germany,0.015,0.0605
2026-06-15T09:01Z,Portugal,0.06,0.1105
2026-06-15T09:01Z,France,0.095,0.1605
2026-06-15T09:11Z,Argentina,0.213,0.0805
2026-06-15T09:11Z,Spain,0.219,0.1615
2026-06-15T09:11Z,Morocco,0.052,0.0225
2026-06-15T09:11Z,England,0.103,0.0965
2026-06-15T09:11Z,Belgium,0.024,0.0195
2026-06-15T09:11Z,Ecuador,0.008,0.0045
2026-06-15T09:11Z,Colombia,0.017,0.0155
2026-06-15T09:11Z,Australia,0.003,0.0035
2026-06-15T09:11Z,Algeria,0.001,0.0015
2026-06-15T09:11Z,Cape Verde,0.0,0.0005
2026-06-15T09:11Z,Curaçao,0.0,0.0005
2026-06-15T09:11Z,Haiti,0.0,0.0005
2026-06-15T09:11Z,Iraq,0.0,0.0005
2026-06-15T09:11Z,Jordan,0.0,0.0005
2026-06-15T09:11Z,New Zealand,0.0,0.0005
2026-06-15T09:11Z,Panama,0.0,0.0005
2026-06-15T09:11Z,Qatar,0.0,0.0005
2026-06-15T09:11Z,Saudi Arabia,0.0,0.0005
2026-06-15T09:11Z,South Africa,0.0,0.0005
2026-06-15T09:11Z,Tunisia,0.0,0.0005
2026-06-15T09:11Z,Uzbekistan,0.0,0.0005
2026-06-15T09:11Z,Senegal,0.005,0.0065
2026-06-15T09:11Z,Canada,0.001,0.0025
2026-06-15T09:11Z,Bosnia and Herzegovina,0.0,0.0015
2026-06-15T09:11Z,Czech Republic,0.0,0.0015
2026-06-15T09:11Z,DR Congo,0.0,0.0015
2026-06-15T09:11Z,Egypt,0.0,0.0015
2026-06-15T09:11Z,Ghana,0.0,0.0015
2026-06-15T09:11Z,Iran,0.0,0.0015
2026-06-15T09:11Z,Paraguay,0.0,0.0015
2026-06-15T09:11Z,Switzerland,0.007,0.0085
2026-06-15T09:11Z,Uruguay,0.007,0.0085
2026-06-15T09:11Z,Austria,0.002,0.0045
2026-06-15T09:11Z,Scotland,0.0,0.0025
2026-06-15T09:11Z,Croatia,0.006,0.0085
2026-06-15T09:11Z,South Korea,0.001,0.0045
2026-06-15T09:11Z,Ivory Coast,0.002,0.0065
2026-06-15T09:11Z,Sweden,0.001,0.0055
2026-06-15T09:11Z,Portugal,0.101,0.1075
2026-06-15T09:11Z,Norway,0.015,0.0245
2026-06-15T09:11Z,Japan,0.011,0.0205
2026-06-15T09:11Z,Germany,0.053,0.0635
2026-06-15T09:11Z,Mexico,0.0,0.0125
2026-06-15T09:11Z,Netherlands,0.03,0.0455
2026-06-15T09:11Z,United States,0.001,0.0205
2026-06-15T09:11Z,Brazil,0.045,0.0675
2026-06-15T09:11Z,France,0.071,0.1605
2026-06-15T09:27Z,Argentina,0.213,0.0805
2026-06-15T09:27Z,Spain,0.219,0.1615
2026-06-15T09:27Z,Morocco,0.052,0.0225
2026-06-15T09:27Z,England,0.103,0.0965
2026-06-15T09:27Z,Belgium,0.024,0.0195
2026-06-15T09:27Z,Ecuador,0.008,0.0045
2026-06-15T09:27Z,Colombia,0.017,0.0155
2026-06-15T09:27Z,Australia,0.003,0.0035
2026-06-15T09:27Z,Algeria,0.001,0.0015
2026-06-15T09:27Z,Cape Verde,0.0,0.0005
2026-06-15T09:27Z,Curaçao,0.0,0.0005
2026-06-15T09:27Z,Haiti,0.0,0.0005
2026-06-15T09:27Z,Iraq,0.0,0.0005
2026-06-15T09:27Z,Jordan,0.0,0.0005
2026-06-15T09:27Z,New Zealand,0.0,0.0005
2026-06-15T09:27Z,Panama,0.0,0.0005
2026-06-15T09:27Z,Qatar,0.0,0.0005
2026-06-15T09:27Z,Saudi Arabia,0.0,0.0005
2026-06-15T09:27Z,South Africa,0.0,0.0005
2026-06-15T09:27Z,Tunisia,0.0,0.0005
2026-06-15T09:27Z,Uzbekistan,0.0,0.0005
2026-06-15T09:27Z,Senegal,0.005,0.0065
2026-06-15T09:27Z,Canada,0.001,0.0025
2026-06-15T09:27Z,Bosnia and Herzegovina,0.0,0.0015
2026-06-15T09:27Z,Czech Republic,0.0,0.0015
2026-06-15T09:27Z,DR Congo,0.0,0.0015
2026-06-15T09:27Z,Egypt,0.0,0.0015
2026-06-15T09:27Z,Ghana,0.0,0.0015
2026-06-15T09:27Z,Iran,0.0,0.0015
2026-06-15T09:27Z,Paraguay,0.0,0.0015
2026-06-15T09:27Z,Switzerland,0.007,0.0085
2026-06-15T09:27Z,Uruguay,0.007,0.0085
2026-06-15T09:27Z,Austria,0.002,0.0045
2026-06-15T09:27Z,Scotland,0.0,0.0025
2026-06-15T09:27Z,Croatia,0.006,0.0085
2026-06-15T09:27Z,South Korea,0.001,0.0045
2026-06-15T09:27Z,Ivory Coast,0.002,0.0065
2026-06-15T09:27Z,Sweden,0.001,0.0055
2026-06-15T09:27Z,Portugal,0.101,0.1075
2026-06-15T09:27Z,Norway,0.015,0.0245
2026-06-15T09:27Z,Japan,0.011,0.0205
2026-06-15T09:27Z,Germany,0.053,0.0635
2026-06-15T09:27Z,Mexico,0.0,0.0125
2026-06-15T09:27Z,Netherlands,0.03,0.0465
2026-06-15T09:27Z,United States,0.001,0.0205
2026-06-15T09:27Z,Brazil,0.045,0.0675
2026-06-15T09:27Z,France,0.071,0.1605
2026-06-15T09:53Z,Argentina,0.213,0.0805
2026-06-15T09:53Z,Spain,0.219,0.1615
2026-06-15T09:53Z,Morocco,0.052,0.0225
2026-06-15T09:53Z,England,0.103,0.0965
2026-06-15T09:53Z,Belgium,0.024,0.0195
2026-06-15T09:53Z,Ecuador,0.008,0.0045
2026-06-15T09:53Z,Colombia,0.017,0.0155
2026-06-15T09:53Z,Australia,0.003,0.0035
2026-06-15T09:53Z,Algeria,0.001,0.0015
2026-06-15T09:53Z,Cape Verde,0.0,0.0005
2026-06-15T09:53Z,Curaçao,0.0,0.0005
2026-06-15T09:53Z,Haiti,0.0,0.0005
2026-06-15T09:53Z,Iraq,0.0,0.0005
2026-06-15T09:53Z,Jordan,0.0,0.0005
2026-06-15T09:53Z,New Zealand,0.0,0.0005
2026-06-15T09:53Z,Panama,0.0,0.0005
2026-06-15T09:53Z,Qatar,0.0,0.0005
2026-06-15T09:53Z,Saudi Arabia,0.0,0.0005
2026-06-15T09:53Z,South Africa,0.0,0.0005
2026-06-15T09:53Z,Tunisia,0.0,0.0005
2026-06-15T09:53Z,Uzbekistan,0.0,0.0005
2026-06-15T09:53Z,Senegal,0.005,0.0065
2026-06-15T09:53Z,Canada,0.001,0.0025
2026-06-15T09:53Z,Bosnia and Herzegovina,0.0,0.0015
2026-06-15T09:53Z,Czech Republic,0.0,0.0015
2026-06-15T09:53Z,DR Congo,0.0,0.0015
2026-06-15T09:53Z,Egypt,0.0,0.0015
2026-06-15T09:53Z,Ghana,0.0,0.0015
2026-06-15T09:53Z,Iran,0.0,0.0015
2026-06-15T09:53Z,Paraguay,0.0,0.0015
2026-06-15T09:53Z,Switzerland,0.007,0.0085
2026-06-15T09:53Z,Uruguay,0.007,0.0085
2026-06-15T09:53Z,Austria,0.002,0.0045
2026-06-15T09:53Z,Scotland,0.0,0.0025
2026-06-15T09:53Z,Croatia,0.006,0.0085
2026-06-15T09:53Z,Ivory Coast,0.002,0.0055
2026-06-15T09:53Z,South Korea,0.001,0.0045
2026-06-15T09:53Z,Sweden,0.001,0.0055
2026-06-15T09:53Z,Portugal,0.101,0.1075
2026-06-15T09:53Z,Norway,0.015,0.0245
2026-06-15T09:53Z,Japan,0.011,0.0205
2026-06-15T09:53Z,Germany,0.053,0.0635
2026-06-15T09:53Z,Mexico,0.0,0.0125
2026-06-15T09:53Z,Netherlands,0.03,0.0465
2026-06-15T09:53Z,United States,0.001,0.0205
2026-06-15T09:53Z,Brazil,0.045,0.0675
2026-06-15T09:53Z,France,0.071,0.1605
2026-06-15T10:54Z,Argentina,0.213,0.0805
2026-06-15T10:54Z,Spain,0.219,0.1625
2026-06-15T10:54Z,Morocco,0.052,0.0225
2026-06-15T10:54Z,England,0.103,0.0965
2026-06-15T10:54Z,Belgium,0.024,0.0195
2026-06-15T10:54Z,Ecuador,0.008,0.0045
2026-06-15T10:54Z,Colombia,0.017,0.0155
2026-06-15T10:54Z,Australia,0.003,0.0035
2026-06-15T10:54Z,Algeria,0.001,0.0015
2026-06-15T10:54Z,Cape Verde,0.0,0.0005
2026-06-15T10:54Z,Curaçao,0.0,0.0005
2026-06-15T10:54Z,Haiti,0.0,0.0005
2026-06-15T10:54Z,Iraq,0.0,0.0005
2026-06-15T10:54Z,Jordan,0.0,0.0005
2026-06-15T10:54Z,New Zealand,0.0,0.0005
2026-06-15T10:54Z,Panama,0.0,0.0005
2026-06-15T10:54Z,Qatar,0.0,0.0005
2026-06-15T10:54Z,Saudi Arabia,0.0,0.0005
2026-06-15T10:54Z,South Africa,0.0,0.0005
2026-06-15T10:54Z,Tunisia,0.0,0.0005
2026-06-15T10:54Z,Uzbekistan,0.0,0.0005
2026-06-15T10:54Z,Senegal,0.005,0.0065
2026-06-15T10:54Z,Canada,0.001,0.0025
2026-06-15T10:54Z,Bosnia and Herzegovina,0.0,0.0015
2026-06-15T10:54Z,Czech Republic,0.0,0.0015
2026-06-15T10:54Z,DR Congo,0.0,0.0015
2026-06-15T10:54Z,Egypt,0.0,0.0015
2026-06-15T10:54Z,Ghana,0.0,0.0015
2026-06-15T10:54Z,Iran,0.0,0.0015
2026-06-15T10:54Z,Paraguay,0.0,0.0015
2026-06-15T10:54Z,Switzerland,0.007,0.0085
2026-06-15T10:54Z,Uruguay,0.007,0.0085
2026-06-15T10:54Z,Austria,0.002,0.0045
2026-06-15T10:54Z,Scotland,0.0,0.0025
2026-06-15T10:54Z,Croatia,0.006,0.0085
2026-06-15T10:54Z,South Korea,0.001,0.0045
2026-06-15T10:54Z,Ivory Coast,0.002,0.0065
2026-06-15T10:54Z,Sweden,0.001,0.0055
2026-06-15T10:54Z,Portugal,0.101,0.1075
2026-06-15T10:54Z,Norway,0.015,0.0245
2026-06-15T10:54Z,Japan,0.011,0.0205
2026-06-15T10:54Z,Germany,0.053,0.0645
2026-06-15T10:54Z,Mexico,0.0,0.0135
2026-06-15T10:54Z,United States,0.001,0.0205
2026-06-15T10:54Z,Netherlands,0.03,0.0495
2026-06-15T10:54Z,Brazil,0.045,0.0655
2026-06-15T10:54Z,France,0.071,0.1605
2026-06-15T11:38Z,Argentina,0.213,0.0805
2026-06-15T11:38Z,Spain,0.219,0.1625
2026-06-15T11:38Z,Morocco,0.052,0.0225
2026-06-15T11:38Z,England,0.103,0.0965
2026-06-15T11:38Z,Belgium,0.024,0.0195
2026-06-15T11:38Z,Ecuador,0.008,0.0045
2026-06-15T11:38Z,Colombia,0.017,0.0155
2026-06-15T11:38Z,Australia,0.003,0.0035
2026-06-15T11:38Z,Algeria,0.001,0.0015
2026-06-15T11:38Z,Cape Verde,0.0,0.0005
2026-06-15T11:38Z,Curaçao,0.0,0.0005
2026-06-15T11:38Z,Haiti,0.0,0.0005
2026-06-15T11:38Z,Iraq,0.0,0.0005
2026-06-15T11:38Z,Jordan,0.0,0.0005
2026-06-15T11:38Z,New Zealand,0.0,0.0005
2026-06-15T11:38Z,Panama,0.0,0.0005
2026-06-15T11:38Z,Qatar,0.0,0.0005
2026-06-15T11:38Z,Saudi Arabia,0.0,0.0005
2026-06-15T11:38Z,South Africa,0.0,0.0005
2026-06-15T11:38Z,Tunisia,0.0,0.0005
2026-06-15T11:38Z,Uzbekistan,0.0,0.0005
2026-06-15T11:38Z,Senegal,0.005,0.0065
2026-06-15T11:38Z,Canada,0.001,0.0025
2026-06-15T11:38Z,Bosnia and Herzegovina,0.0,0.0015
2026-06-15T11:38Z,Czech Republic,0.0,0.0015
2026-06-15T11:38Z,DR Congo,0.0,0.0015
2026-06-15T11:38Z,Egypt,0.0,0.0015
2026-06-15T11:38Z,Ghana,0.0,0.0015
2026-06-15T11:38Z,Iran,0.0,0.0015
2026-06-15T11:38Z,Paraguay,0.0,0.0015
2026-06-15T11:38Z,Switzerland,0.007,0.0085
2026-06-15T11:38Z,Uruguay,0.007,0.0085
2026-06-15T11:38Z,Austria,0.002,0.0045
2026-06-15T11:38Z,Scotland,0.0,0.0025
2026-06-15T11:38Z,Croatia,0.006,0.0085
2026-06-15T11:38Z,Ivory Coast,0.002,0.0055
2026-06-15T11:38Z,South Korea,0.001,0.0045
2026-06-15T11:38Z,Sweden,0.001,0.0055
2026-06-15T11:38Z,Portugal,0.101,0.1075
2026-06-15T11:38Z,Germany,0.053,0.0625
2026-06-15T11:38Z,Norway,0.015,0.0245
2026-06-15T11:38Z,Japan,0.011,0.0205
2026-06-15T11:38Z,Mexico,0.0,0.0135
2026-06-15T11:38Z,United States,0.001,0.0205
2026-06-15T11:38Z,Netherlands,0.03,0.0505
2026-06-15T11:38Z,Brazil,0.045,0.0665
2026-06-15T11:38Z,France,0.071,0.1605
2026-06-15T16:35Z,Argentina,0.213,0.0805
2026-06-15T16:35Z,Spain,0.219,0.1625
2026-06-15T16:35Z,Morocco,0.052,0.0235
2026-06-15T16:35Z,England,0.103,0.0975
2026-06-15T16:35Z,Belgium,0.024,0.0195
2026-06-15T16:35Z,Ecuador,0.008,0.0045
2026-06-15T16:35Z,Colombia,0.017,0.0155
2026-06-15T16:35Z,Australia,0.003,0.0035
2026-06-15T16:35Z,Algeria,0.001,0.0015
2026-06-15T16:35Z,Cape Verde,0.0,0.0005
2026-06-15T16:35Z,Curaçao,0.0,0.0005
2026-06-15T16:35Z,Haiti,0.0,0.0005
2026-06-15T16:35Z,Iraq,0.0,0.0005
2026-06-15T16:35Z,Jordan,0.0,0.0005
2026-06-15T16:35Z,New Zealand,0.0,0.0005
2026-06-15T16:35Z,Panama,0.0,0.0005
2026-06-15T16:35Z,Qatar,0.0,0.0005
2026-06-15T16:35Z,Saudi Arabia,0.0,0.0005
2026-06-15T16:35Z,South Africa,0.0,0.0005
2026-06-15T16:35Z,Tunisia,0.0,0.0005
2026-06-15T16:35Z,Uzbekistan,0.0,0.0005
2026-06-15T16:35Z,Senegal,0.005,0.0065
2026-06-15T16:35Z,Canada,0.001,0.0025
2026-06-15T16:35Z,Bosnia and Herzegovina,0.0,0.0015
2026-06-15T16:35Z,Czech Republic,0.0,0.0015
2026-06-15T16:35Z,DR Congo,0.0,0.0015
2026-06-15T16:35Z,Egypt,0.0,0.0015
2026-06-15T16:35Z,Ghana,0.0,0.0015
2026-06-15T16:35Z,Iran,0.0,0.0015
2026-06-15T16:35Z,Paraguay,0.0,0.0015
2026-06-15T16:35Z,Switzerland,0.007,0.0085
2026-06-15T16:35Z,Uruguay,0.007,0.0085
2026-06-15T16:35Z,Austria,0.002,0.0045
2026-06-15T16:35Z,Scotland,0.0,0.0025
2026-06-15T16:35Z,Croatia,0.006,0.0085
2026-06-15T16:35Z,Ivory Coast,0.002,0.0055
2026-06-15T16:35Z,South Korea,0.001,0.0045
2026-06-15T16:35Z,Sweden,0.001,0.0055
2026-06-15T16:35Z,Portugal,0.101,0.1075
2026-06-15T16:35Z,Japan,0.011,0.0185
2026-06-15T16:35Z,Germany,0.053,0.0615
2026-06-15T16:35Z,Norway,0.015,0.0245
2026-06-15T16:35Z,Mexico,0.0,0.0135
2026-06-15T16:35Z,United States,0.001,0.0205
2026-06-15T16:35Z,Netherlands,0.03,0.0515
2026-06-15T16:35Z,Brazil,0.045,0.0665
2026-06-15T16:35Z,France,0.071,0.1635
2026-06-15T20:10Z,Argentina,0.204,0.0805
2026-06-15T20:10Z,Spain,0.214,0.1525
2026-06-15T20:10Z,Morocco,0.051,0.0215
2026-06-15T20:10Z,Belgium,0.03,0.0175
2026-06-15T20:10Z,Colombia,0.027,0.0155
2026-06-15T20:10Z,England,0.11,0.1035
2026-06-15T20:10Z,Croatia,0.015,0.0085
2026-06-15T20:10Z,Senegal,0.011,0.0065
2026-06-15T20:10Z,Canada,0.004,0.0025
2026-06-15T20:10Z,Algeria,0.002,0.0015
2026-06-15T20:10Z,Switzerland,0.009,0.0085
2026-06-15T20:10Z,Iran,0.001,0.0015
2026-06-15T20:10Z,Cape Verde,0.0,0.0005
2026-06-15T20:10Z,Curaçao,0.0,0.0005
2026-06-15T20:10Z,Haiti,0.0,0.0005
2026-06-15T20:10Z,Iraq,0.0,0.0005
2026-06-15T20:10Z,Jordan,0.0,0.0005
2026-06-15T20:10Z,New Zealand,0.0,0.0005
2026-06-15T20:10Z,Panama,0.0,0.0005
2026-06-15T20:10Z,Qatar,0.0,0.0005
2026-06-15T20:10Z,Saudi Arabia,0.0,0.0005
2026-06-15T20:10Z,South Africa,0.0,0.0005
2026-06-15T20:10Z,Tunisia,0.0,0.0005
2026-06-15T20:10Z,Uzbekistan,0.0,0.0005
2026-06-15T20:10Z,Bosnia and Herzegovina,0.0,0.0015
2026-06-15T20:10Z,Czech Republic,0.0,0.0015
2026-06-15T20:10Z,DR Congo,0.0,0.0015
2026-06-15T20:10Z,Ghana,0.0,0.0015
2026-06-15T20:10Z,Paraguay,0.0,0.0015
2026-06-15T20:10Z,Uruguay,0.007,0.0095
2026-06-15T20:10Z,Ivory Coast,0.003,0.0055
2026-06-15T20:10Z,Ecuador,0.002,0.0045
2026-06-15T20:10Z,Australia,0.001,0.0035
2026-06-15T20:10Z,South Korea,0.001,0.0035
2026-06-15T20:10Z,Egypt,0.0,0.0025
2026-06-15T20:10Z,Scotland,0.0,0.0025
2026-06-15T20:10Z,Austria,0.001,0.0045
2026-06-15T20:10Z,Sweden,0.001,0.0055
2026-06-15T20:10Z,Japan,0.01,0.0155
2026-06-15T20:10Z,Norway,0.015,0.0245
2026-06-15T20:10Z,Mexico,0.003,0.0125
2026-06-15T20:10Z,Germany,0.046,0.0635
2026-06-15T20:10Z,United States,0.0,0.0205
2026-06-15T20:10Z,Brazil,0.045,0.0665
2026-06-15T20:10Z,Netherlands,0.025,0.0515
2026-06-15T20:10Z,Portugal,0.079,0.1075
2026-06-15T20:10Z,France,0.082,0.1685
2026-06-15T22:35Z,Argentina,0.195,0.0835
2026-06-15T22:35Z,Spain,0.224,0.1465
2026-06-15T22:35Z,Morocco,0.051,0.0215
2026-06-15T22:35Z,Belgium,0.032,0.0175
2026-06-15T22:35Z,Colombia,0.028,0.0155
2026-06-15T22:35Z,England,0.11,0.1055
2026-06-15T22:35Z,Algeria,0.003,0.0015
2026-06-15T22:35Z,Senegal,0.006,0.0065
2026-06-15T22:35Z,Iran,0.001,0.0015
2026-06-15T22:35Z,Cape Verde,0.0,0.0005
2026-06-15T22:35Z,Curaçao,0.0,0.0005
2026-06-15T22:35Z,Haiti,0.0,0.0005
2026-06-15T22:35Z,Iraq,0.0,0.0005
2026-06-15T22:35Z,Jordan,0.0,0.0005
2026-06-15T22:35Z,New Zealand,0.0,0.0005
2026-06-15T22:35Z,Panama,0.0,0.0005
2026-06-15T22:35Z,Qatar,0.0,0.0005
2026-06-15T22:35Z,Saudi Arabia,0.0,0.0005
2026-06-15T22:35Z,South Africa,0.0,0.0005
2026-06-15T22:35Z,Tunisia,0.0,0.0005
2026-06-15T22:35Z,Uzbekistan,0.0,0.0005
2026-06-15T22:35Z,Ecuador,0.003,0.0045
2026-06-15T22:35Z,Bosnia and Herzegovina,0.0,0.0015
2026-06-15T22:35Z,Czech Republic,0.0,0.0015
2026-06-15T22:35Z,DR Congo,0.0,0.0015
2026-06-15T22:35Z,Ghana,0.0,0.0015
2026-06-15T22:35Z,Paraguay,0.0,0.0015
2026-06-15T22:35Z,Switzerland,0.007,0.0085
2026-06-15T22:35Z,Uruguay,0.011,0.0125
2026-06-15T22:35Z,Austria,0.002,0.0045
2026-06-15T22:35Z,Canada,0.0,0.0025
2026-06-15T22:35Z,Egypt,0.0,0.0025
2026-06-15T22:35Z,Scotland,0.0,0.0025
2026-06-15T22:35Z,Croatia,0.006,0.0085
2026-06-15T22:35Z,Australia,0.0,0.0035
2026-06-15T22:35Z,South Korea,0.0,0.0035
2026-06-15T22:35Z,Japan,0.014,0.0185
2026-06-15T22:35Z,Ivory Coast,0.001,0.0055
2026-06-15T22:35Z,Sweden,0.001,0.0055
2026-06-15T22:35Z,Mexico,0.002,0.0125
2026-06-15T22:35Z,Brazil,0.054,0.0665
2026-06-15T22:35Z,Norway,0.011,0.0245
2026-06-15T22:35Z,Netherlands,0.025,0.0455
2026-06-15T22:35Z,United States,0.0,0.0205
2026-06-15T22:35Z,Germany,0.043,0.0635
2026-06-15T22:35Z,Portugal,0.08,0.1075
2026-06-15T22:35Z,France,0.088,0.1685
2026-06-16T00:19Z,Argentina,0.233,0.0845
2026-06-16T00:19Z,Spain,0.202,0.1465
2026-06-16T00:19Z,Morocco,0.056,0.0215
2026-06-16T00:19Z,Belgium,0.035,0.0175
2026-06-16T00:19Z,Colombia,0.02,0.0155
2026-06-16T00:19Z,Croatia,0.012,0.0085
2026-06-16T00:19Z,Algeria,0.003,0.0015
2026-06-16T00:19Z,Senegal,0.007,0.0065
2026-06-16T00:19Z,Ecuador,0.004,0.0045
2026-06-16T00:19Z,Paraguay,0.001,0.0015
2026-06-16T00:19Z,Cape Verde,0.0,0.0005
2026-06-16T00:19Z,Curaçao,0.0,0.0005
2026-06-16T00:19Z,Haiti,0.0,0.0005
2026-06-16T00:19Z,Iraq,0.0,0.0005
2026-06-16T00:19Z,Jordan,0.0,0.0005
2026-06-16T00:19Z,New Zealand,0.0,0.0005
2026-06-16T00:19Z,Panama,0.0,0.0005
2026-06-16T00:19Z,Qatar,0.0,0.0005
2026-06-16T00:19Z,Saudi Arabia,0.0,0.0005
2026-06-16T00:19Z,South Africa,0.0,0.0005
2026-06-16T00:19Z,Tunisia,0.0,0.0005
2026-06-16T00:19Z,Uzbekistan,0.0,0.0005
2026-06-16T00:19Z,Uruguay,0.005,0.0065
2026-06-16T00:19Z,Australia,0.002,0.0035
2026-06-16T00:19Z,Scotland,0.001,0.0025
2026-06-16T00:19Z,Bosnia and Herzegovina,0.0,0.0015
2026-06-16T00:19Z,Czech Republic,0.0,0.0015
2026-06-16T00:19Z,DR Congo,0.0,0.0015
2026-06-16T00:19Z,Ghana,0.0,0.0015
2026-06-16T00:19Z,Iran,0.0,0.0015
2026-06-16T00:19Z,South Korea,0.001,0.0035
2026-06-16T00:19Z,Canada,0.0,0.0025
2026-06-16T00:19Z,Egypt,0.0,0.0025
2026-06-16T00:19Z,Ivory Coast,0.002,0.0055
2026-06-16T00:19Z,Switzerland,0.005,0.0085
2026-06-16T00:19Z,England,0.102,0.1055
2026-06-16T00:19Z,Austria,0.0,0.0045
2026-06-16T00:19Z,Japan,0.013,0.0185
2026-06-16T00:19Z,Sweden,0.0,0.0055
2026-06-16T00:19Z,Mexico,0.003,0.0125
2026-06-16T00:19Z,Netherlands,0.034,0.0445
2026-06-16T00:19Z,Portugal,0.091,0.1075
2026-06-16T00:19Z,Norway,0.006,0.0245
2026-06-16T00:19Z,United States,0.002,0.0205
2026-06-16T00:19Z,Brazil,0.043,0.0665
2026-06-16T00:19Z,Germany,0.039,0.0635
2026-06-16T00:19Z,France,0.077,0.1715
2026-06-16T05:41Z,Argentina,0.24,0.0845
2026-06-16T05:41Z,Spain,0.222,0.1465
2026-06-16T05:41Z,Morocco,0.053,0.0215
2026-06-16T05:41Z,Belgium,0.026,0.0175
2026-06-16T05:41Z,Colombia,0.017,0.0155
2026-06-16T05:41Z,Ivory Coast,0.007,0.0055
2026-06-16T05:41Z,Algeria,0.003,0.0015
2026-06-16T05:41Z,Croatia,0.009,0.0085
2026-06-16T05:41Z,Cape Verde,0.0,0.0005
2026-06-16T05:41Z,Curaçao,0.0,0.0005
2026-06-16T05:41Z,Haiti,0.0,0.0005
2026-06-16T05:41Z,Iran,0.0,0.0005
2026-06-16T05:41Z,Iraq,0.0,0.0005
2026-06-16T05:41Z,Jordan,0.0,0.0005
2026-06-16T05:41Z,New Zealand,0.0,0.0005
2026-06-16T05:41Z,Panama,0.0,0.0005
2026-06-16T05:41Z,Qatar,0.0,0.0005
2026-06-16T05:41Z,Saudi Arabia,0.0,0.0005
2026-06-16T05:41Z,South Africa,0.0,0.0005
2026-06-16T05:41Z,Tunisia,0.0,0.0005
2026-06-16T05:41Z,Uzbekistan,0.0,0.0005
2026-06-16T05:41Z,Senegal,0.005,0.0065
2026-06-16T05:41Z,Ecuador,0.003,0.0045
2026-06-16T05:41Z,Canada,0.001,0.0025
2026-06-16T05:41Z,Scotland,0.001,0.0025
2026-06-16T05:41Z,Bosnia and Herzegovina,0.0,0.0015
2026-06-16T05:41Z,Czech Republic,0.0,0.0015
2026-06-16T05:41Z,DR Congo,0.0,0.0015
2026-06-16T05:41Z,Ghana,0.0,0.0015
2026-06-16T05:41Z,Paraguay,0.0,0.0015
2026-06-16T05:41Z,Austria,0.002,0.0045
2026-06-16T05:41Z,Australia,0.001,0.0035
2026-06-16T05:41Z,Egypt,0.0,0.0025
2026-06-16T05:41Z,Switzerland,0.006,0.0085
2026-06-16T05:41Z,Uruguay,0.003,0.0065
2026-06-16T05:41Z,South Korea,0.0,0.0035
2026-06-16T05:41Z,Sweden,0.001,0.0055
2026-06-16T05:41Z,England,0.099,0.1055
2026-06-16T05:41Z,Mexico,0.002,0.0125
2026-06-16T05:41Z,Portugal,0.095,0.1075
2026-06-16T05:41Z,Japan,0.006,0.0185
2026-06-16T05:41Z,Norway,0.012,0.0245
2026-06-16T05:41Z,United States,0.001,0.0205
2026-06-16T05:41Z,Brazil,0.047,0.0665
2026-06-16T05:41Z,Netherlands,0.026,0.049
2026-06-16T05:41Z,Germany,0.031,0.0635
2026-06-16T05:41Z,France,0.081,0.1755
2026-06-16T10:33Z,Argentina,0.24,0.0925
2026-06-16T10:33Z,Spain,0.222,0.1415
2026-06-16T10:33Z,Morocco,0.053,0.0215
2026-06-16T10:33Z,Belgium,0.026,0.0175
2026-06-16T10:33Z,Colombia,0.017,0.0155
2026-06-16T10:33Z,Ivory Coast,0.007,0.0055
2026-06-16T10:33Z,Algeria,0.003,0.0015
2026-06-16T10:33Z,Croatia,0.009,0.0085
2026-06-16T10:33Z,Cape Verde,0.0,0.0005
2026-06-16T10:33Z,Curaçao,0.0,0.0005
2026-06-16T10:33Z,Haiti,0.0,0.0005
2026-06-16T10:33Z,Iran,0.0,0.0005
2026-06-16T10:33Z,Iraq,0.0,0.0005
2026-06-16T10:33Z,Jordan,0.0,0.0005
2026-06-16T10:33Z,New Zealand,0.0,0.0005
2026-06-16T10:33Z,Panama,0.0,0.0005
2026-06-16T10:33Z,Qatar,0.0,0.0005
2026-06-16T10:33Z,Saudi Arabia,0.0,0.0005
2026-06-16T10:33Z,South Africa,0.0,0.0005
2026-06-16T10:33Z,Tunisia,0.0,0.0005
2026-06-16T10:33Z,Uzbekistan,0.0,0.0005
2026-06-16T10:33Z,Senegal,0.005,0.0065
2026-06-16T10:33Z,Ecuador,0.003,0.0045
2026-06-16T10:33Z,Canada,0.001,0.0025
2026-06-16T10:33Z,Scotland,0.001,0.0025
2026-06-16T10:33Z,Bosnia and Herzegovina,0.0,0.0015
2026-06-16T10:33Z,Czech Republic,0.0,0.0015
2026-06-16T10:33Z,DR Congo,0.0,0.0015
2026-06-16T10:33Z,Ghana,0.0,0.0015
2026-06-16T10:33Z,Paraguay,0.0,0.0015
2026-06-16T10:33Z,Austria,0.002,0.0045
2026-06-16T10:33Z,Australia,0.001,0.0035
2026-06-16T10:33Z,Egypt,0.0,0.0025
2026-06-16T10:33Z,Switzerland,0.006,0.0085
2026-06-16T10:33Z,Uruguay,0.003,0.0065
2026-06-16T10:33Z,South Korea,0.0,0.0035
2026-06-16T10:33Z,Sweden,0.001,0.0055
2026-06-16T10:33Z,England,0.099,0.1055
2026-06-16T10:33Z,Mexico,0.002,0.0125
2026-06-16T10:33Z,Portugal,0.095,0.1075
2026-06-16T10:33Z,Japan,0.006,0.0185
2026-06-16T10:33Z,Norway,0.012,0.0245
2026-06-16T10:33Z,Netherlands,0.026,0.0455
2026-06-16T10:33Z,United States,0.001,0.0205
2026-06-16T10:33Z,Brazil,0.047,0.0665
2026-06-16T10:33Z,Germany,0.031,0.0635
2026-06-16T10:33Z,France,0.081,0.1765
2026-06-16T10:48Z,Argentina,0.24,0.0925
2026-06-16T10:48Z,Spain,0.222,0.1415
2026-06-16T10:48Z,Morocco,0.053,0.0215
2026-06-16T10:48Z,Belgium,0.026,0.0175
2026-06-16T10:48Z,Colombia,0.017,0.0155
2026-06-16T10:48Z,Ivory Coast,0.007,0.0055
2026-06-16T10:48Z,Algeria,0.003,0.0015
2026-06-16T10:48Z,Croatia,0.009,0.0085
2026-06-16T10:48Z,Cape Verde,0.0,0.0005
2026-06-16T10:48Z,Curaçao,0.0,0.0005
2026-06-16T10:48Z,Haiti,0.0,0.0005
2026-06-16T10:48Z,Iran,0.0,0.0005
2026-06-16T10:48Z,Iraq,0.0,0.0005
2026-06-16T10:48Z,Jordan,0.0,0.0005
2026-06-16T10:48Z,New Zealand,0.0,0.0005
2026-06-16T10:48Z,Panama,0.0,0.0005
2026-06-16T10:48Z,Qatar,0.0,0.0005
2026-06-16T10:48Z,Saudi Arabia,0.0,0.0005
2026-06-16T10:48Z,South Africa,0.0,0.0005
2026-06-16T10:48Z,Tunisia,0.0,0.0005
2026-06-16T10:48Z,Uzbekistan,0.0,0.0005
2026-06-16T10:48Z,Senegal,0.005,0.0065
2026-06-16T10:48Z,Ecuador,0.003,0.0045
2026-06-16T10:48Z,Canada,0.001,0.0025
2026-06-16T10:48Z,Scotland,0.001,0.0025
2026-06-16T10:48Z,Bosnia and Herzegovina,0.0,0.0015
2026-06-16T10:48Z,Czech Republic,0.0,0.0015
2026-06-16T10:48Z,DR Congo,0.0,0.0015
2026-06-16T10:48Z,Ghana,0.0,0.0015
2026-06-16T10:48Z,Paraguay,0.0,0.0015
2026-06-16T10:48Z,Austria,0.002,0.0045
2026-06-16T10:48Z,Australia,0.001,0.0035
2026-06-16T10:48Z,Egypt,0.0,0.0025
2026-06-16T10:48Z,Switzerland,0.006,0.0085
2026-06-16T10:48Z,Uruguay,0.003,0.0065
2026-06-16T10:48Z,South Korea,0.0,0.0035
2026-06-16T10:48Z,Sweden,0.001,0.0055
2026-06-16T10:48Z,England,0.099,0.1055
2026-06-16T10:48Z,Mexico,0.002,0.0125
2026-06-16T10:48Z,Portugal,0.095,0.1075
2026-06-16T10:48Z,Japan,0.006,0.0185
2026-06-16T10:48Z,Norway,0.012,0.0245
2026-06-16T10:48Z,Netherlands,0.026,0.0455
2026-06-16T10:48Z,United States,0.001,0.0205
2026-06-16T10:48Z,Brazil,0.047,0.0665
2026-06-16T10:48Z,Germany,0.031,0.0635
2026-06-16T10:48Z,France,0.081,0.1765
2026-06-16T11:02Z,Argentina,0.24,0.0925
2026-06-16T11:02Z,Spain,0.222,0.1415
2026-06-16T11:02Z,Morocco,0.053,0.0215
2026-06-16T11:02Z,Belgium,0.026,0.0175
2026-06-16T11:02Z,Colombia,0.017,0.0155
2026-06-16T11:02Z,Ivory Coast,0.007,0.0055
2026-06-16T11:02Z,Algeria,0.003,0.0015
2026-06-16T11:02Z,Croatia,0.009,0.0085
2026-06-16T11:02Z,Cape Verde,0.0,0.0005
2026-06-16T11:02Z,Curaçao,0.0,0.0005
2026-06-16T11:02Z,Haiti,0.0,0.0005
2026-06-16T11:02Z,Iran,0.0,0.0005
2026-06-16T11:02Z,Iraq,0.0,0.0005
2026-06-16T11:02Z,Jordan,0.0,0.0005
2026-06-16T11:02Z,New Zealand,0.0,0.0005
2026-06-16T11:02Z,Panama,0.0,0.0005
2026-06-16T11:02Z,Qatar,0.0,0.0005
2026-06-16T11:02Z,Saudi Arabia,0.0,0.0005
2026-06-16T11:02Z,South Africa,0.0,0.0005
2026-06-16T11:02Z,Tunisia,0.0,0.0005
2026-06-16T11:02Z,Uzbekistan,0.0,0.0005
2026-06-16T11:02Z,Senegal,0.005,0.0065
2026-06-16T11:02Z,Ecuador,0.003,0.0045
2026-06-16T11:02Z,Canada,0.001,0.0025
2026-06-16T11:02Z,Scotland,0.001,0.0025
2026-06-16T11:02Z,Bosnia and Herzegovina,0.0,0.0015
2026-06-16T11:02Z,Czech Republic,0.0,0.0015
2026-06-16T11:02Z,DR Congo,0.0,0.0015
2026-06-16T11:02Z,Ghana,0.0,0.0015
2026-06-16T11:02Z,Paraguay,0.0,0.0015
2026-06-16T11:02Z,Austria,0.002,0.0045
2026-06-16T11:02Z,Australia,0.001,0.0035
2026-06-16T11:02Z,Egypt,0.0,0.0025
2026-06-16T11:02Z,Switzerland,0.006,0.0085
2026-06-16T11:02Z,Uruguay,0.003,0.0065
2026-06-16T11:02Z,South Korea,0.0,0.0035
2026-06-16T11:02Z,Sweden,0.001,0.0055
2026-06-16T11:02Z,England,0.099,0.1055
2026-06-16T11:02Z,Mexico,0.002,0.0125
2026-06-16T11:02Z,Portugal,0.095,0.1075
2026-06-16T11:02Z,Japan,0.006,0.0185
2026-06-16T11:02Z,Norway,0.012,0.0245
2026-06-16T11:02Z,Netherlands,0.026,0.0455
2026-06-16T11:02Z,United States,0.001,0.0205
2026-06-16T11:02Z,Brazil,0.047,0.0665
2026-06-16T11:02Z,Germany,0.031,0.0635
2026-06-16T11:02Z,France,0.081,0.1765
2026-06-16T11:59Z,Argentina,0.24,0.0925
2026-06-16T11:59Z,Spain,0.222,0.1405
2026-06-16T11:59Z,Morocco,0.053,0.0215
2026-06-16T11:59Z,Belgium,0.026,0.0175
2026-06-16T11:59Z,Colombia,0.017,0.0155
2026-06-16T11:59Z,Ivory Coast,0.007,0.0055
2026-06-16T11:59Z,Algeria,0.003,0.0015
2026-06-16T11:59Z,Croatia,0.009,0.0085
2026-06-16T11:59Z,Cape Verde,0.0,0.0005
2026-06-16T11:59Z,Curaçao,0.0,0.0005
2026-06-16T11:59Z,DR Congo,0.0,0.0005
2026-06-16T11:59Z,Haiti,0.0,0.0005
2026-06-16T11:59Z,Iran,0.0,0.0005
2026-06-16T11:59Z,Iraq,0.0,0.0005
2026-06-16T11:59Z,Jordan,0.0,0.0005
2026-06-16T11:59Z,New Zealand,0.0,0.0005
2026-06-16T11:59Z,Panama,0.0,0.0005
2026-06-16T11:59Z,Qatar,0.0,0.0005
2026-06-16T11:59Z,Saudi Arabia,0.0,0.0005
2026-06-16T11:59Z,South Africa,0.0,0.0005
2026-06-16T11:59Z,Tunisia,0.0,0.0005
2026-06-16T11:59Z,Uzbekistan,0.0,0.0005
2026-06-16T11:59Z,Senegal,0.005,0.0065
2026-06-16T11:59Z,Ecuador,0.003,0.0045
2026-06-16T11:59Z,Canada,0.001,0.0025
2026-06-16T11:59Z,Scotland,0.001,0.0025
2026-06-16T11:59Z,Bosnia and Herzegovina,0.0,0.0015
2026-06-16T11:59Z,Czech Republic,0.0,0.0015
2026-06-16T11:59Z,Ghana,0.0,0.0015
2026-06-16T11:59Z,Paraguay,0.0,0.0015
2026-06-16T11:59Z,Austria,0.002,0.0045
2026-06-16T11:59Z,Egypt,0.0,0.0025
2026-06-16T11:59Z,Switzerland,0.006,0.0085
2026-06-16T11:59Z,Uruguay,0.003,0.0065
2026-06-16T11:59Z,South Korea,0.0,0.0035
2026-06-16T11:59Z,Australia,0.001,0.0055
2026-06-16T11:59Z,Sweden,0.001,0.0055
2026-06-16T11:59Z,England,0.099,0.1055
2026-06-16T11:59Z,Portugal,0.095,0.1075
2026-06-16T11:59Z,Japan,0.006,0.0185
2026-06-16T11:59Z,Norway,0.012,0.0245
2026-06-16T11:59Z,Mexico,0.002,0.0145
2026-06-16T11:59Z,Netherlands,0.026,0.0455
2026-06-16T11:59Z,United States,0.001,0.0205
2026-06-16T11:59Z,Brazil,0.047,0.0665
2026-06-16T11:59Z,Germany,0.031,0.0635
2026-06-16T11:59Z,France,0.081,0.1765
2026-06-16T13:52Z,Argentina,0.24,0.0965
2026-06-16T13:52Z,Spain,0.222,0.1385
2026-06-16T13:52Z,Morocco,0.053,0.0215
2026-06-16T13:52Z,Belgium,0.026,0.0175
2026-06-16T13:52Z,Colombia,0.017,0.0155
2026-06-16T13:52Z,Ivory Coast,0.007,0.0055
2026-06-16T13:52Z,Algeria,0.003,0.0015
2026-06-16T13:52Z,Croatia,0.009,0.0085
2026-06-16T13:52Z,Cape Verde,0.0,0.0005
2026-06-16T13:52Z,Curaçao,0.0,0.0005
2026-06-16T13:52Z,DR Congo,0.0,0.0005
2026-06-16T13:52Z,Haiti,0.0,0.0005
2026-06-16T13:52Z,Iran,0.0,0.0005
2026-06-16T13:52Z,Iraq,0.0,0.0005
2026-06-16T13:52Z,Jordan,0.0,0.0005
2026-06-16T13:52Z,New Zealand,0.0,0.0005
2026-06-16T13:52Z,Panama,0.0,0.0005
2026-06-16T13:52Z,Qatar,0.0,0.0005
2026-06-16T13:52Z,Saudi Arabia,0.0,0.0005
2026-06-16T13:52Z,South Africa,0.0,0.0005
2026-06-16T13:52Z,Tunisia,0.0,0.0005
2026-06-16T13:52Z,Uzbekistan,0.0,0.0005
2026-06-16T13:52Z,Senegal,0.005,0.0065
2026-06-16T13:52Z,Ecuador,0.003,0.0045
2026-06-16T13:52Z,Canada,0.001,0.0025
2026-06-16T13:52Z,Scotland,0.001,0.0025
2026-06-16T13:52Z,Bosnia and Herzegovina,0.0,0.0015
2026-06-16T13:52Z,Czech Republic,0.0,0.0015
2026-06-16T13:52Z,Ghana,0.0,0.0015
2026-06-16T13:52Z,Paraguay,0.0,0.0015
2026-06-16T13:52Z,Austria,0.002,0.0045
2026-06-16T13:52Z,Egypt,0.0,0.0025
2026-06-16T13:52Z,Switzerland,0.006,0.0085
2026-06-16T13:52Z,Uruguay,0.003,0.0065
2026-06-16T13:52Z,Australia,0.001,0.0045
2026-06-16T13:52Z,South Korea,0.0,0.0035
2026-06-16T13:52Z,Sweden,0.001,0.0055
2026-06-16T13:52Z,England,0.099,0.1055
2026-06-16T13:52Z,Portugal,0.095,0.1075
2026-06-16T13:52Z,Japan,0.006,0.0185
2026-06-16T13:52Z,Norway,0.012,0.0245
2026-06-16T13:52Z,Mexico,0.002,0.0145
2026-06-16T13:52Z,Netherlands,0.026,0.0455
2026-06-16T13:52Z,United States,0.001,0.0205
2026-06-16T13:52Z,Brazil,0.047,0.0665
2026-06-16T13:52Z,Germany,0.031,0.0635
2026-06-16T13:52Z,France,0.081,0.1745
2026-06-16T15:35Z,Argentina,0.24,0.0965
2026-06-16T15:35Z,Spain,0.222,0.1385
2026-06-16T15:35Z,Morocco,0.053,0.0215
2026-06-16T15:35Z,Belgium,0.026,0.0175
2026-06-16T15:35Z,Colombia,0.017,0.0155
2026-06-16T15:35Z,Ivory Coast,0.007,0.0055
2026-06-16T15:35Z,Algeria,0.003,0.0015
2026-06-16T15:35Z,Croatia,0.009,0.0085
2026-06-16T15:35Z,Cape Verde,0.0,0.0005
2026-06-16T15:35Z,Curaçao,0.0,0.0005
2026-06-16T15:35Z,DR Congo,0.0,0.0005
2026-06-16T15:35Z,Haiti,0.0,0.0005
2026-06-16T15:35Z,Iran,0.0,0.0005
2026-06-16T15:35Z,Iraq,0.0,0.0005
2026-06-16T15:35Z,Jordan,0.0,0.0005
2026-06-16T15:35Z,New Zealand,0.0,0.0005
2026-06-16T15:35Z,Panama,0.0,0.0005
2026-06-16T15:35Z,Qatar,0.0,0.0005
2026-06-16T15:35Z,Saudi Arabia,0.0,0.0005
2026-06-16T15:35Z,South Africa,0.0,0.0005
2026-06-16T15:35Z,Tunisia,0.0,0.0005
2026-06-16T15:35Z,Uzbekistan,0.0,0.0005
2026-06-16T15:35Z,Senegal,0.005,0.0065
2026-06-16T15:35Z,Ecuador,0.003,0.0045
2026-06-16T15:35Z,Canada,0.001,0.0025
2026-06-16T15:35Z,Scotland,0.001,0.0025
2026-06-16T15:35Z,Bosnia and Herzegovina,0.0,0.0015
2026-06-16T15:35Z,Czech Republic,0.0,0.0015
2026-06-16T15:35Z,Ghana,0.0,0.0015
2026-06-16T15:35Z,Paraguay,0.0,0.0015
2026-06-16T15:35Z,Austria,0.002,0.0045
2026-06-16T15:35Z,Egypt,0.0,0.0025
2026-06-16T15:35Z,Switzerland,0.006,0.0085
2026-06-16T15:35Z,Uruguay,0.003,0.0065
2026-06-16T15:35Z,Australia,0.001,0.0045
2026-06-16T15:35Z,South Korea,0.0,0.0035
2026-06-16T15:35Z,Sweden,0.001,0.0055
2026-06-16T15:35Z,England,0.099,0.1055
2026-06-16T15:35Z,Japan,0.006,0.0175
2026-06-16T15:35Z,Portugal,0.095,0.1075
2026-06-16T15:35Z,Norway,0.012,0.0245
2026-06-16T15:35Z,Mexico,0.002,0.0145
2026-06-16T15:35Z,Netherlands,0.026,0.0455
2026-06-16T15:35Z,United States,0.001,0.0205
2026-06-16T15:35Z,Brazil,0.047,0.0665
2026-06-16T15:35Z,Germany,0.031,0.0625
2026-06-16T15:35Z,France,0.081,0.1745
2026-06-16T19:10Z,Argentina,0.24,0.0965
2026-06-16T19:10Z,Spain,0.222,0.1385
2026-06-16T19:10Z,Morocco,0.053,0.0255
2026-06-16T19:10Z,Belgium,0.026,0.0175
2026-06-16T19:10Z,Colombia,0.017,0.0155
2026-06-16T19:10Z,Ivory Coast,0.007,0.0055
2026-06-16T19:10Z,Algeria,0.003,0.0015
2026-06-16T19:10Z,Croatia,0.009,0.0085
2026-06-16T19:10Z,Cape Verde,0.0,0.0005
2026-06-16T19:10Z,Curaçao,0.0,0.0005
2026-06-16T19:10Z,Czech Republic,0.0,0.0005
2026-06-16T19:10Z,DR Congo,0.0,0.0005
2026-06-16T19:10Z,Haiti,0.0,0.0005
2026-06-16T19:10Z,Iran,0.0,0.0005
2026-06-16T19:10Z,Iraq,0.0,0.0005
2026-06-16T19:10Z,Jordan,0.0,0.0005
2026-06-16T19:10Z,New Zealand,0.0,0.0005
2026-06-16T19:10Z,Panama,0.0,0.0005
2026-06-16T19:10Z,Qatar,0.0,0.0005
2026-06-16T19:10Z,Saudi Arabia,0.0,0.0005
2026-06-16T19:10Z,South Africa,0.0,0.0005
2026-06-16T19:10Z,Tunisia,0.0,0.0005
2026-06-16T19:10Z,Uzbekistan,0.0,0.0005
2026-06-16T19:10Z,Senegal,0.005,0.0065
2026-06-16T19:10Z,Ecuador,0.003,0.0045
2026-06-16T19:10Z,Canada,0.001,0.0025
2026-06-16T19:10Z,Scotland,0.001,0.0025
2026-06-16T19:10Z,Bosnia and Herzegovina,0.0,0.0015
2026-06-16T19:10Z,Ghana,0.0,0.0015
2026-06-16T19:10Z,Paraguay,0.0,0.0015
2026-06-16T19:10Z,Austria,0.002,0.0045
2026-06-16T19:10Z,Egypt,0.0,0.0025
2026-06-16T19:10Z,Switzerland,0.006,0.0085
2026-06-16T19:10Z,Uruguay,0.003,0.0065
2026-06-16T19:10Z,Australia,0.001,0.0045
2026-06-16T19:10Z,South Korea,0.0,0.0035
2026-06-16T19:10Z,Sweden,0.001,0.0055
2026-06-16T19:10Z,England,0.099,0.1075
2026-06-16T19:10Z,Japan,0.006,0.0175
2026-06-16T19:10Z,Portugal,0.095,0.1075
2026-06-16T19:10Z,Mexico,0.002,0.0145
2026-06-16T19:10Z,Norway,0.012,0.0265
2026-06-16T19:10Z,Netherlands,0.026,0.0455
2026-06-16T19:10Z,United States,0.001,0.0205
2026-06-16T19:10Z,Brazil,0.047,0.0665
2026-06-16T19:10Z,Germany,0.031,0.0615
2026-06-16T19:10Z,France,0.081,0.1825
2026-06-16T21:54Z,Argentina,0.209,0.1105
2026-06-16T21:54Z,Spain,0.201,0.1375
2026-06-16T21:54Z,Morocco,0.05,0.0235
2026-06-16T21:54Z,England,0.12,0.1055
2026-06-16T21:54Z,Belgium,0.028,0.0175
2026-06-16T21:54Z,Colombia,0.022,0.0155
2026-06-16T21:54Z,Australia,0.007,0.0045
2026-06-16T21:54Z,Croatia,0.011,0.0085
2026-06-16T21:54Z,Austria,0.005,0.0045
2026-06-16T21:54Z,Algeria,0.002,0.0015
2026-06-16T21:54Z,Switzerland,0.009,0.0085
2026-06-16T21:54Z,Japan,0.018,0.0175
2026-06-16T21:54Z,Ecuador,0.004,0.0045
2026-06-16T21:54Z,Cape Verde,0.0,0.0005
2026-06-16T21:54Z,Curaçao,0.0,0.0005
2026-06-16T21:54Z,Czech Republic,0.0,0.0005
2026-06-16T21:54Z,DR Congo,0.0,0.0005
2026-06-16T21:54Z,Haiti,0.0,0.0005
2026-06-16T21:54Z,Iran,0.0,0.0005
2026-06-16T21:54Z,Iraq,0.0,0.0005
2026-06-16T21:54Z,Jordan,0.0,0.0005
2026-06-16T21:54Z,New Zealand,0.0,0.0005
2026-06-16T21:54Z,Panama,0.0,0.0005
2026-06-16T21:54Z,Qatar,0.0,0.0005
2026-06-16T21:54Z,Saudi Arabia,0.0,0.0005
2026-06-16T21:54Z,South Africa,0.0,0.0005
2026-06-16T21:54Z,Tunisia,0.0,0.0005
2026-06-16T21:54Z,Uzbekistan,0.0,0.0005
2026-06-16T21:54Z,Canada,0.001,0.0025
2026-06-16T21:54Z,Bosnia and Herzegovina,0.0,0.0015
2026-06-16T21:54Z,Ghana,0.0,0.0015
2026-06-16T21:54Z,Paraguay,0.0,0.0015
2026-06-16T21:54Z,Uruguay,0.004,0.0065
2026-06-16T21:54Z,Ivory Coast,0.003,0.0055
2026-06-16T21:54Z,Egypt,0.0,0.0025
2026-06-16T21:54Z,Scotland,0.0,0.0025
2026-06-16T21:54Z,South Korea,0.0,0.0035
2026-06-16T21:54Z,Senegal,0.002,0.0065
2026-06-16T21:54Z,Sweden,0.001,0.0055
2026-06-16T21:54Z,Mexico,0.004,0.0145
2026-06-16T21:54Z,Netherlands,0.029,0.0455
2026-06-16T21:54Z,United States,0.002,0.0215
2026-06-16T21:54Z,Portugal,0.082,0.1035
2026-06-16T21:54Z,Norway,0.007,0.0285
2026-06-16T21:54Z,Brazil,0.041,0.0665
2026-06-16T21:54Z,Germany,0.029,0.0605
2026-06-16T21:54Z,France,0.108,0.1865
2026-06-16T23:22Z,Argentina,0.209,0.1015
2026-06-16T23:22Z,Spain,0.201,0.1325
2026-06-16T23:22Z,Morocco,0.05,0.0225
2026-06-16T23:22Z,England,0.12,0.1045
2026-06-16T23:22Z,Belgium,0.028,0.0175
2026-06-16T23:22Z,Colombia,0.022,0.0155
2026-06-16T23:22Z,Australia,0.007,0.0045
2026-06-16T23:22Z,Croatia,0.011,0.0085
2026-06-16T23:22Z,Japan,0.018,0.0165
2026-06-16T23:22Z,Austria,0.005,0.0045
2026-06-16T23:22Z,Algeria,0.002,0.0015
2026-06-16T23:22Z,Switzerland,0.009,0.0085
2026-06-16T23:22Z,Ecuador,0.004,0.0045
2026-06-16T23:22Z,Cape Verde,0.0,0.0005
2026-06-16T23:22Z,Curaçao,0.0,0.0005
2026-06-16T23:22Z,Czech Republic,0.0,0.0005
2026-06-16T23:22Z,DR Congo,0.0,0.0005
2026-06-16T23:22Z,Haiti,0.0,0.0005
2026-06-16T23:22Z,Iran,0.0,0.0005
2026-06-16T23:22Z,Iraq,0.0,0.0005
2026-06-16T23:22Z,Jordan,0.0,0.0005
2026-06-16T23:22Z,New Zealand,0.0,0.0005
2026-06-16T23:22Z,Panama,0.0,0.0005
2026-06-16T23:22Z,Qatar,0.0,0.0005
2026-06-16T23:22Z,Saudi Arabia,0.0,0.0005
2026-06-16T23:22Z,South Africa,0.0,0.0005
2026-06-16T23:22Z,Tunisia,0.0,0.0005
2026-06-16T23:22Z,Uzbekistan,0.0,0.0005
2026-06-16T23:22Z,Canada,0.001,0.0025
2026-06-16T23:22Z,Bosnia and Herzegovina,0.0,0.0015
2026-06-16T23:22Z,Ghana,0.0,0.0015
2026-06-16T23:22Z,Paraguay,0.0,0.0015
2026-06-16T23:22Z,Uruguay,0.004,0.0065
2026-06-16T23:22Z,Ivory Coast,0.003,0.0055
2026-06-16T23:22Z,Egypt,0.0,0.0025
2026-06-16T23:22Z,Scotland,0.0,0.0025
2026-06-16T23:22Z,South Korea,0.0,0.0035
2026-06-16T23:22Z,Senegal,0.002,0.0065
2026-06-16T23:22Z,Sweden,0.001,0.0055
2026-06-16T23:22Z,Mexico,0.004,0.0145
2026-06-16T23:22Z,Netherlands,0.029,0.0455
2026-06-16T23:22Z,Portugal,0.082,0.1005
2026-06-16T23:22Z,United States,0.002,0.0215
2026-06-16T23:22Z,Norway,0.007,0.0265
2026-06-16T23:22Z,Brazil,0.041,0.0665
2026-06-16T23:22Z,Germany,0.029,0.0585
2026-06-16T23:22Z,France,0.108,0.1805
2026-06-17T01:48Z,Argentina,0.215,0.1095
2026-06-17T01:48Z,Spain,0.205,0.1325
2026-06-17T01:48Z,Morocco,0.042,0.0255
2026-06-17T01:48Z,England,0.119,0.1045
2026-06-17T01:48Z,Belgium,0.028,0.0175
2026-06-17T01:48Z,Colombia,0.023,0.0155
2026-06-17T01:48Z,Croatia,0.014,0.0085
2026-06-17T01:48Z,Switzerland,0.01,0.0085
2026-06-17T01:48Z,Australia,0.005,0.0045
2026-06-17T01:48Z,Algeria,0.002,0.0015
2026-06-17T01:48Z,Cape Verde,0.001,0.0005
2026-06-17T01:48Z,Curaçao,0.0,0.0005
2026-06-17T01:48Z,Czech Republic,0.0,0.0005
2026-06-17T01:48Z,DR Congo,0.0,0.0005
2026-06-17T01:48Z,Haiti,0.0,0.0005
2026-06-17T01:48Z,Iran,0.0,0.0005
2026-06-17T01:48Z,Iraq,0.0,0.0005
2026-06-17T01:48Z,Jordan,0.0,0.0005
2026-06-17T01:48Z,New Zealand,0.0,0.0005
2026-06-17T01:48Z,Panama,0.0,0.0005
2026-06-17T01:48Z,Qatar,0.0,0.0005
2026-06-17T01:48Z,Saudi Arabia,0.0,0.0005
2026-06-17T01:48Z,South Africa,0.0,0.0005
2026-06-17T01:48Z,Tunisia,0.0,0.0005
2026-06-17T01:48Z,Uzbekistan,0.0,0.0005
2026-06-17T01:48Z,Ecuador,0.003,0.0045
2026-06-17T01:48Z,Bosnia and Herzegovina,0.0,0.0015
2026-06-17T01:48Z,Ghana,0.0,0.0015
2026-06-17T01:48Z,Paraguay,0.0,0.0015
2026-06-17T01:48Z,Uruguay,0.004,0.0065
2026-06-17T01:48Z,Canada,0.0,0.0025
2026-06-17T01:48Z,Egypt,0.0,0.0025
2026-06-17T01:48Z,Scotland,0.0,0.0025
2026-06-17T01:48Z,Senegal,0.003,0.0065
2026-06-17T01:48Z,Ivory Coast,0.002,0.0055
2026-06-17T01:48Z,South Korea,0.0,0.0035
2026-06-17T01:48Z,Sweden,0.001,0.0055
2026-06-17T01:48Z,Austria,0.0,0.0045
2026-06-17T01:48Z,Brazil,0.058,0.0665
2026-06-17T01:48Z,Netherlands,0.037,0.0455
2026-06-17T01:48Z,Japan,0.005,0.0165
2026-06-17T01:48Z,Mexico,0.003,0.0145
2026-06-17T01:48Z,Norway,0.011,0.0265
2026-06-17T01:48Z,Portugal,0.081,0.1005
2026-06-17T01:48Z,United States,0.001,0.0225
2026-06-17T01:48Z,Germany,0.034,0.0565
2026-06-17T01:48Z,France,0.092,0.1845
2026-06-17T07:06Z,Argentina,0.248,0.1065
2026-06-17T07:06Z,Spain,0.204,0.1325
2026-06-17T07:06Z,Colombia,0.026,0.0155
2026-06-17T07:06Z,Morocco,0.033,0.0235
2026-06-17T07:06Z,England,0.113,0.1045
2026-06-17T07:06Z,Belgium,0.021,0.0165
2026-06-17T07:06Z,Croatia,0.011,0.0075
2026-06-17T07:06Z,Ecuador,0.005,0.0045
2026-06-17T07:06Z,Canada,0.003,0.0025
2026-06-17T07:06Z,Uruguay,0.006,0.0065
2026-06-17T07:06Z,Austria,0.004,0.0045
2026-06-17T07:06Z,Algeria,0.001,0.0015
2026-06-17T07:06Z,Cape Verde,0.0,0.0005
2026-06-17T07:06Z,Curaçao,0.0,0.0005
2026-06-17T07:06Z,Czech Republic,0.0,0.0005
2026-06-17T07:06Z,DR Congo,0.0,0.0005
2026-06-17T07:06Z,Haiti,0.0,0.0005
2026-06-17T07:06Z,Iran,0.0,0.0005
2026-06-17T07:06Z,Iraq,0.0,0.0005
2026-06-17T07:06Z,Jordan,0.0,0.0005
2026-06-17T07:06Z,New Zealand,0.0,0.0005
2026-06-17T07:06Z,Panama,0.0,0.0005
2026-06-17T07:06Z,Qatar,0.0,0.0005
2026-06-17T07:06Z,Saudi Arabia,0.0,0.0005
2026-06-17T07:06Z,South Africa,0.0,0.0005
2026-06-17T07:06Z,Tunisia,0.0,0.0005
2026-06-17T07:06Z,Uzbekistan,0.0,0.0005
2026-06-17T07:06Z,Ivory Coast,0.004,0.0055
2026-06-17T07:06Z,Australia,0.003,0.0045
2026-06-17T07:06Z,Bosnia and Herzegovina,0.0,0.0015
2026-06-17T07:06Z,Ghana,0.0,0.0015
2026-06-17T07:06Z,Paraguay,0.0,0.0015
2026-06-17T07:06Z,Switzerland,0.007,0.0085
2026-06-17T07:06Z,Japan,0.015,0.0165
2026-06-17T07:06Z,Egypt,0.0,0.0025
2026-06-17T07:06Z,Scotland,0.0,0.0025
2026-06-17T07:06Z,South Korea,0.0,0.0035
2026-06-17T07:06Z,Sweden,0.0,0.0055
2026-06-17T07:06Z,Senegal,0.0,0.0065
2026-06-17T07:06Z,Brazil,0.058,0.0665
2026-06-17T07:06Z,Netherlands,0.036,0.0445
2026-06-17T07:06Z,Mexico,0.002,0.0145
2026-06-17T07:06Z,Norway,0.007,0.0255
2026-06-17T07:06Z,United States,0.0,0.0225
2026-06-17T07:06Z,Portugal,0.074,0.1015
2026-06-17T07:06Z,Germany,0.028,0.0565
2026-06-17T07:06Z,France,0.088,0.1845
2026-06-17T12:04Z,Argentina,0.248,0.1205
2026-06-17T12:04Z,Spain,0.204,0.1325
2026-06-17T12:04Z,Colombia,0.026,0.0145
2026-06-17T12:04Z,Morocco,0.033,0.0235
2026-06-17T12:04Z,England,0.113,0.1045
2026-06-17T12:04Z,Belgium,0.021,0.0165
2026-06-17T12:04Z,Croatia,0.011,0.0075
2026-06-17T12:04Z,Ecuador,0.005,0.0045
2026-06-17T12:04Z,Canada,0.003,0.0025
2026-06-17T12:04Z,Uruguay,0.006,0.0065
2026-06-17T12:04Z,Austria,0.004,0.0045
2026-06-17T12:04Z,Algeria,0.001,0.0015
2026-06-17T12:04Z,Cape Verde,0.0,0.0005
2026-06-17T12:04Z,Curaçao,0.0,0.0005
2026-06-17T12:04Z,Czech Republic,0.0,0.0005
2026-06-17T12:04Z,DR Congo,0.0,0.0005
2026-06-17T12:04Z,Haiti,0.0,0.0005
2026-06-17T12:04Z,Iran,0.0,0.0005
2026-06-17T12:04Z,Iraq,0.0,0.0005
2026-06-17T12:04Z,Jordan,0.0,0.0005
2026-06-17T12:04Z,New Zealand,0.0,0.0005
2026-06-17T12:04Z,Panama,0.0,0.0005
2026-06-17T12:04Z,Qatar,0.0,0.0005
2026-06-17T12:04Z,Saudi Arabia,0.0,0.0005
2026-06-17T12:04Z,South Africa,0.0,0.0005
2026-06-17T12:04Z,Tunisia,0.0,0.0005
2026-06-17T12:04Z,Uzbekistan,0.0,0.0005
2026-06-17T12:04Z,Ivory Coast,0.004,0.0055
2026-06-17T12:04Z,Australia,0.003,0.0045
2026-06-17T12:04Z,Bosnia and Herzegovina,0.0,0.0015
2026-06-17T12:04Z,Ghana,0.0,0.0015
2026-06-17T12:04Z,Paraguay,0.0,0.0015
2026-06-17T12:04Z,Switzerland,0.007,0.0085
2026-06-17T12:04Z,Japan,0.015,0.0165
2026-06-17T12:04Z,Egypt,0.0,0.0025
2026-06-17T12:04Z,Scotland,0.0,0.0025
2026-06-17T12:04Z,South Korea,0.0,0.0035
2026-06-17T12:04Z,Sweden,0.0,0.0055
2026-06-17T12:04Z,Senegal,0.0,0.0065
2026-06-17T12:04Z,Brazil,0.058,0.0665
2026-06-17T12:04Z,Netherlands,0.036,0.0445
2026-06-17T12:04Z,Mexico,0.002,0.0145
2026-06-17T12:04Z,Norway,0.007,0.0265
2026-06-17T12:04Z,United States,0.0,0.0225
2026-06-17T12:04Z,Portugal,0.074,0.1025
2026-06-17T12:04Z,Germany,0.028,0.0565
2026-06-17T12:04Z,France,0.088,0.1845
2026-06-17T15:36Z,Argentina,0.248,0.1155
2026-06-17T15:36Z,Spain,0.204,0.1335
2026-06-17T15:36Z,Colombia,0.026,0.0145
2026-06-17T15:36Z,Morocco,0.033,0.0235
2026-06-17T15:36Z,England,0.113,0.1045
2026-06-17T15:36Z,Belgium,0.021,0.0165
2026-06-17T15:36Z,Croatia,0.011,0.0075
2026-06-17T15:36Z,Ecuador,0.005,0.0045
2026-06-17T15:36Z,Canada,0.003,0.0025
2026-06-17T15:36Z,Uruguay,0.006,0.0065
2026-06-17T15:36Z,Austria,0.004,0.0045
2026-06-17T15:36Z,Algeria,0.001,0.0015
2026-06-17T15:36Z,Cape Verde,0.0,0.0005
2026-06-17T15:36Z,Curaçao,0.0,0.0005
2026-06-17T15:36Z,Czech Republic,0.0,0.0005
2026-06-17T15:36Z,DR Congo,0.0,0.0005
2026-06-17T15:36Z,Haiti,0.0,0.0005
2026-06-17T15:36Z,Iran,0.0,0.0005
2026-06-17T15:36Z,Iraq,0.0,0.0005
2026-06-17T15:36Z,Jordan,0.0,0.0005
2026-06-17T15:36Z,New Zealand,0.0,0.0005
2026-06-17T15:36Z,Panama,0.0,0.0005
2026-06-17T15:36Z,Qatar,0.0,0.0005
2026-06-17T15:36Z,Saudi Arabia,0.0,0.0005
2026-06-17T15:36Z,South Africa,0.0,0.0005
2026-06-17T15:36Z,Tunisia,0.0,0.0005
2026-06-17T15:36Z,Uzbekistan,0.0,0.0005
2026-06-17T15:36Z,Ivory Coast,0.004,0.0055
2026-06-17T15:36Z,Australia,0.003,0.0045
2026-06-17T15:36Z,Bosnia and Herzegovina,0.0,0.0015
2026-06-17T15:36Z,Ghana,0.0,0.0015
2026-06-17T15:36Z,Paraguay,0.0,0.0015
2026-06-17T15:36Z,Switzerland,0.007,0.0085
2026-06-17T15:36Z,Japan,0.015,0.0165
2026-06-17T15:36Z,Egypt,0.0,0.0025
2026-06-17T15:36Z,Scotland,0.0,0.0025
2026-06-17T15:36Z,South Korea,0.0,0.0035
2026-06-17T15:36Z,Sweden,0.0,0.0055
2026-06-17T15:36Z,Senegal,0.0,0.0065
2026-06-17T15:36Z,Brazil,0.058,0.0665
2026-06-17T15:36Z,Netherlands,0.036,0.0445
2026-06-17T15:36Z,Mexico,0.002,0.0145
2026-06-17T15:36Z,Norway,0.007,0.0255
2026-06-17T15:36Z,United States,0.0,0.0225
2026-06-17T15:36Z,Germany,0.028,0.0565
2026-06-17T15:36Z,Portugal,0.074,0.1035
2026-06-17T15:36Z,France,0.088,0.1845
2026-06-17T18:08Z,Argentina,0.248,0.1095
2026-06-17T18:08Z,Spain,0.204,0.1335
2026-06-17T18:08Z,Colombia,0.026,0.0145
2026-06-17T18:08Z,Morocco,0.033,0.0235
2026-06-17T18:08Z,England,0.113,0.1045
2026-06-17T18:08Z,Belgium,0.021,0.0165
2026-06-17T18:08Z,Croatia,0.011,0.0075
2026-06-17T18:08Z,Ecuador,0.005,0.0045
2026-06-17T18:08Z,Canada,0.003,0.0025
2026-06-17T18:08Z,Uruguay,0.006,0.0065
2026-06-17T18:08Z,Austria,0.004,0.0045
2026-06-17T18:08Z,Algeria,0.001,0.0015
2026-06-17T18:08Z,Cape Verde,0.0,0.0005
2026-06-17T18:08Z,Curaçao,0.0,0.0005
2026-06-17T18:08Z,Czech Republic,0.0,0.0005
2026-06-17T18:08Z,DR Congo,0.0,0.0005
2026-06-17T18:08Z,Haiti,0.0,0.0005
2026-06-17T18:08Z,Iran,0.0,0.0005
2026-06-17T18:08Z,Iraq,0.0,0.0005
2026-06-17T18:08Z,Jordan,0.0,0.0005
2026-06-17T18:08Z,New Zealand,0.0,0.0005
2026-06-17T18:08Z,Panama,0.0,0.0005
2026-06-17T18:08Z,Qatar,0.0,0.0005
2026-06-17T18:08Z,Saudi Arabia,0.0,0.0005
2026-06-17T18:08Z,South Africa,0.0,0.0005
2026-06-17T18:08Z,Tunisia,0.0,0.0005
2026-06-17T18:08Z,Uzbekistan,0.0,0.0005
2026-06-17T18:08Z,Ivory Coast,0.004,0.0055
2026-06-17T18:08Z,Australia,0.003,0.0045
2026-06-17T18:08Z,Bosnia and Herzegovina,0.0,0.0015
2026-06-17T18:08Z,Ghana,0.0,0.0015
2026-06-17T18:08Z,Paraguay,0.0,0.0015
2026-06-17T18:08Z,Switzerland,0.007,0.0085
2026-06-17T18:08Z,Japan,0.015,0.0165
2026-06-17T18:08Z,Egypt,0.0,0.0025
2026-06-17T18:08Z,Scotland,0.0,0.0025
2026-06-17T18:08Z,South Korea,0.0,0.0035
2026-06-17T18:08Z,Sweden,0.0,0.0055
2026-06-17T18:08Z,Senegal,0.0,0.0065
2026-06-17T18:08Z,Netherlands,0.036,0.0435
2026-06-17T18:08Z,Brazil,0.058,0.0665
2026-06-17T18:08Z,Mexico,0.002,0.0145
2026-06-17T18:08Z,Norway,0.007,0.0255
2026-06-17T18:08Z,United States,0.0,0.0225
2026-06-17T18:08Z,Germany,0.028,0.0565
2026-06-17T18:08Z,Portugal,0.074,0.1105
2026-06-17T18:08Z,France,0.088,0.1845
2026-06-17T20:35Z,Argentina,0.25,0.1125
2026-06-17T20:35Z,Spain,0.224,0.1365
2026-06-17T20:35Z,Morocco,0.043,0.0235
2026-06-17T20:35Z,Colombia,0.033,0.0145
2026-06-17T20:35Z,Belgium,0.027,0.0165
2026-06-17T20:35Z,Algeria,0.003,0.0015
2026-06-17T20:35Z,Croatia,0.009,0.0075
2026-06-17T20:35Z,Iran,0.001,0.0005
2026-06-17T20:35Z,Uruguay,0.006,0.0065
2026-06-17T20:35Z,Ecuador,0.004,0.0045
2026-06-17T20:35Z,Cape Verde,0.0,0.0005
2026-06-17T20:35Z,Curaçao,0.0,0.0005
2026-06-17T20:35Z,Czech Republic,0.0,0.0005
2026-06-17T20:35Z,Haiti,0.0,0.0005
2026-06-17T20:35Z,Iraq,0.0,0.0005
2026-06-17T20:35Z,Jordan,0.0,0.0005
2026-06-17T20:35Z,New Zealand,0.0,0.0005
2026-06-17T20:35Z,Panama,0.0,0.0005
2026-06-17T20:35Z,Qatar,0.0,0.0005
2026-06-17T20:35Z,Saudi Arabia,0.0,0.0005
2026-06-17T20:35Z,South Africa,0.0,0.0005
2026-06-17T20:35Z,Tunisia,0.0,0.0005
2026-06-17T20:35Z,Uzbekistan,0.0,0.0005
2026-06-17T20:35Z,Austria,0.003,0.0045
2026-06-17T20:35Z,Bosnia and Herzegovina,0.0,0.0015
2026-06-17T20:35Z,DR Congo,0.0,0.0015
2026-06-17T20:35Z,Ghana,0.0,0.0015
2026-06-17T20:35Z,Paraguay,0.0,0.0015
2026-06-17T20:35Z,Australia,0.002,0.0045
2026-06-17T20:35Z,Canada,0.0,0.0025
2026-06-17T20:35Z,Egypt,0.0,0.0025
2026-06-17T20:35Z,Scotland,0.0,0.0025
2026-06-17T20:35Z,Switzerland,0.006,0.0085
2026-06-17T20:35Z,Senegal,0.003,0.0065
2026-06-17T20:35Z,Ivory Coast,0.002,0.0055
2026-06-17T20:35Z,Sweden,0.002,0.0055
2026-06-17T20:35Z,South Korea,0.0,0.0035
2026-06-17T20:35Z,Japan,0.013,0.0165
2026-06-17T20:35Z,Mexico,0.003,0.0145
2026-06-17T20:35Z,Netherlands,0.028,0.0435
2026-06-17T20:35Z,Brazil,0.05,0.0665
2026-06-17T20:35Z,Norway,0.009,0.0265
2026-06-17T20:35Z,United States,0.0,0.0225
2026-06-17T20:35Z,England,0.086,0.1135
2026-06-17T20:35Z,Germany,0.024,0.0565
2026-06-17T20:35Z,Portugal,0.052,0.0855
2026-06-17T20:35Z,France,0.114,0.1845
2026-06-17T22:28Z,Argentina,0.252,0.1155
2026-06-17T22:28Z,Spain,0.227,0.1375
2026-06-17T22:28Z,Morocco,0.049,0.0235
2026-06-17T22:28Z,Colombia,0.021,0.0145
2026-06-17T22:28Z,Belgium,0.021,0.0165
2026-06-17T22:28Z,Uruguay,0.01,0.0065
2026-06-17T22:28Z,England,0.131,0.1285
2026-06-17T22:28Z,Ivory Coast,0.005,0.0055
2026-06-17T22:28Z,Canada,0.002,0.0025
2026-06-17T22:28Z,Algeria,0.001,0.0015
2026-06-17T22:28Z,Cape Verde,0.0,0.0005
2026-06-17T22:28Z,Curaçao,0.0,0.0005
2026-06-17T22:28Z,Czech Republic,0.0,0.0005
2026-06-17T22:28Z,Haiti,0.0,0.0005
2026-06-17T22:28Z,Iran,0.0,0.0005
2026-06-17T22:28Z,Iraq,0.0,0.0005
2026-06-17T22:28Z,Jordan,0.0,0.0005
2026-06-17T22:28Z,New Zealand,0.0,0.0005
2026-06-17T22:28Z,Panama,0.0,0.0005
2026-06-17T22:28Z,Qatar,0.0,0.0005
2026-06-17T22:28Z,Saudi Arabia,0.0,0.0005
2026-06-17T22:28Z,South Africa,0.0,0.0005
2026-06-17T22:28Z,Tunisia,0.0,0.0005
2026-06-17T22:28Z,Uzbekistan,0.0,0.0005
2026-06-17T22:28Z,Switzerland,0.008,0.0085
2026-06-17T22:28Z,Austria,0.003,0.0045
2026-06-17T22:28Z,Egypt,0.001,0.0025
2026-06-17T22:28Z,Bosnia and Herzegovina,0.0,0.0015
2026-06-17T22:28Z,DR Congo,0.0,0.0015
2026-06-17T22:28Z,Ghana,0.0,0.0015
2026-06-17T22:28Z,Paraguay,0.0,0.0015
2026-06-17T22:28Z,Croatia,0.004,0.0065
2026-06-17T22:28Z,Scotland,0.0,0.0025
2026-06-17T22:28Z,Senegal,0.003,0.0065
2026-06-17T22:28Z,Australia,0.001,0.0045
2026-06-17T22:28Z,Ecuador,0.001,0.0045
2026-06-17T22:28Z,South Korea,0.0,0.0035
2026-06-17T22:28Z,Sweden,0.0,0.0055
2026-06-17T22:28Z,Japan,0.008,0.0165
2026-06-17T22:28Z,Norway,0.017,0.0265
2026-06-17T22:28Z,Mexico,0.003,0.0145
2026-06-17T22:28Z,Netherlands,0.023,0.0395
2026-06-17T22:28Z,United States,0.001,0.0225
2026-06-17T22:28Z,Germany,0.032,0.0565
2026-06-17T22:28Z,Portugal,0.05,0.0795
2026-06-17T22:28Z,Brazil,0.035,0.0665
2026-06-17T22:28Z,France,0.089,0.1845
2026-06-18T00:05Z,Argentina,0.252,0.1155
2026-06-18T00:05Z,Spain,0.227,0.1375
2026-06-18T00:05Z,Morocco,0.049,0.0235
2026-06-18T00:05Z,Colombia,0.021,0.0145
2026-06-18T00:05Z,Belgium,0.021,0.0165
2026-06-18T00:05Z,Uruguay,0.01,0.0065
2026-06-18T00:05Z,England,0.131,0.1285
2026-06-18T00:05Z,Ivory Coast,0.005,0.0055
2026-06-18T00:05Z,Canada,0.002,0.0025
2026-06-18T00:05Z,Algeria,0.001,0.0015
2026-06-18T00:05Z,Cape Verde,0.0,0.0005
2026-06-18T00:05Z,Curaçao,0.0,0.0005
2026-06-18T00:05Z,Czech Republic,0.0,0.0005
2026-06-18T00:05Z,Ghana,0.0,0.0005
2026-06-18T00:05Z,Haiti,0.0,0.0005
2026-06-18T00:05Z,Iran,0.0,0.0005
2026-06-18T00:05Z,Iraq,0.0,0.0005
2026-06-18T00:05Z,Jordan,0.0,0.0005
2026-06-18T00:05Z,New Zealand,0.0,0.0005
2026-06-18T00:05Z,Panama,0.0,0.0005
2026-06-18T00:05Z,Qatar,0.0,0.0005
2026-06-18T00:05Z,Saudi Arabia,0.0,0.0005
2026-06-18T00:05Z,South Africa,0.0,0.0005
2026-06-18T00:05Z,Tunisia,0.0,0.0005
2026-06-18T00:05Z,Uzbekistan,0.0,0.0005
2026-06-18T00:05Z,Switzerland,0.008,0.0085
2026-06-18T00:05Z,Austria,0.003,0.0045
2026-06-18T00:05Z,Egypt,0.001,0.0025
2026-06-18T00:05Z,Bosnia and Herzegovina,0.0,0.0015
2026-06-18T00:05Z,DR Congo,0.0,0.0015
2026-06-18T00:05Z,Paraguay,0.0,0.0015
2026-06-18T00:05Z,Croatia,0.004,0.0065
2026-06-18T00:05Z,Scotland,0.0,0.0025
2026-06-18T00:05Z,Senegal,0.003,0.0065
2026-06-18T00:05Z,Australia,0.001,0.0045
2026-06-18T00:05Z,Ecuador,0.001,0.0045
2026-06-18T00:05Z,South Korea,0.0,0.0035
2026-06-18T00:05Z,Sweden,0.0,0.0055
2026-06-18T00:05Z,Japan,0.008,0.0165
2026-06-18T00:05Z,Norway,0.017,0.0265
2026-06-18T00:05Z,Mexico,0.003,0.0145
2026-06-18T00:05Z,Netherlands,0.023,0.0395
2026-06-18T00:05Z,United States,0.001,0.0225
2026-06-18T00:05Z,Germany,0.032,0.0565
2026-06-18T00:05Z,Portugal,0.05,0.0775
2026-06-18T00:05Z,Brazil,0.035,0.0665
2026-06-18T00:05Z,France,0.089,0.1845
2026-06-18T05:08Z,Argentina,0.262,0.1175
2026-06-18T05:08Z,Spain,0.224,0.1375
2026-06-18T05:08Z,Morocco,0.043,0.0235
2026-06-18T05:08Z,Colombia,0.027,0.0155
2026-06-18T05:08Z,Belgium,0.026,0.0165
2026-06-18T05:08Z,Croatia,0.008,0.0065
2026-06-18T05:08Z,Australia,0.004,0.0045
2026-06-18T05:08Z,Cape Verde,0.0,0.0005
2026-06-18T05:08Z,Curaçao,0.0,0.0005
2026-06-18T05:08Z,Czech Republic,0.0,0.0005
2026-06-18T05:08Z,Haiti,0.0,0.0005
2026-06-18T05:08Z,Iran,0.0,0.0005
2026-06-18T05:08Z,Iraq,0.0,0.0005
2026-06-18T05:08Z,Jordan,0.0,0.0005
2026-06-18T05:08Z,New Zealand,0.0,0.0005
2026-06-18T05:08Z,Panama,0.0,0.0005
2026-06-18T05:08Z,Qatar,0.0,0.0005
2026-06-18T05:08Z,Saudi Arabia,0.0,0.0005
2026-06-18T05:08Z,South Africa,0.0,0.0005
2026-06-18T05:08Z,Tunisia,0.0,0.0005
2026-06-18T05:08Z,Uzbekistan,0.0,0.0005
2026-06-18T05:08Z,Ecuador,0.003,0.0045
2026-06-18T05:08Z,Canada,0.001,0.0025
2026-06-18T05:08Z,Algeria,0.0,0.0015
2026-06-18T05:08Z,Bosnia and Herzegovina,0.0,0.0015
2026-06-18T05:08Z,DR Congo,0.0,0.0015
2026-06-18T05:08Z,Ghana,0.0,0.0015
2026-06-18T05:08Z,Paraguay,0.0,0.0015
2026-06-18T05:08Z,Switzerland,0.007,0.0085
2026-06-18T05:08Z,Austria,0.002,0.0045
2026-06-18T05:08Z,South Korea,0.001,0.0035
2026-06-18T05:08Z,Egypt,0.0,0.0025
2026-06-18T05:08Z,Scotland,0.0,0.0025
2026-06-18T05:08Z,Uruguay,0.002,0.0065
2026-06-18T05:08Z,Ivory Coast,0.001,0.0055
2026-06-18T05:08Z,Sweden,0.001,0.0055
2026-06-18T05:08Z,Senegal,0.001,0.0065
2026-06-18T05:08Z,Netherlands,0.033,0.0395
2026-06-18T05:08Z,Japan,0.004,0.0165
2026-06-18T05:08Z,Mexico,0.001,0.0145
2026-06-18T05:08Z,Portugal,0.065,0.0805
2026-06-18T05:08Z,Brazil,0.051,0.0665
2026-06-18T05:08Z,Norway,0.008,0.0265
2026-06-18T05:08Z,United States,0.0,0.0225
2026-06-18T05:08Z,Germany,0.033,0.0565
2026-06-18T05:08Z,England,0.092,0.1285
2026-06-18T05:08Z,France,0.1,0.1845
2026-06-18T09:51Z,Argentina,0.262,0.1225
2026-06-18T09:51Z,Spain,0.224,0.1375
2026-06-18T09:51Z,Morocco,0.043,0.0235
2026-06-18T09:51Z,Colombia,0.027,0.0165
2026-06-18T09:51Z,Belgium,0.026,0.0165
2026-06-18T09:51Z,Croatia,0.008,0.0065
2026-06-18T09:51Z,Australia,0.004,0.0045
2026-06-18T09:51Z,Cape Verde,0.0,0.0005
2026-06-18T09:51Z,Curaçao,0.0,0.0005
2026-06-18T09:51Z,Czech Republic,0.0,0.0005
2026-06-18T09:51Z,Haiti,0.0,0.0005
2026-06-18T09:51Z,Iran,0.0,0.0005
2026-06-18T09:51Z,Iraq,0.0,0.0005
2026-06-18T09:51Z,Jordan,0.0,0.0005
2026-06-18T09:51Z,New Zealand,0.0,0.0005
2026-06-18T09:51Z,Panama,0.0,0.0005
2026-06-18T09:51Z,Qatar,0.0,0.0005
2026-06-18T09:51Z,Saudi Arabia,0.0,0.0005
2026-06-18T09:51Z,South Africa,0.0,0.0005
2026-06-18T09:51Z,Tunisia,0.0,0.0005
2026-06-18T09:51Z,Uzbekistan,0.0,0.0005
2026-06-18T09:51Z,Ecuador,0.003,0.0045
2026-06-18T09:51Z,Canada,0.001,0.0025
2026-06-18T09:51Z,Algeria,0.0,0.0015
2026-06-18T09:51Z,Bosnia and Herzegovina,0.0,0.0015
2026-06-18T09:51Z,DR Congo,0.0,0.0015
2026-06-18T09:51Z,Ghana,0.0,0.0015
2026-06-18T09:51Z,Paraguay,0.0,0.0015
2026-06-18T09:51Z,Switzerland,0.007,0.0085
2026-06-18T09:51Z,Austria,0.002,0.0045
2026-06-18T09:51Z,South Korea,0.001,0.0035
2026-06-18T09:51Z,Egypt,0.0,0.0025
2026-06-18T09:51Z,Scotland,0.0,0.0025
2026-06-18T09:51Z,Uruguay,0.002,0.0065
2026-06-18T09:51Z,Ivory Coast,0.001,0.0055
2026-06-18T09:51Z,Sweden,0.001,0.0055
2026-06-18T09:51Z,Senegal,0.001,0.0065
2026-06-18T09:51Z,Netherlands,0.033,0.0395
2026-06-18T09:51Z,Japan,0.004,0.0165
2026-06-18T09:51Z,Mexico,0.001,0.0135
2026-06-18T09:51Z,Portugal,0.065,0.0805
2026-06-18T09:51Z,Brazil,0.051,0.0665
2026-06-18T09:51Z,Norway,0.008,0.0265
2026-06-18T09:51Z,United States,0.0,0.0225
2026-06-18T09:51Z,Germany,0.033,0.0565
2026-06-18T09:51Z,England,0.092,0.1285
2026-06-18T09:51Z,France,0.1,0.1845
2026-06-18T12:51Z,Argentina,0.262,0.1175
2026-06-18T12:51Z,Spain,0.224,0.1375
2026-06-18T12:51Z,Morocco,0.043,0.0235
2026-06-18T12:51Z,Colombia,0.027,0.0165
2026-06-18T12:51Z,Belgium,0.026,0.0165
2026-06-18T12:51Z,Croatia,0.008,0.0065
2026-06-18T12:51Z,Australia,0.004,0.0045
2026-06-18T12:51Z,Cape Verde,0.0,0.0005
2026-06-18T12:51Z,Curaçao,0.0,0.0005
2026-06-18T12:51Z,Czech Republic,0.0,0.0005
2026-06-18T12:51Z,Haiti,0.0,0.0005
2026-06-18T12:51Z,Iran,0.0,0.0005
2026-06-18T12:51Z,Iraq,0.0,0.0005
2026-06-18T12:51Z,Jordan,0.0,0.0005
2026-06-18T12:51Z,New Zealand,0.0,0.0005
2026-06-18T12:51Z,Panama,0.0,0.0005
2026-06-18T12:51Z,Qatar,0.0,0.0005
2026-06-18T12:51Z,Saudi Arabia,0.0,0.0005
2026-06-18T12:51Z,South Africa,0.0,0.0005
2026-06-18T12:51Z,Tunisia,0.0,0.0005
2026-06-18T12:51Z,Uzbekistan,0.0,0.0005
2026-06-18T12:51Z,Ecuador,0.003,0.0045
2026-06-18T12:51Z,Canada,0.001,0.0025
2026-06-18T12:51Z,Algeria,0.0,0.0015
2026-06-18T12:51Z,Bosnia and Herzegovina,0.0,0.0015
2026-06-18T12:51Z,DR Congo,0.0,0.0015
2026-06-18T12:51Z,Ghana,0.0,0.0015
2026-06-18T12:51Z,Paraguay,0.0,0.0015
2026-06-18T12:51Z,Switzerland,0.007,0.0085
2026-06-18T12:51Z,Austria,0.002,0.0045
2026-06-18T12:51Z,South Korea,0.001,0.0035
2026-06-18T12:51Z,Egypt,0.0,0.0025
2026-06-18T12:51Z,Scotland,0.0,0.0025
2026-06-18T12:51Z,Uruguay,0.002,0.0065
2026-06-18T12:51Z,Ivory Coast,0.001,0.0055
2026-06-18T12:51Z,Sweden,0.001,0.0055
2026-06-18T12:51Z,Senegal,0.001,0.0065
2026-06-18T12:51Z,Netherlands,0.033,0.0395
2026-06-18T12:51Z,Japan,0.004,0.0165
2026-06-18T12:51Z,Mexico,0.001,0.0135
2026-06-18T12:51Z,Portugal,0.065,0.0805
2026-06-18T12:51Z,Brazil,0.051,0.0665
2026-06-18T12:51Z,Norway,0.008,0.0265
2026-06-18T12:51Z,United States,0.0,0.0225
2026-06-18T12:51Z,Germany,0.033,0.0565
2026-06-18T12:51Z,England,0.092,0.1285
2026-06-18T12:51Z,France,0.1,0.1845
2026-06-18T16:27Z,Argentina,0.262,0.1175
2026-06-18T16:27Z,Spain,0.224,0.1375
2026-06-18T16:27Z,Morocco,0.043,0.0235
2026-06-18T16:27Z,Colombia,0.027,0.0165
2026-06-18T16:27Z,Belgium,0.026,0.0165
2026-06-18T16:27Z,Croatia,0.008,0.0065
2026-06-18T16:27Z,Australia,0.004,0.0045
2026-06-18T16:27Z,Cape Verde,0.0,0.0005
2026-06-18T16:27Z,Curaçao,0.0,0.0005
2026-06-18T16:27Z,Haiti,0.0,0.0005
2026-06-18T16:27Z,Iran,0.0,0.0005
2026-06-18T16:27Z,Iraq,0.0,0.0005
2026-06-18T16:27Z,Jordan,0.0,0.0005
2026-06-18T16:27Z,New Zealand,0.0,0.0005
2026-06-18T16:27Z,Panama,0.0,0.0005
2026-06-18T16:27Z,Qatar,0.0,0.0005
2026-06-18T16:27Z,Saudi Arabia,0.0,0.0005
2026-06-18T16:27Z,South Africa,0.0,0.0005
2026-06-18T16:27Z,Tunisia,0.0,0.0005
2026-06-18T16:27Z,Uzbekistan,0.0,0.0005
2026-06-18T16:27Z,Ecuador,0.003,0.0045
2026-06-18T16:27Z,Canada,0.001,0.0025
2026-06-18T16:27Z,Algeria,0.0,0.0015
2026-06-18T16:27Z,Bosnia and Herzegovina,0.0,0.0015
2026-06-18T16:27Z,Czech Republic,0.0,0.0015
2026-06-18T16:27Z,DR Congo,0.0,0.0015
2026-06-18T16:27Z,Ghana,0.0,0.0015
2026-06-18T16:27Z,Paraguay,0.0,0.0015
2026-06-18T16:27Z,Switzerland,0.007,0.0085
2026-06-18T16:27Z,Austria,0.002,0.0045
2026-06-18T16:27Z,South Korea,0.001,0.0035
2026-06-18T16:27Z,Egypt,0.0,0.0025
2026-06-18T16:27Z,Scotland,0.0,0.0025
2026-06-18T16:27Z,Uruguay,0.002,0.0065
2026-06-18T16:27Z,Ivory Coast,0.001,0.0055
2026-06-18T16:27Z,Sweden,0.001,0.0055
2026-06-18T16:27Z,Senegal,0.001,0.0065
2026-06-18T16:27Z,Netherlands,0.033,0.0395
2026-06-18T16:27Z,Japan,0.004,0.0165
2026-06-18T16:27Z,Mexico,0.001,0.0135
2026-06-18T16:27Z,Portugal,0.065,0.0805
2026-06-18T16:27Z,Brazil,0.051,0.0665
2026-06-18T16:27Z,Norway,0.008,0.0265
2026-06-18T16:27Z,United States,0.0,0.0225
2026-06-18T16:27Z,Germany,0.033,0.0565
2026-06-18T16:27Z,England,0.092,0.1285
2026-06-18T16:27Z,France,0.1,0.1845
2026-06-18T19:08Z,Argentina,0.257,0.1175
2026-06-18T19:08Z,Spain,0.203,0.1375
2026-06-18T19:08Z,Morocco,0.038,0.0235
2026-06-18T19:08Z,Colombia,0.03,0.0165
2026-06-18T19:08Z,Belgium,0.024,0.0155
2026-06-18T19:08Z,Croatia,0.008,0.0065
2026-06-18T19:08Z,Ivory Coast,0.007,0.0055
2026-06-18T19:08Z,Canada,0.002,0.0025
2026-06-18T19:08Z,Cape Verde,0.0,0.0005
2026-06-18T19:08Z,Curaçao,0.0,0.0005
2026-06-18T19:08Z,Czech Republic,0.0,0.0005
2026-06-18T19:08Z,Haiti,0.0,0.0005
2026-06-18T19:08Z,Iran,0.0,0.0005
2026-06-18T19:08Z,Iraq,0.0,0.0005
2026-06-18T19:08Z,Jordan,0.0,0.0005
2026-06-18T19:08Z,New Zealand,0.0,0.0005
2026-06-18T19:08Z,Panama,0.0,0.0005
2026-06-18T19:08Z,Qatar,0.0,0.0005
2026-06-18T19:08Z,Saudi Arabia,0.0,0.0005
2026-06-18T19:08Z,South Africa,0.0,0.0005
2026-06-18T19:08Z,Tunisia,0.0,0.0005
2026-06-18T19:08Z,Uzbekistan,0.0,0.0005
2026-06-18T19:08Z,Ecuador,0.003,0.0045
2026-06-18T19:08Z,Algeria,0.0,0.0015
2026-06-18T19:08Z,Bosnia and Herzegovina,0.0,0.0015
2026-06-18T19:08Z,DR Congo,0.0,0.0015
2026-06-18T19:08Z,Ghana,0.0,0.0015
2026-06-18T19:08Z,Paraguay,0.0,0.0015
2026-06-18T19:08Z,Japan,0.015,0.0165
2026-06-18T19:08Z,Senegal,0.004,0.0065
2026-06-18T19:08Z,Uruguay,0.004,0.0065
2026-06-18T19:08Z,Egypt,0.0,0.0025
2026-06-18T19:08Z,Scotland,0.0,0.0025
2026-06-18T19:08Z,Switzerland,0.006,0.0085
2026-06-18T19:08Z,Australia,0.001,0.0045
2026-06-18T19:08Z,Austria,0.001,0.0045
2026-06-18T19:08Z,South Korea,0.0,0.0035
2026-06-18T19:08Z,Sweden,0.0,0.0055
2026-06-18T19:08Z,Netherlands,0.031,0.0395
2026-06-18T19:08Z,Norway,0.016,0.0255
2026-06-18T19:08Z,England,0.115,0.1285
2026-06-18T19:08Z,Mexico,0.0,0.0135
2026-06-18T19:08Z,Portugal,0.065,0.0805
2026-06-18T19:08Z,Germany,0.037,0.0575
2026-06-18T19:08Z,United States,0.0,0.0225
2026-06-18T19:08Z,Brazil,0.042,0.0665
2026-06-18T19:08Z,France,0.09,0.1845
2026-06-18T21:34Z,Argentina,0.279,0.1175
2026-06-18T21:34Z,Spain,0.199,0.1365
2026-06-18T21:34Z,Morocco,0.038,0.0235
2026-06-18T21:34Z,Colombia,0.025,0.0165
2026-06-18T21:34Z,Croatia,0.009,0.0065
2026-06-18T21:34Z,Belgium,0.018,0.0155
2026-06-18T21:34Z,Ivory Coast,0.006,0.0055
2026-06-18T21:34Z,Uruguay,0.005,0.0055
2026-06-18T21:34Z,Bosnia and Herzegovina,0.0,0.0005
2026-06-18T21:34Z,Cape Verde,0.0,0.0005
2026-06-18T21:34Z,Curaçao,0.0,0.0005
2026-06-18T21:34Z,Czech Republic,0.0,0.0005
2026-06-18T21:34Z,Haiti,0.0,0.0005
2026-06-18T21:34Z,Iran,0.0,0.0005
2026-06-18T21:34Z,Iraq,0.0,0.0005
2026-06-18T21:34Z,Jordan,0.0,0.0005
2026-06-18T21:34Z,New Zealand,0.0,0.0005
2026-06-18T21:34Z,Panama,0.0,0.0005
2026-06-18T21:34Z,Qatar,0.0,0.0005
2026-06-18T21:34Z,Saudi Arabia,0.0,0.0005
2026-06-18T21:34Z,South Africa,0.0,0.0005
2026-06-18T21:34Z,Tunisia,0.0,0.0005
2026-06-18T21:34Z,Uzbekistan,0.0,0.0005
2026-06-18T21:34Z,Switzerland,0.008,0.0095
2026-06-18T21:34Z,Australia,0.003,0.0045
2026-06-18T21:34Z,Ecuador,0.003,0.0045
2026-06-18T21:34Z,Algeria,0.0,0.0015
2026-06-18T21:34Z,DR Congo,0.0,0.0015
2026-06-18T21:34Z,Ghana,0.0,0.0015
2026-06-18T21:34Z,Paraguay,0.0,0.0015
2026-06-18T21:34Z,Austria,0.002,0.0045
2026-06-18T21:34Z,Canada,0.0,0.0025
2026-06-18T21:34Z,Egypt,0.0,0.0025
2026-06-18T21:34Z,Scotland,0.0,0.0025
2026-06-18T21:34Z,Senegal,0.003,0.0065
2026-06-18T21:34Z,South Korea,0.0,0.0035
2026-06-18T21:34Z,Sweden,0.0,0.0055
2026-06-18T21:34Z,Japan,0.01,0.0165
2026-06-18T21:34Z,Mexico,0.004,0.0135
2026-06-18T21:34Z,Netherlands,0.03,0.0395
2026-06-18T21:34Z,Norway,0.013,0.0255
2026-06-18T21:34Z,Portugal,0.06,0.0785
2026-06-18T21:34Z,Germany,0.039,0.0575
2026-06-18T21:34Z,United States,0.0,0.0225
2026-06-18T21:34Z,England,0.106,0.1285
2026-06-18T21:34Z,Brazil,0.042,0.0665
2026-06-18T21:34Z,France,0.096,0.1845
2026-06-18T23:25Z,Argentina,0.279,0.1175
2026-06-18T23:25Z,Spain,0.199,0.1365
2026-06-18T23:25Z,Morocco,0.038,0.0235
2026-06-18T23:25Z,Colombia,0.025,0.0165
2026-06-18T23:25Z,Croatia,0.009,0.0065
2026-06-18T23:25Z,Belgium,0.018,0.0155
2026-06-18T23:25Z,Ivory Coast,0.006,0.0045
2026-06-18T23:25Z,Uruguay,0.005,0.0055
2026-06-18T23:25Z,Bosnia and Herzegovina,0.0,0.0005
2026-06-18T23:25Z,Cape Verde,0.0,0.0005
2026-06-18T23:25Z,Curaçao,0.0,0.0005
2026-06-18T23:25Z,Czech Republic,0.0,0.0005
2026-06-18T23:25Z,Haiti,0.0,0.0005
2026-06-18T23:25Z,Iran,0.0,0.0005
2026-06-18T23:25Z,Iraq,0.0,0.0005
2026-06-18T23:25Z,Jordan,0.0,0.0005
2026-06-18T23:25Z,New Zealand,0.0,0.0005
2026-06-18T23:25Z,Panama,0.0,0.0005
2026-06-18T23:25Z,Qatar,0.0,0.0005
2026-06-18T23:25Z,Saudi Arabia,0.0,0.0005
2026-06-18T23:25Z,South Africa,0.0,0.0005
2026-06-18T23:25Z,Tunisia,0.0,0.0005
2026-06-18T23:25Z,Uzbekistan,0.0,0.0005
2026-06-18T23:25Z,Switzerland,0.008,0.0095
2026-06-18T23:25Z,Australia,0.003,0.0045
2026-06-18T23:25Z,Ecuador,0.003,0.0045
2026-06-18T23:25Z,Algeria,0.0,0.0015
2026-06-18T23:25Z,DR Congo,0.0,0.0015
2026-06-18T23:25Z,Ghana,0.0,0.0015
2026-06-18T23:25Z,Paraguay,0.0,0.0015
2026-06-18T23:25Z,Austria,0.002,0.0045
2026-06-18T23:25Z,Egypt,0.0,0.0025
2026-06-18T23:25Z,Scotland,0.0,0.0025
2026-06-18T23:25Z,Senegal,0.003,0.0065
2026-06-18T23:25Z,Canada,0.0,0.0035
2026-06-18T23:25Z,South Korea,0.0,0.0035
2026-06-18T23:25Z,Sweden,0.0,0.0055
2026-06-18T23:25Z,Japan,0.01,0.0165
2026-06-18T23:25Z,Mexico,0.004,0.0135
2026-06-18T23:25Z,Netherlands,0.03,0.0395
2026-06-18T23:25Z,Norway,0.013,0.0255
2026-06-18T23:25Z,Portugal,0.06,0.0775
2026-06-18T23:25Z,Germany,0.039,0.0585
2026-06-18T23:25Z,United States,0.0,0.0225
2026-06-18T23:25Z,England,0.106,0.1285
2026-06-18T23:25Z,Brazil,0.042,0.0665
2026-06-18T23:25Z,France,0.096,0.1845
2026-06-19T02:25Z,Argentina,0.24,0.1175
2026-06-19T02:25Z,Spain,0.208,0.1365
2026-06-19T02:25Z,Morocco,0.046,0.0235
2026-06-19T02:25Z,Colombia,0.029,0.0165
2026-06-19T02:25Z,Belgium,0.024,0.0155
2026-06-19T02:25Z,Switzerland,0.011,0.0095
2026-06-19T02:25Z,Algeria,0.001,0.0015
2026-06-19T02:25Z,Bosnia and Herzegovina,0.0,0.0005
2026-06-19T02:25Z,Cape Verde,0.0,0.0005
2026-06-19T02:25Z,Curaçao,0.0,0.0005
2026-06-19T02:25Z,Czech Republic,0.0,0.0005
2026-06-19T02:25Z,Haiti,0.0,0.0005
2026-06-19T02:25Z,Iran,0.0,0.0005
2026-06-19T02:25Z,Iraq,0.0,0.0005
2026-06-19T02:25Z,Jordan,0.0,0.0005
2026-06-19T02:25Z,New Zealand,0.0,0.0005
2026-06-19T02:25Z,Panama,0.0,0.0005
2026-06-19T02:25Z,Qatar,0.0,0.0005
2026-06-19T02:25Z,Saudi Arabia,0.0,0.0005
2026-06-19T02:25Z,South Africa,0.0,0.0005
2026-06-19T02:25Z,Tunisia,0.0,0.0005
2026-06-19T02:25Z,Uzbekistan,0.0,0.0005
2026-06-19T02:25Z,Austria,0.003,0.0045
2026-06-19T02:25Z,Ecuador,0.003,0.0045
2026-06-19T02:25Z,DR Congo,0.0,0.0015
2026-06-19T02:25Z,Ghana,0.0,0.0015
2026-06-19T02:25Z,Paraguay,0.0,0.0015
2026-06-19T02:25Z,Australia,0.002,0.0045
2026-06-19T02:25Z,Ivory Coast,0.002,0.0045
2026-06-19T02:25Z,South Korea,0.001,0.0035
2026-06-19T02:25Z,Egypt,0.0,0.0025
2026-06-19T02:25Z,Scotland,0.0,0.0025
2026-06-19T02:25Z,Croatia,0.003,0.0065
2026-06-19T02:25Z,Uruguay,0.002,0.0055
2026-06-19T02:25Z,Canada,0.0,0.0035
2026-06-19T02:25Z,Japan,0.012,0.0165
2026-06-19T02:25Z,Netherlands,0.034,0.0395
2026-06-19T02:25Z,Senegal,0.001,0.0065
2026-06-19T02:25Z,Sweden,0.0,0.0055
2026-06-19T02:25Z,England,0.121,0.1285
2026-06-19T02:25Z,Mexico,0.002,0.0155
2026-06-19T02:25Z,Norway,0.011,0.0255
2026-06-19T02:25Z,Portugal,0.059,0.0775
2026-06-19T02:25Z,United States,0.0,0.0225
2026-06-19T02:25Z,Germany,0.035,0.0585
2026-06-19T02:25Z,Brazil,0.037,0.0665
2026-06-19T02:25Z,France,0.111,0.1845
2026-06-19T08:21Z,Argentina,0.275,0.1175
2026-06-19T08:21Z,Spain,0.193,0.1365
2026-06-19T08:21Z,Belgium,0.029,0.0155
2026-06-19T08:21Z,Morocco,0.037,0.0235
2026-06-19T08:21Z,Colombia,0.026,0.0165
2026-06-19T08:21Z,Switzerland,0.013,0.0095
2026-06-19T08:21Z,Uruguay,0.007,0.0055
2026-06-19T08:21Z,Algeria,0.001,0.0005
2026-06-19T08:21Z,Paraguay,0.001,0.0015
2026-06-19T08:21Z,Scotland,0.001,0.0015
2026-06-19T08:21Z,Bosnia and Herzegovina,0.0,0.0005
2026-06-19T08:21Z,Cape Verde,0.0,0.0005
2026-06-19T08:21Z,Curaçao,0.0,0.0005
2026-06-19T08:21Z,Czech Republic,0.0,0.0005
2026-06-19T08:21Z,Ghana,0.0,0.0005
2026-06-19T08:21Z,Haiti,0.0,0.0005
2026-06-19T08:21Z,Iran,0.0,0.0005
2026-06-19T08:21Z,Iraq,0.0,0.0005
2026-06-19T08:21Z,Jordan,0.0,0.0005
2026-06-19T08:21Z,New Zealand,0.0,0.0005
2026-06-19T08:21Z,Panama,0.0,0.0005
2026-06-19T08:21Z,Qatar,0.0,0.0005
2026-06-19T08:21Z,Saudi Arabia,0.0,0.0005
2026-06-19T08:21Z,South Africa,0.0,0.0005
2026-06-19T08:21Z,Tunisia,0.0,0.0005
2026-06-19T08:21Z,Uzbekistan,0.0,0.0005
2026-06-19T08:21Z,Croatia,0.005,0.0065
2026-06-19T08:21Z,DR Congo,0.0,0.0015
2026-06-19T08:21Z,Canada,0.001,0.0035
2026-06-19T08:21Z,Egypt,0.0,0.0025
2026-06-19T08:21Z,Senegal,0.002,0.0055
2026-06-19T08:21Z,Australia,0.001,0.0045
2026-06-19T08:21Z,Austria,0.001,0.0045
2026-06-19T08:21Z,Ivory Coast,0.001,0.0045
2026-06-19T08:21Z,South Korea,0.0,0.0035
2026-06-19T08:21Z,Sweden,0.001,0.0055
2026-06-19T08:21Z,Ecuador,0.0,0.0045
2026-06-19T08:21Z,Netherlands,0.032,0.0395
2026-06-19T08:21Z,Japan,0.008,0.0165
2026-06-19T08:21Z,Portugal,0.064,0.0735
2026-06-19T08:21Z,Norway,0.016,0.0255
2026-06-19T08:21Z,Mexico,0.003,0.0155
2026-06-19T08:21Z,England,0.115,0.1285
2026-06-19T08:21Z,Brazil,0.05,0.0665
2026-06-19T08:21Z,United States,0.002,0.0235
2026-06-19T08:21Z,Germany,0.034,0.0585
2026-06-19T08:21Z,France,0.081,0.1845
2026-06-19T12:23Z,Argentina,0.275,0.1175
2026-06-19T12:23Z,Spain,0.193,0.1365
2026-06-19T12:23Z,Belgium,0.029,0.0155
2026-06-19T12:23Z,Morocco,0.037,0.0275
2026-06-19T12:23Z,Colombia,0.026,0.0165
2026-06-19T12:23Z,Switzerland,0.013,0.0085
2026-06-19T12:23Z,Uruguay,0.007,0.0055
2026-06-19T12:23Z,Algeria,0.001,0.0005
2026-06-19T12:23Z,Paraguay,0.001,0.0015
2026-06-19T12:23Z,Scotland,0.001,0.0015
2026-06-19T12:23Z,Bosnia and Herzegovina,0.0,0.0005
2026-06-19T12:23Z,Cape Verde,0.0,0.0005
2026-06-19T12:23Z,Curaçao,0.0,0.0005
2026-06-19T12:23Z,Czech Republic,0.0,0.0005
2026-06-19T12:23Z,Haiti,0.0,0.0005
2026-06-19T12:23Z,Iran,0.0,0.0005
2026-06-19T12:23Z,Iraq,0.0,0.0005
2026-06-19T12:23Z,Jordan,0.0,0.0005
2026-06-19T12:23Z,New Zealand,0.0,0.0005
2026-06-19T12:23Z,Panama,0.0,0.0005
2026-06-19T12:23Z,Qatar,0.0,0.0005
2026-06-19T12:23Z,Saudi Arabia,0.0,0.0005
2026-06-19T12:23Z,South Africa,0.0,0.0005
2026-06-19T12:23Z,Tunisia,0.0,0.0005
2026-06-19T12:23Z,Uzbekistan,0.0,0.0005
2026-06-19T12:23Z,Croatia,0.005,0.0065
2026-06-19T12:23Z,DR Congo,0.0,0.0015
2026-06-19T12:23Z,Ghana,0.0,0.0015
2026-06-19T12:23Z,Canada,0.001,0.0035
2026-06-19T12:23Z,Egypt,0.0,0.0025
2026-06-19T12:23Z,Senegal,0.002,0.0055
2026-06-19T12:23Z,Australia,0.001,0.0045
2026-06-19T12:23Z,Austria,0.001,0.0045
2026-06-19T12:23Z,Ivory Coast,0.001,0.0045
2026-06-19T12:23Z,South Korea,0.0,0.0035
2026-06-19T12:23Z,Sweden,0.001,0.0055
2026-06-19T12:23Z,Ecuador,0.0,0.0045
2026-06-19T12:23Z,Netherlands,0.032,0.0395
2026-06-19T12:23Z,Japan,0.008,0.0155
2026-06-19T12:23Z,Portugal,0.064,0.0735
2026-06-19T12:23Z,Norway,0.016,0.0255
2026-06-19T12:23Z,Mexico,0.003,0.0155
2026-06-19T12:23Z,England,0.115,0.1285
2026-06-19T12:23Z,Brazil,0.05,0.0665
2026-06-19T12:23Z,United States,0.002,0.0245
2026-06-19T12:23Z,Germany,0.034,0.0605
2026-06-19T12:23Z,France,0.081,0.1845
2026-06-19T15:48Z,Argentina,0.275,0.1175
2026-06-19T15:48Z,Spain,0.193,0.1365
2026-06-19T15:48Z,Belgium,0.029,0.0155
2026-06-19T15:48Z,Morocco,0.037,0.0275
2026-06-19T15:48Z,Colombia,0.026,0.0165
2026-06-19T15:48Z,Switzerland,0.013,0.0085
2026-06-19T15:48Z,Uruguay,0.007,0.0055
2026-06-19T15:48Z,Algeria,0.001,0.0005
2026-06-19T15:48Z,Paraguay,0.001,0.0015
2026-06-19T15:48Z,Scotland,0.001,0.0015
2026-06-19T15:48Z,Bosnia and Herzegovina,0.0,0.0005
2026-06-19T15:48Z,Cape Verde,0.0,0.0005
2026-06-19T15:48Z,Curaçao,0.0,0.0005
2026-06-19T15:48Z,Czech Republic,0.0,0.0005
2026-06-19T15:48Z,Haiti,0.0,0.0005
2026-06-19T15:48Z,Iran,0.0,0.0005
2026-06-19T15:48Z,Iraq,0.0,0.0005
2026-06-19T15:48Z,Jordan,0.0,0.0005
2026-06-19T15:48Z,New Zealand,0.0,0.0005
2026-06-19T15:48Z,Panama,0.0,0.0005
2026-06-19T15:48Z,Qatar,0.0,0.0005
2026-06-19T15:48Z,Saudi Arabia,0.0,0.0005
2026-06-19T15:48Z,South Africa,0.0,0.0005
2026-06-19T15:48Z,Tunisia,0.0,0.0005
2026-06-19T15:48Z,Uzbekistan,0.0,0.0005
2026-06-19T15:48Z,Croatia,0.005,0.0065
2026-06-19T15:48Z,DR Congo,0.0,0.0015
2026-06-19T15:48Z,Ghana,0.0,0.0015
2026-06-19T15:48Z,Canada,0.001,0.0035
2026-06-19T15:48Z,Egypt,0.0,0.0025
2026-06-19T15:48Z,Senegal,0.002,0.0055
2026-06-19T15:48Z,Australia,0.001,0.0045
2026-06-19T15:48Z,Austria,0.001,0.0045
2026-06-19T15:48Z,Ivory Coast,0.001,0.0045
2026-06-19T15:48Z,South Korea,0.0,0.0035
2026-06-19T15:48Z,Sweden,0.001,0.0055
2026-06-19T15:48Z,Ecuador,0.0,0.0045
2026-06-19T15:48Z,Japan,0.008,0.0145
2026-06-19T15:48Z,Netherlands,0.032,0.0395
2026-06-19T15:48Z,Norway,0.016,0.0245
2026-06-19T15:48Z,Portugal,0.064,0.0735
2026-06-19T15:48Z,Mexico,0.003,0.0155
2026-06-19T15:48Z,England,0.115,0.1285
2026-06-19T15:48Z,Brazil,0.05,0.0665
2026-06-19T15:48Z,United States,0.002,0.0225
2026-06-19T15:48Z,Germany,0.034,0.0575
2026-06-19T15:48Z,France,0.081,0.1845
2026-06-19T17:52Z,Argentina,0.275,0.1175
2026-06-19T17:52Z,Spain,0.193,0.1365
2026-06-19T17:52Z,Belgium,0.029,0.0155
2026-06-19T17:52Z,Morocco,0.037,0.0275
2026-06-19T17:52Z,Colombia,0.026,0.0165
2026-06-19T17:52Z,Switzerland,0.013,0.0085
2026-06-19T17:52Z,Uruguay,0.007,0.0055
2026-06-19T17:52Z,Algeria,0.001,0.0005
2026-06-19T17:52Z,Paraguay,0.001,0.0015
2026-06-19T17:52Z,Scotland,0.001,0.0015
2026-06-19T17:52Z,Bosnia and Herzegovina,0.0,0.0005
2026-06-19T17:52Z,Cape Verde,0.0,0.0005
2026-06-19T17:52Z,Curaçao,0.0,0.0005
2026-06-19T17:52Z,Czech Republic,0.0,0.0005
2026-06-19T17:52Z,Haiti,0.0,0.0005
2026-06-19T17:52Z,Iran,0.0,0.0005
2026-06-19T17:52Z,Iraq,0.0,0.0005
2026-06-19T17:52Z,Jordan,0.0,0.0005
2026-06-19T17:52Z,New Zealand,0.0,0.0005
2026-06-19T17:52Z,Panama,0.0,0.0005
2026-06-19T17:52Z,Qatar,0.0,0.0005
2026-06-19T17:52Z,Saudi Arabia,0.0,0.0005
2026-06-19T17:52Z,South Africa,0.0,0.0005
2026-06-19T17:52Z,Tunisia,0.0,0.0005
2026-06-19T17:52Z,Uzbekistan,0.0,0.0005
2026-06-19T17:52Z,Croatia,0.005,0.0065
2026-06-19T17:52Z,DR Congo,0.0,0.0015
2026-06-19T17:52Z,Ghana,0.0,0.0015
2026-06-19T17:52Z,Canada,0.001,0.0035
2026-06-19T17:52Z,Egypt,0.0,0.0025
2026-06-19T17:52Z,Senegal,0.002,0.0055
2026-06-19T17:52Z,Australia,0.001,0.0045
2026-06-19T17:52Z,Austria,0.001,0.0045
2026-06-19T17:52Z,Ivory Coast,0.001,0.0045
2026-06-19T17:52Z,South Korea,0.0,0.0035
2026-06-19T17:52Z,Sweden,0.001,0.0055
2026-06-19T17:52Z,Ecuador,0.0,0.0045
2026-06-19T17:52Z,Japan,0.008,0.0145
2026-06-19T17:52Z,Netherlands,0.032,0.0395
2026-06-19T17:52Z,Norway,0.016,0.0245
2026-06-19T17:52Z,Portugal,0.064,0.0735
2026-06-19T17:52Z,Mexico,0.003,0.0155
2026-06-19T17:52Z,England,0.115,0.1285
2026-06-19T17:52Z,Brazil,0.05,0.0665
2026-06-19T17:52Z,Germany,0.034,0.0585
2026-06-19T17:52Z,United States,0.002,0.0285
2026-06-19T17:52Z,France,0.081,0.1845
2026-06-19T19:33Z,Argentina,0.275,0.1175
2026-06-19T19:33Z,Spain,0.193,0.1365
2026-06-19T19:33Z,Belgium,0.029,0.0155
2026-06-19T19:33Z,Morocco,0.037,0.0275
2026-06-19T19:33Z,Colombia,0.026,0.0165
2026-06-19T19:33Z,Switzerland,0.013,0.0085
2026-06-19T19:33Z,Uruguay,0.007,0.0055
2026-06-19T19:33Z,Algeria,0.001,0.0005
2026-06-19T19:33Z,Paraguay,0.001,0.0015
2026-06-19T19:33Z,Scotland,0.001,0.0015
2026-06-19T19:33Z,Bosnia and Herzegovina,0.0,0.0005
2026-06-19T19:33Z,Cape Verde,0.0,0.0005
2026-06-19T19:33Z,Curaçao,0.0,0.0005
2026-06-19T19:33Z,Czech Republic,0.0,0.0005
2026-06-19T19:33Z,Haiti,0.0,0.0005
2026-06-19T19:33Z,Iran,0.0,0.0005
2026-06-19T19:33Z,Iraq,0.0,0.0005
2026-06-19T19:33Z,Jordan,0.0,0.0005
2026-06-19T19:33Z,New Zealand,0.0,0.0005
2026-06-19T19:33Z,Panama,0.0,0.0005
2026-06-19T19:33Z,Qatar,0.0,0.0005
2026-06-19T19:33Z,Saudi Arabia,0.0,0.0005
2026-06-19T19:33Z,South Africa,0.0,0.0005
2026-06-19T19:33Z,Tunisia,0.0,0.0005
2026-06-19T19:33Z,Uzbekistan,0.0,0.0005
2026-06-19T19:33Z,Croatia,0.005,0.0065
2026-06-19T19:33Z,DR Congo,0.0,0.0015
2026-06-19T19:33Z,Ghana,0.0,0.0015
2026-06-19T19:33Z,Australia,0.001,0.0035
2026-06-19T19:33Z,Canada,0.001,0.0035
2026-06-19T19:33Z,Egypt,0.0,0.0025
2026-06-19T19:33Z,Senegal,0.002,0.0055
2026-06-19T19:33Z,Austria,0.001,0.0045
2026-06-19T19:33Z,Ivory Coast,0.001,0.0045
2026-06-19T19:33Z,South Korea,0.0,0.0035
2026-06-19T19:33Z,Sweden,0.001,0.0055
2026-06-19T19:33Z,Ecuador,0.0,0.0045
2026-06-19T19:33Z,Japan,0.008,0.0145
2026-06-19T19:33Z,Netherlands,0.032,0.0395
2026-06-19T19:33Z,Norway,0.016,0.0245
2026-06-19T19:33Z,Portugal,0.064,0.0735
2026-06-19T19:33Z,Mexico,0.003,0.0155
2026-06-19T19:33Z,England,0.115,0.1285
2026-06-19T19:33Z,Brazil,0.05,0.0665
2026-06-19T19:33Z,Germany,0.034,0.0585
2026-06-19T19:33Z,United States,0.002,0.0375
2026-06-19T19:33Z,France,0.081,0.1845
2026-06-19T20:57Z,Argentina,0.275,0.1175
2026-06-19T20:57Z,Spain,0.193,0.1365
2026-06-19T20:57Z,Belgium,0.029,0.0155
2026-06-19T20:57Z,Morocco,0.037,0.0275
2026-06-19T20:57Z,Colombia,0.026,0.0165
2026-06-19T20:57Z,Switzerland,0.013,0.0085
2026-06-19T20:57Z,Uruguay,0.007,0.0055
2026-06-19T20:57Z,Algeria,0.001,0.0005
2026-06-19T20:57Z,Paraguay,0.001,0.0015
2026-06-19T20:57Z,Scotland,0.001,0.0015
2026-06-19T20:57Z,Bosnia and Herzegovina,0.0,0.0005
2026-06-19T20:57Z,Cape Verde,0.0,0.0005
2026-06-19T20:57Z,Curaçao,0.0,0.0005
2026-06-19T20:57Z,Czech Republic,0.0,0.0005
2026-06-19T20:57Z,Ghana,0.0,0.0005
2026-06-19T20:57Z,Haiti,0.0,0.0005
2026-06-19T20:57Z,Iran,0.0,0.0005
2026-06-19T20:57Z,Iraq,0.0,0.0005
2026-06-19T20:57Z,Jordan,0.0,0.0005
2026-06-19T20:57Z,New Zealand,0.0,0.0005
2026-06-19T20:57Z,Panama,0.0,0.0005
2026-06-19T20:57Z,Qatar,0.0,0.0005
2026-06-19T20:57Z,Saudi Arabia,0.0,0.0005
2026-06-19T20:57Z,South Africa,0.0,0.0005
2026-06-19T20:57Z,Tunisia,0.0,0.0005
2026-06-19T20:57Z,Uzbekistan,0.0,0.0005
2026-06-19T20:57Z,Croatia,0.005,0.0065
2026-06-19T20:57Z,DR Congo,0.0,0.0015
2026-06-19T20:57Z,Australia,0.001,0.0035
2026-06-19T20:57Z,Canada,0.001,0.0035
2026-06-19T20:57Z,Egypt,0.0,0.0025
2026-06-19T20:57Z,Senegal,0.002,0.0055
2026-06-19T20:57Z,Austria,0.001,0.0045
2026-06-19T20:57Z,Ivory Coast,0.001,0.0045
2026-06-19T20:57Z,South Korea,0.0,0.0035
2026-06-19T20:57Z,Sweden,0.001,0.0055
2026-06-19T20:57Z,Ecuador,0.0,0.0045
2026-06-19T20:57Z,Japan,0.008,0.0145
2026-06-19T20:57Z,Netherlands,0.032,0.0395
2026-06-19T20:57Z,Norway,0.016,0.0245
2026-06-19T20:57Z,Portugal,0.064,0.0735
2026-06-19T20:57Z,Mexico,0.003,0.0155
2026-06-19T20:57Z,England,0.115,0.1285
2026-06-19T20:57Z,Brazil,0.05,0.0665
2026-06-19T20:57Z,Germany,0.034,0.0585
2026-06-19T20:57Z,United States,0.002,0.0355
2026-06-19T20:57Z,France,0.081,0.1845
2026-06-19T22:03Z,Argentina,0.255,0.1175
2026-06-19T22:03Z,Spain,0.203,0.1365
2026-06-19T22:03Z,Morocco,0.046,0.0305
2026-06-19T22:03Z,Belgium,0.03,0.0155
2026-06-19T22:03Z,Colombia,0.022,0.0165
2026-06-19T22:03Z,Algeria,0.003,0.0005
2026-06-19T22:03Z,Ivory Coast,0.006,0.0045
2026-06-19T22:03Z,Austria,0.004,0.0045
2026-06-19T22:03Z,Australia,0.003,0.0035
2026-06-19T22:03Z,Bosnia and Herzegovina,0.0,0.0005
2026-06-19T22:03Z,Cape Verde,0.0,0.0005
2026-06-19T22:03Z,Curaçao,0.0,0.0005
2026-06-19T22:03Z,Czech Republic,0.0,0.0005
2026-06-19T22:03Z,Haiti,0.0,0.0005
2026-06-19T22:03Z,Iran,0.0,0.0005
2026-06-19T22:03Z,Iraq,0.0,0.0005
2026-06-19T22:03Z,Jordan,0.0,0.0005
2026-06-19T22:03Z,New Zealand,0.0,0.0005
2026-06-19T22:03Z,Panama,0.0,0.0005
2026-06-19T22:03Z,Qatar,0.0,0.0005
2026-06-19T22:03Z,Saudi Arabia,0.0,0.0005
2026-06-19T22:03Z,South Africa,0.0,0.0005
2026-06-19T22:03Z,Tunisia,0.0,0.0005
2026-06-19T22:03Z,Uzbekistan,0.0,0.0005
2026-06-19T22:03Z,Canada,0.002,0.0035
2026-06-19T22:03Z,Egypt,0.001,0.0025
2026-06-19T22:03Z,DR Congo,0.0,0.0015
2026-06-19T22:03Z,Ghana,0.0,0.0015
2026-06-19T22:03Z,Paraguay,0.0,0.0015
2026-06-19T22:03Z,Scotland,0.0,0.0015
2026-06-19T22:03Z,Switzerland,0.007,0.0085
2026-06-19T22:03Z,Portugal,0.072,0.0735
2026-06-19T22:03Z,Croatia,0.004,0.0065
2026-06-19T22:03Z,Uruguay,0.003,0.0055
2026-06-19T22:03Z,Senegal,0.002,0.0055
2026-06-19T22:03Z,Ecuador,0.001,0.0045
2026-06-19T22:03Z,South Korea,0.0,0.0035
2026-06-19T22:03Z,Sweden,0.0,0.0055
2026-06-19T22:03Z,Japan,0.008,0.0145
2026-06-19T22:03Z,Norway,0.014,0.0245
2026-06-19T22:03Z,Mexico,0.0,0.0155
2026-06-19T22:03Z,Brazil,0.049,0.0665
2026-06-19T22:03Z,Netherlands,0.022,0.0395
2026-06-19T22:03Z,England,0.108,0.1265
2026-06-19T22:03Z,Germany,0.033,0.0585
2026-06-19T22:03Z,United States,0.002,0.0345
2026-06-19T22:03Z,France,0.1,0.1845
2026-06-19T23:05Z,Argentina,0.255,0.1175
2026-06-19T23:05Z,Spain,0.203,0.1365
2026-06-19T23:05Z,Belgium,0.03,0.0155
2026-06-19T23:05Z,Morocco,0.046,0.037
2026-06-19T23:05Z,Colombia,0.022,0.0165
2026-06-19T23:05Z,Algeria,0.003,0.0005
2026-06-19T23:05Z,Ivory Coast,0.006,0.0045
2026-06-19T23:05Z,Austria,0.004,0.0045
2026-06-19T23:05Z,Australia,0.003,0.0035
2026-06-19T23:05Z,Bosnia and Herzegovina,0.0,0.0005
2026-06-19T23:05Z,Cape Verde,0.0,0.0005
2026-06-19T23:05Z,Curaçao,0.0,0.0005
2026-06-19T23:05Z,Czech Republic,0.0,0.0005
2026-06-19T23:05Z,Haiti,0.0,0.0005
2026-06-19T23:05Z,Iran,0.0,0.0005
2026-06-19T23:05Z,Iraq,0.0,0.0005
2026-06-19T23:05Z,Jordan,0.0,0.0005
2026-06-19T23:05Z,New Zealand,0.0,0.0005
2026-06-19T23:05Z,Panama,0.0,0.0005
2026-06-19T23:05Z,Qatar,0.0,0.0005
2026-06-19T23:05Z,Saudi Arabia,0.0,0.0005
2026-06-19T23:05Z,South Africa,0.0,0.0005
2026-06-19T23:05Z,Tunisia,0.0,0.0005
2026-06-19T23:05Z,Uzbekistan,0.0,0.0005
2026-06-19T23:05Z,Canada,0.002,0.0035
2026-06-19T23:05Z,Egypt,0.001,0.0025
2026-06-19T23:05Z,DR Congo,0.0,0.0015
2026-06-19T23:05Z,Ghana,0.0,0.0015
2026-06-19T23:05Z,Paraguay,0.0,0.0015
2026-06-19T23:05Z,Scotland,0.0,0.0015
2026-06-19T23:05Z,Switzerland,0.007,0.0085
2026-06-19T23:05Z,Portugal,0.072,0.0735
2026-06-19T23:05Z,Croatia,0.004,0.0065
2026-06-19T23:05Z,Uruguay,0.003,0.0055
2026-06-19T23:05Z,Senegal,0.002,0.0055
2026-06-19T23:05Z,Ecuador,0.001,0.0045
2026-06-19T23:05Z,South Korea,0.0,0.0035
2026-06-19T23:05Z,Japan,0.008,0.0135
2026-06-19T23:05Z,Sweden,0.0,0.0055
2026-06-19T23:05Z,Norway,0.014,0.0245
2026-06-19T23:05Z,Mexico,0.0,0.0155
2026-06-19T23:05Z,Brazil,0.049,0.0665
2026-06-19T23:05Z,Netherlands,0.022,0.0395
2026-06-19T23:05Z,England,0.108,0.1265
2026-06-19T23:05Z,Germany,0.033,0.0585
2026-06-19T23:05Z,United States,0.002,0.0335
2026-06-19T23:05Z,France,0.1,0.1845
2026-06-20T01:34Z,Argentina,0.269,0.1175
2026-06-20T01:34Z,Spain,0.196,0.1365
2026-06-20T01:34Z,Belgium,0.032,0.0155
2026-06-20T01:34Z,Morocco,0.042,0.0265
2026-06-20T01:34Z,Colombia,0.021,0.0165
2026-06-20T01:34Z,Uruguay,0.006,0.0055
2026-06-20T01:34Z,Algeria,0.001,0.0005
2026-06-20T01:34Z,Iran,0.001,0.0005
2026-06-20T01:34Z,Switzerland,0.009,0.0085
2026-06-20T01:34Z,Austria,0.004,0.0045
2026-06-20T01:34Z,Bosnia and Herzegovina,0.0,0.0005
2026-06-20T01:34Z,Cape Verde,0.0,0.0005
2026-06-20T01:34Z,Curaçao,0.0,0.0005
2026-06-20T01:34Z,Czech Republic,0.0,0.0005
2026-06-20T01:34Z,Ghana,0.0,0.0005
2026-06-20T01:34Z,Haiti,0.0,0.0005
2026-06-20T01:34Z,Iraq,0.0,0.0005
2026-06-20T01:34Z,Jordan,0.0,0.0005
2026-06-20T01:34Z,New Zealand,0.0,0.0005
2026-06-20T01:34Z,Panama,0.0,0.0005
2026-06-20T01:34Z,Qatar,0.0,0.0005
2026-06-20T01:34Z,Saudi Arabia,0.0,0.0005
2026-06-20T01:34Z,South Africa,0.0,0.0005
2026-06-20T01:34Z,Tunisia,0.0,0.0005
2026-06-20T01:34Z,Uzbekistan,0.0,0.0005
2026-06-20T01:34Z,England,0.125,0.1255
2026-06-20T01:34Z,Australia,0.002,0.0035
2026-06-20T01:34Z,Canada,0.002,0.0035
2026-06-20T01:34Z,DR Congo,0.0,0.0015
2026-06-20T01:34Z,Egypt,0.0,0.0015
2026-06-20T01:34Z,Paraguay,0.0,0.0015
2026-06-20T01:34Z,Scotland,0.0,0.0015
2026-06-20T01:34Z,Croatia,0.004,0.0065
2026-06-20T01:34Z,Japan,0.01,0.0135
2026-06-20T01:34Z,Senegal,0.002,0.0055
2026-06-20T01:34Z,Ecuador,0.001,0.0045
2026-06-20T01:34Z,Ivory Coast,0.001,0.0045
2026-06-20T01:34Z,Sweden,0.001,0.0045
2026-06-20T01:34Z,South Korea,0.0,0.0035
2026-06-20T01:34Z,Netherlands,0.032,0.0395
2026-06-20T01:34Z,Portugal,0.064,0.0735
2026-06-20T01:34Z,Mexico,0.001,0.0145
2026-06-20T01:34Z,Norway,0.009,0.0245
2026-06-20T01:34Z,Brazil,0.048,0.0655
2026-06-20T01:34Z,United States,0.001,0.0345
2026-06-20T01:34Z,Germany,0.025,0.0605
2026-06-20T01:34Z,France,0.091,0.1845
2026-06-20T06:03Z,Argentina,0.252,0.1175
2026-06-20T06:03Z,Spain,0.215,0.1365
2026-06-20T06:03Z,Colombia,0.038,0.0155
2026-06-20T06:03Z,Morocco,0.044,0.0265
2026-06-20T06:03Z,Belgium,0.031,0.0155
2026-06-20T06:03Z,Algeria,0.002,0.0005
2026-06-20T06:03Z,Switzerland,0.01,0.0085
2026-06-20T06:03Z,Haiti,0.0,0.0
2026-06-20T06:03Z,Ivory Coast,0.004,0.0045
2026-06-20T06:03Z,Bosnia and Herzegovina,0.0,0.0005
2026-06-20T06:03Z,Cape Verde,0.0,0.0005
2026-06-20T06:03Z,Curaçao,0.0,0.0005
2026-06-20T06:03Z,Czech Republic,0.0,0.0005
2026-06-20T06:03Z,Ghana,0.0,0.0005
2026-06-20T06:03Z,Iran,0.0,0.0005
2026-06-20T06:03Z,Iraq,0.0,0.0005
2026-06-20T06:03Z,Jordan,0.0,0.0005
2026-06-20T06:03Z,New Zealand,0.0,0.0005
2026-06-20T06:03Z,Panama,0.0,0.0005
2026-06-20T06:03Z,Qatar,0.0,0.0005
2026-06-20T06:03Z,Saudi Arabia,0.0,0.0005
2026-06-20T06:03Z,South Africa,0.0,0.0005
2026-06-20T06:03Z,Tunisia,0.0,0.0005
2026-06-20T06:03Z,Uzbekistan,0.0,0.0005
2026-06-20T06:03Z,Uruguay,0.004,0.0055
2026-06-20T06:03Z,Ecuador,0.003,0.0045
2026-06-20T06:03Z,Canada,0.002,0.0035
2026-06-20T06:03Z,DR Congo,0.0,0.0015
2026-06-20T06:03Z,Egypt,0.0,0.0015
2026-06-20T06:03Z,Paraguay,0.0,0.0015
2026-06-20T06:03Z,Scotland,0.0,0.0015
2026-06-20T06:03Z,Australia,0.001,0.0035
2026-06-20T06:03Z,Croatia,0.003,0.0065
2026-06-20T06:03Z,South Korea,0.0,0.0035
2026-06-20T06:03Z,Austria,0.0,0.0045
2026-06-20T06:03Z,Sweden,0.0,0.0045
2026-06-20T06:03Z,Senegal,0.0,0.0055
2026-06-20T06:03Z,Japan,0.006,0.0135
2026-06-20T06:03Z,Mexico,0.003,0.0125
2026-06-20T06:03Z,Brazil,0.05,0.0615
2026-06-20T06:03Z,Netherlands,0.027,0.0395
2026-06-20T06:03Z,Norway,0.009,0.0245
2026-06-20T06:03Z,England,0.107,0.1255
2026-06-20T06:03Z,Portugal,0.054,0.0735
2026-06-20T06:03Z,United States,0.003,0.0325
2026-06-20T06:03Z,Germany,0.03,0.0625
2026-06-20T06:03Z,France,0.102,0.1845
2026-06-20T09:48Z,Argentina,0.252,0.1175
2026-06-20T09:48Z,Spain,0.215,0.1365
2026-06-20T09:48Z,Colombia,0.038,0.0155
2026-06-20T09:48Z,Morocco,0.044,0.0265
2026-06-20T09:48Z,Belgium,0.031,0.0155
2026-06-20T09:48Z,Switzerland,0.01,0.0075
2026-06-20T09:48Z,Algeria,0.002,0.0005
2026-06-20T09:48Z,Haiti,0.0,0.0
2026-06-20T09:48Z,Ivory Coast,0.004,0.0045
2026-06-20T09:48Z,Bosnia and Herzegovina,0.0,0.0005
2026-06-20T09:48Z,Cape Verde,0.0,0.0005
2026-06-20T09:48Z,Curaçao,0.0,0.0005
2026-06-20T09:48Z,Czech Republic,0.0,0.0005
2026-06-20T09:48Z,Ghana,0.0,0.0005
2026-06-20T09:48Z,Iran,0.0,0.0005
2026-06-20T09:48Z,Iraq,0.0,0.0005
2026-06-20T09:48Z,Jordan,0.0,0.0005
2026-06-20T09:48Z,New Zealand,0.0,0.0005
2026-06-20T09:48Z,Panama,0.0,0.0005
2026-06-20T09:48Z,Qatar,0.0,0.0005
2026-06-20T09:48Z,Saudi Arabia,0.0,0.0005
2026-06-20T09:48Z,South Africa,0.0,0.0005
2026-06-20T09:48Z,Tunisia,0.0,0.0005
2026-06-20T09:48Z,Uzbekistan,0.0,0.0005
2026-06-20T09:48Z,Uruguay,0.004,0.0055
2026-06-20T09:48Z,Ecuador,0.003,0.0045
2026-06-20T09:48Z,Canada,0.002,0.0035
2026-06-20T09:48Z,DR Congo,0.0,0.0015
2026-06-20T09:48Z,Egypt,0.0,0.0015
2026-06-20T09:48Z,Paraguay,0.0,0.0015
2026-06-20T09:48Z,Scotland,0.0,0.0015
2026-06-20T09:48Z,Australia,0.001,0.0035
2026-06-20T09:48Z,Croatia,0.003,0.0065
2026-06-20T09:48Z,South Korea,0.0,0.0035
2026-06-20T09:48Z,Austria,0.0,0.0045
2026-06-20T09:48Z,Sweden,0.0,0.0045
2026-06-20T09:48Z,Senegal,0.0,0.0055
2026-06-20T09:48Z,Japan,0.006,0.0135
2026-06-20T09:48Z,Mexico,0.003,0.0125
2026-06-20T09:48Z,Brazil,0.05,0.0615
2026-06-20T09:48Z,Netherlands,0.027,0.0395
2026-06-20T09:48Z,Norway,0.009,0.0245
2026-06-20T09:48Z,England,0.107,0.1255
2026-06-20T09:48Z,Portugal,0.054,0.0735
2026-06-20T09:48Z,United States,0.003,0.0325
2026-06-20T09:48Z,Germany,0.03,0.0635
2026-06-20T09:48Z,France,0.102,0.1895
2026-06-20T11:56Z,Argentina,0.252,0.1175
2026-06-20T11:56Z,Spain,0.215,0.1365
2026-06-20T11:56Z,Colombia,0.038,0.0155
2026-06-20T11:56Z,Morocco,0.044,0.0265
2026-06-20T11:56Z,Belgium,0.031,0.0155
2026-06-20T11:56Z,Switzerland,0.01,0.0075
2026-06-20T11:56Z,Algeria,0.002,0.0005
2026-06-20T11:56Z,Haiti,0.0,0.0
2026-06-20T11:56Z,Ivory Coast,0.004,0.0045
2026-06-20T11:56Z,Bosnia and Herzegovina,0.0,0.0005
2026-06-20T11:56Z,Cape Verde,0.0,0.0005
2026-06-20T11:56Z,Curaçao,0.0,0.0005
2026-06-20T11:56Z,Czech Republic,0.0,0.0005
2026-06-20T11:56Z,Iran,0.0,0.0005
2026-06-20T11:56Z,Iraq,0.0,0.0005
2026-06-20T11:56Z,Jordan,0.0,0.0005
2026-06-20T11:56Z,New Zealand,0.0,0.0005
2026-06-20T11:56Z,Panama,0.0,0.0005
2026-06-20T11:56Z,Qatar,0.0,0.0005
2026-06-20T11:56Z,Saudi Arabia,0.0,0.0005
2026-06-20T11:56Z,South Africa,0.0,0.0005
2026-06-20T11:56Z,Tunisia,0.0,0.0005
2026-06-20T11:56Z,Uzbekistan,0.0,0.0005
2026-06-20T11:56Z,Uruguay,0.004,0.0055
2026-06-20T11:56Z,Ecuador,0.003,0.0045
2026-06-20T11:56Z,Canada,0.002,0.0035
2026-06-20T11:56Z,DR Congo,0.0,0.0015
2026-06-20T11:56Z,Egypt,0.0,0.0015
2026-06-20T11:56Z,Ghana,0.0,0.0015
2026-06-20T11:56Z,Paraguay,0.0,0.0015
2026-06-20T11:56Z,Scotland,0.0,0.0015
2026-06-20T11:56Z,Australia,0.001,0.0035
2026-06-20T11:56Z,Croatia,0.003,0.0065
2026-06-20T11:56Z,South Korea,0.0,0.0035
2026-06-20T11:56Z,Austria,0.0,0.0045
2026-06-20T11:56Z,Sweden,0.0,0.0045
2026-06-20T11:56Z,Senegal,0.0,0.0055
2026-06-20T11:56Z,Japan,0.006,0.0135
2026-06-20T11:56Z,Brazil,0.05,0.0595
2026-06-20T11:56Z,Mexico,0.003,0.0125
2026-06-20T11:56Z,Netherlands,0.027,0.0395
2026-06-20T11:56Z,Norway,0.009,0.0245
2026-06-20T11:56Z,Portugal,0.054,0.0725
2026-06-20T11:56Z,England,0.107,0.1255
2026-06-20T11:56Z,United States,0.003,0.0325
2026-06-20T11:56Z,Germany,0.03,0.0635
2026-06-20T11:56Z,France,0.102,0.1935
2026-06-20T13:48Z,Argentina,0.252,0.1175
2026-06-20T13:48Z,Spain,0.215,0.1365
2026-06-20T13:48Z,Colombia,0.038,0.0155
2026-06-20T13:48Z,Morocco,0.044,0.0265
2026-06-20T13:48Z,Belgium,0.031,0.0155
2026-06-20T13:48Z,Switzerland,0.01,0.0075
2026-06-20T13:48Z,Algeria,0.002,0.0005
2026-06-20T13:48Z,Haiti,0.0,0.0
2026-06-20T13:48Z,Ivory Coast,0.004,0.0045
2026-06-20T13:48Z,Bosnia and Herzegovina,0.0,0.0005
2026-06-20T13:48Z,Cape Verde,0.0,0.0005
2026-06-20T13:48Z,Curaçao,0.0,0.0005
2026-06-20T13:48Z,Czech Republic,0.0,0.0005
2026-06-20T13:48Z,Iran,0.0,0.0005
2026-06-20T13:48Z,Iraq,0.0,0.0005
2026-06-20T13:48Z,Jordan,0.0,0.0005
2026-06-20T13:48Z,New Zealand,0.0,0.0005
2026-06-20T13:48Z,Panama,0.0,0.0005
2026-06-20T13:48Z,Qatar,0.0,0.0005
2026-06-20T13:48Z,Saudi Arabia,0.0,0.0005
2026-06-20T13:48Z,South Africa,0.0,0.0005
2026-06-20T13:48Z,Tunisia,0.0,0.0005
2026-06-20T13:48Z,Uzbekistan,0.0,0.0005
2026-06-20T13:48Z,Uruguay,0.004,0.0055
2026-06-20T13:48Z,Ecuador,0.003,0.0045
2026-06-20T13:48Z,Canada,0.002,0.0035
2026-06-20T13:48Z,DR Congo,0.0,0.0015
2026-06-20T13:48Z,Ghana,0.0,0.0015
2026-06-20T13:48Z,Paraguay,0.0,0.0015
2026-06-20T13:48Z,Scotland,0.0,0.0015
2026-06-20T13:48Z,Australia,0.001,0.0035
2026-06-20T13:48Z,Egypt,0.0,0.0025
2026-06-20T13:48Z,Croatia,0.003,0.0065
2026-06-20T13:48Z,South Korea,0.0,0.0035
2026-06-20T13:48Z,Austria,0.0,0.0045
2026-06-20T13:48Z,Sweden,0.0,0.0045
2026-06-20T13:48Z,Senegal,0.0,0.0055
2026-06-20T13:48Z,Japan,0.006,0.0135
2026-06-20T13:48Z,Brazil,0.05,0.0595
2026-06-20T13:48Z,Mexico,0.003,0.0125
2026-06-20T13:48Z,Netherlands,0.027,0.0395
2026-06-20T13:48Z,Norway,0.009,0.0245
2026-06-20T13:48Z,Portugal,0.054,0.0715
2026-06-20T13:48Z,England,0.107,0.1255
2026-06-20T13:48Z,United States,0.003,0.0325
2026-06-20T13:48Z,Germany,0.03,0.0635
2026-06-20T13:48Z,France,0.102,0.1975
2026-06-20T15:44Z,Argentina,0.252,0.1175
2026-06-20T15:44Z,Spain,0.215,0.1365
2026-06-20T15:44Z,Colombia,0.038,0.0155
2026-06-20T15:44Z,Morocco,0.044,0.0265
2026-06-20T15:44Z,Belgium,0.031,0.0155
2026-06-20T15:44Z,Switzerland,0.01,0.0075
2026-06-20T15:44Z,Algeria,0.002,0.0005
2026-06-20T15:44Z,Haiti,0.0,0.0
2026-06-20T15:44Z,Ivory Coast,0.004,0.0045
2026-06-20T15:44Z,Ecuador,0.003,0.0035
2026-06-20T15:44Z,Bosnia and Herzegovina,0.0,0.0005
2026-06-20T15:44Z,Cape Verde,0.0,0.0005
2026-06-20T15:44Z,Curaçao,0.0,0.0005
2026-06-20T15:44Z,Czech Republic,0.0,0.0005
2026-06-20T15:44Z,Iran,0.0,0.0005
2026-06-20T15:44Z,Iraq,0.0,0.0005
2026-06-20T15:44Z,Jordan,0.0,0.0005
2026-06-20T15:44Z,New Zealand,0.0,0.0005
2026-06-20T15:44Z,Panama,0.0,0.0005
2026-06-20T15:44Z,Qatar,0.0,0.0005
2026-06-20T15:44Z,Saudi Arabia,0.0,0.0005
2026-06-20T15:44Z,South Africa,0.0,0.0005
2026-06-20T15:44Z,Tunisia,0.0,0.0005
2026-06-20T15:44Z,Uzbekistan,0.0,0.0005
2026-06-20T15:44Z,Uruguay,0.004,0.0055
2026-06-20T15:44Z,Canada,0.002,0.0035
2026-06-20T15:44Z,DR Congo,0.0,0.0015
2026-06-20T15:44Z,Ghana,0.0,0.0015
2026-06-20T15:44Z,Paraguay,0.0,0.0015
2026-06-20T15:44Z,Scotland,0.0,0.0015
2026-06-20T15:44Z,Australia,0.001,0.0035
2026-06-20T15:44Z,Egypt,0.0,0.0025
2026-06-20T15:44Z,Croatia,0.003,0.0065
2026-06-20T15:44Z,South Korea,0.0,0.0035
2026-06-20T15:44Z,Austria,0.0,0.0045
2026-06-20T15:44Z,Sweden,0.0,0.0045
2026-06-20T15:44Z,Senegal,0.0,0.0055
2026-06-20T15:44Z,Japan,0.006,0.0135
2026-06-20T15:44Z,Brazil,0.05,0.0595
2026-06-20T15:44Z,Mexico,0.003,0.0125
2026-06-20T15:44Z,Netherlands,0.027,0.0395
2026-06-20T15:44Z,Norway,0.009,0.0245
2026-06-20T15:44Z,Portugal,0.054,0.0715
2026-06-20T15:44Z,England,0.107,0.1255
2026-06-20T15:44Z,United States,0.003,0.0325
2026-06-20T15:44Z,Germany,0.03,0.0635
2026-06-20T15:44Z,France,0.102,0.1965
2026-06-20T17:21Z,Argentina,0.252,0.1175
2026-06-20T17:21Z,Spain,0.215,0.1365
2026-06-20T17:21Z,Colombia,0.038,0.0155
2026-06-20T17:21Z,Morocco,0.044,0.0255
2026-06-20T17:21Z,Belgium,0.031,0.0155
2026-06-20T17:21Z,Switzerland,0.01,0.0065
2026-06-20T17:21Z,Algeria,0.002,0.0005
2026-06-20T17:21Z,Haiti,0.0,0.0
2026-06-20T17:21Z,Ivory Coast,0.004,0.0045
2026-06-20T17:21Z,Ecuador,0.003,0.0035
2026-06-20T17:21Z,Bosnia and Herzegovina,0.0,0.0005
2026-06-20T17:21Z,Cape Verde,0.0,0.0005
2026-06-20T17:21Z,Curaçao,0.0,0.0005
2026-06-20T17:21Z,Czech Republic,0.0,0.0005
2026-06-20T17:21Z,Ghana,0.0,0.0005
2026-06-20T17:21Z,Iran,0.0,0.0005
2026-06-20T17:21Z,Iraq,0.0,0.0005
2026-06-20T17:21Z,Jordan,0.0,0.0005
2026-06-20T17:21Z,New Zealand,0.0,0.0005
2026-06-20T17:21Z,Panama,0.0,0.0005
2026-06-20T17:21Z,Qatar,0.0,0.0005
2026-06-20T17:21Z,Saudi Arabia,0.0,0.0005
2026-06-20T17:21Z,South Africa,0.0,0.0005
2026-06-20T17:21Z,Tunisia,0.0,0.0005
2026-06-20T17:21Z,Uzbekistan,0.0,0.0005
2026-06-20T17:21Z,Uruguay,0.004,0.0055
2026-06-20T17:21Z,Canada,0.002,0.0035
2026-06-20T17:21Z,DR Congo,0.0,0.0015
2026-06-20T17:21Z,Paraguay,0.0,0.0015
2026-06-20T17:21Z,Scotland,0.0,0.0015
2026-06-20T17:21Z,Australia,0.001,0.0035
2026-06-20T17:21Z,Egypt,0.0,0.0025
2026-06-20T17:21Z,Croatia,0.003,0.0065
2026-06-20T17:21Z,South Korea,0.0,0.0035
2026-06-20T17:21Z,Austria,0.0,0.0045
2026-06-20T17:21Z,Sweden,0.0,0.0045
2026-06-20T17:21Z,Senegal,0.0,0.0055
2026-06-20T17:21Z,Japan,0.006,0.0135
2026-06-20T17:21Z,Brazil,0.05,0.0595
2026-06-20T17:21Z,Mexico,0.003,0.0125
2026-06-20T17:21Z,Norway,0.009,0.0245
2026-06-20T17:21Z,Netherlands,0.027,0.0435
2026-06-20T17:21Z,Portugal,0.054,0.0715
2026-06-20T17:21Z,England,0.107,0.1255
2026-06-20T17:21Z,United States,0.003,0.0325
2026-06-20T17:21Z,Germany,0.03,0.0635
2026-06-20T17:21Z,France,0.102,0.1965
2026-06-20T18:53Z,Argentina,0.252,0.1175
2026-06-20T18:53Z,Spain,0.215,0.1365
2026-06-20T18:53Z,Colombia,0.038,0.0155
2026-06-20T18:53Z,Morocco,0.044,0.0255
2026-06-20T18:53Z,Belgium,0.031,0.0155
2026-06-20T18:53Z,Switzerland,0.01,0.0065
2026-06-20T18:53Z,Algeria,0.002,0.0005
2026-06-20T18:53Z,Haiti,0.0,0.0
2026-06-20T18:53Z,Ivory Coast,0.004,0.0045
2026-06-20T18:53Z,Ecuador,0.003,0.0035
2026-06-20T18:53Z,Bosnia and Herzegovina,0.0,0.0005
2026-06-20T18:53Z,Cape Verde,0.0,0.0005
2026-06-20T18:53Z,Curaçao,0.0,0.0005
2026-06-20T18:53Z,Czech Republic,0.0,0.0005
2026-06-20T18:53Z,Ghana,0.0,0.0005
2026-06-20T18:53Z,Iran,0.0,0.0005
2026-06-20T18:53Z,Iraq,0.0,0.0005
2026-06-20T18:53Z,Jordan,0.0,0.0005
2026-06-20T18:53Z,New Zealand,0.0,0.0005
2026-06-20T18:53Z,Panama,0.0,0.0005
2026-06-20T18:53Z,Qatar,0.0,0.0005
2026-06-20T18:53Z,Saudi Arabia,0.0,0.0005
2026-06-20T18:53Z,South Africa,0.0,0.0005
2026-06-20T18:53Z,Tunisia,0.0,0.0005
2026-06-20T18:53Z,Uzbekistan,0.0,0.0005
2026-06-20T18:53Z,Uruguay,0.004,0.0055
2026-06-20T18:53Z,Canada,0.002,0.0035
2026-06-20T18:53Z,DR Congo,0.0,0.0015
2026-06-20T18:53Z,Paraguay,0.0,0.0015
2026-06-20T18:53Z,Scotland,0.0,0.0015
2026-06-20T18:53Z,Australia,0.001,0.0035
2026-06-20T18:53Z,Egypt,0.0,0.0025
2026-06-20T18:53Z,Sweden,0.0,0.0025
2026-06-20T18:53Z,Croatia,0.003,0.0065
2026-06-20T18:53Z,Austria,0.0,0.0035
2026-06-20T18:53Z,South Korea,0.0,0.0035
2026-06-20T18:53Z,Senegal,0.0,0.0055
2026-06-20T18:53Z,Japan,0.006,0.0125
2026-06-20T18:53Z,Brazil,0.05,0.0595
2026-06-20T18:53Z,Mexico,0.003,0.0125
2026-06-20T18:53Z,Norway,0.009,0.0245
2026-06-20T18:53Z,Portugal,0.054,0.0715
2026-06-20T18:53Z,England,0.107,0.1255
2026-06-20T18:53Z,Netherlands,0.027,0.05
2026-06-20T18:53Z,United States,0.003,0.0325
2026-06-20T18:53Z,Germany,0.03,0.0635
2026-06-20T18:53Z,France,0.102,0.1965
2026-06-20T20:16Z,Argentina,0.264,0.1175
2026-06-20T20:16Z,Spain,0.22,0.1365
2026-06-20T20:16Z,Belgium,0.031,0.0155
2026-06-20T20:16Z,Colombia,0.03,0.0145
2026-06-20T20:16Z,Morocco,0.04,0.0255
2026-06-20T20:16Z,Ecuador,0.005,0.0035
2026-06-20T20:16Z,Croatia,0.007,0.0065
2026-06-20T20:16Z,Senegal,0.006,0.0055
2026-06-20T20:16Z,Uruguay,0.006,0.0055
2026-06-20T20:16Z,Haiti,0.0,0.0
2026-06-20T20:16Z,Algeria,0.0,0.0005
2026-06-20T20:16Z,Bosnia and Herzegovina,0.0,0.0005
2026-06-20T20:16Z,Cape Verde,0.0,0.0005
2026-06-20T20:16Z,Curaçao,0.0,0.0005
2026-06-20T20:16Z,Czech Republic,0.0,0.0005
2026-06-20T20:16Z,Ghana,0.0,0.0005
2026-06-20T20:16Z,Iran,0.0,0.0005
2026-06-20T20:16Z,Iraq,0.0,0.0005
2026-06-20T20:16Z,Jordan,0.0,0.0005
2026-06-20T20:16Z,New Zealand,0.0,0.0005
2026-06-20T20:16Z,Panama,0.0,0.0005
2026-06-20T20:16Z,Qatar,0.0,0.0005
2026-06-20T20:16Z,Saudi Arabia,0.0,0.0005
2026-06-20T20:16Z,South Africa,0.0,0.0005
2026-06-20T20:16Z,Tunisia,0.0,0.0005
2026-06-20T20:16Z,Uzbekistan,0.0,0.0005
2026-06-20T20:16Z,Austria,0.002,0.0035
2026-06-20T20:16Z,Sweden,0.001,0.0025
2026-06-20T20:16Z,DR Congo,0.0,0.0015
2026-06-20T20:16Z,Paraguay,0.0,0.0015
2026-06-20T20:16Z,Scotland,0.0,0.0015
2026-06-20T20:16Z,Australia,0.001,0.0035
2026-06-20T20:16Z,Egypt,0.0,0.0025
2026-06-20T20:16Z,Switzerland,0.003,0.0065
2026-06-20T20:16Z,Ivory Coast,0.001,0.0045
2026-06-20T20:16Z,Canada,0.0,0.0035
2026-06-20T20:16Z,South Korea,0.0,0.0035
2026-06-20T20:16Z,Japan,0.003,0.0135
2026-06-20T20:16Z,Mexico,0.002,0.0125
2026-06-20T20:16Z,Norway,0.013,0.0245
2026-06-20T20:16Z,England,0.113,0.1255
2026-06-20T20:16Z,Portugal,0.056,0.0715
2026-06-20T20:16Z,Netherlands,0.034,0.052
2026-06-20T20:16Z,Brazil,0.04,0.0595
2026-06-20T20:16Z,United States,0.001,0.0335
2026-06-20T20:16Z,Germany,0.024,0.0635
2026-06-20T20:16Z,France,0.097,0.1965
2026-06-20T21:45Z,Argentina,0.264,0.1175
2026-06-20T21:45Z,Spain,0.22,0.1365
2026-06-20T21:45Z,Morocco,0.04,0.0235
2026-06-20T21:45Z,Belgium,0.031,0.0155
2026-06-20T21:45Z,Colombia,0.03,0.0145
2026-06-20T21:45Z,Ecuador,0.005,0.0035
2026-06-20T21:45Z,Croatia,0.007,0.0065
2026-06-20T21:45Z,Senegal,0.006,0.0055
2026-06-20T21:45Z,Uruguay,0.006,0.0055
2026-06-20T21:45Z,Haiti,0.0,0.0
2026-06-20T21:45Z,Algeria,0.0,0.0005
2026-06-20T21:45Z,Bosnia and Herzegovina,0.0,0.0005
2026-06-20T21:45Z,Cape Verde,0.0,0.0005
2026-06-20T21:45Z,Curaçao,0.0,0.0005
2026-06-20T21:45Z,Czech Republic,0.0,0.0005
2026-06-20T21:45Z,Ghana,0.0,0.0005
2026-06-20T21:45Z,Iran,0.0,0.0005
2026-06-20T21:45Z,Iraq,0.0,0.0005
2026-06-20T21:45Z,Jordan,0.0,0.0005
2026-06-20T21:45Z,New Zealand,0.0,0.0005
2026-06-20T21:45Z,Panama,0.0,0.0005
2026-06-20T21:45Z,Qatar,0.0,0.0005
2026-06-20T21:45Z,Saudi Arabia,0.0,0.0005
2026-06-20T21:45Z,South Africa,0.0,0.0005
2026-06-20T21:45Z,Tunisia,0.0,0.0005
2026-06-20T21:45Z,Uzbekistan,0.0,0.0005
2026-06-20T21:45Z,Austria,0.002,0.0035
2026-06-20T21:45Z,Australia,0.001,0.0025
2026-06-20T21:45Z,Sweden,0.001,0.0025
2026-06-20T21:45Z,DR Congo,0.0,0.0015
2026-06-20T21:45Z,Paraguay,0.0,0.0015
2026-06-20T21:45Z,Scotland,0.0,0.0015
2026-06-20T21:45Z,Egypt,0.0,0.0025
2026-06-20T21:45Z,Switzerland,0.003,0.0065
2026-06-20T21:45Z,Canada,0.0,0.0035
2026-06-20T21:45Z,South Korea,0.0,0.0035
2026-06-20T21:45Z,Ivory Coast,0.001,0.0055
2026-06-20T21:45Z,Mexico,0.002,0.0125
2026-06-20T21:45Z,Norway,0.013,0.0245
2026-06-20T21:45Z,England,0.113,0.1255
2026-06-20T21:45Z,Japan,0.003,0.0155
2026-06-20T21:45Z,Portugal,0.056,0.0715
2026-06-20T21:45Z,Brazil,0.04,0.0595
2026-06-20T21:45Z,Netherlands,0.034,0.0555
2026-06-20T21:45Z,Germany,0.024,0.0555
2026-06-20T21:45Z,United States,0.001,0.0355
2026-06-20T21:45Z,France,0.097,0.1965
2026-06-20T23:03Z,Argentina,0.268,0.1175
2026-06-20T23:03Z,Spain,0.221,0.1365
2026-06-20T23:03Z,Colombia,0.039,0.0145
2026-06-20T23:03Z,Morocco,0.044,0.0225
2026-06-20T23:03Z,Belgium,0.025,0.0155
2026-06-20T23:03Z,Algeria,0.002,0.0005
2026-06-20T23:03Z,Uruguay,0.006,0.0055
2026-06-20T23:03Z,Haiti,0.0,0.0
2026-06-20T23:03Z,Switzerland,0.006,0.0065
2026-06-20T23:03Z,Egypt,0.002,0.0025
2026-06-20T23:03Z,Bosnia and Herzegovina,0.0,0.0005
2026-06-20T23:03Z,Cape Verde,0.0,0.0005
2026-06-20T23:03Z,Curaçao,0.0,0.0005
2026-06-20T23:03Z,Czech Republic,0.0,0.0005
2026-06-20T23:03Z,Ghana,0.0,0.0005
2026-06-20T23:03Z,Iran,0.0,0.0005
2026-06-20T23:03Z,Iraq,0.0,0.0005
2026-06-20T23:03Z,Jordan,0.0,0.0005
2026-06-20T23:03Z,New Zealand,0.0,0.0005
2026-06-20T23:03Z,Panama,0.0,0.0005
2026-06-20T23:03Z,Qatar,0.0,0.0005
2026-06-20T23:03Z,Saudi Arabia,0.0,0.0005
2026-06-20T23:03Z,South Africa,0.0,0.0005
2026-06-20T23:03Z,Tunisia,0.0,0.0005
2026-06-20T23:03Z,Uzbekistan,0.0,0.0005
2026-06-20T23:03Z,Croatia,0.005,0.0065
2026-06-20T23:03Z,Austria,0.002,0.0035
2026-06-20T23:03Z,Australia,0.001,0.0025
2026-06-20T23:03Z,Sweden,0.001,0.0025
2026-06-20T23:03Z,DR Congo,0.0,0.0015
2026-06-20T23:03Z,Paraguay,0.0,0.0015
2026-06-20T23:03Z,Scotland,0.0,0.0015
2026-06-20T23:03Z,England,0.124,0.1255
2026-06-20T23:03Z,Senegal,0.003,0.0055
2026-06-20T23:03Z,Canada,0.001,0.0035
2026-06-20T23:03Z,Ecuador,0.001,0.0035
2026-06-20T23:03Z,South Korea,0.0,0.0035
2026-06-20T23:03Z,Ivory Coast,0.001,0.0055
2026-06-20T23:03Z,Japan,0.007,0.0135
2026-06-20T23:03Z,Norway,0.015,0.0245
2026-06-20T23:03Z,Mexico,0.002,0.0125
2026-06-20T23:03Z,Germany,0.044,0.0575
2026-06-20T23:03Z,Portugal,0.051,0.0715
2026-06-20T23:03Z,Brazil,0.036,0.0595
2026-06-20T23:03Z,United States,0.004,0.0345
2026-06-20T23:03Z,Netherlands,0.023,0.0565
2026-06-20T23:03Z,France,0.066,0.1965
2026-06-21T00:17Z,Argentina,0.268,0.1175
2026-06-21T00:17Z,Spain,0.221,0.1365
2026-06-21T00:17Z,Colombia,0.039,0.0145
2026-06-21T00:17Z,Morocco,0.044,0.0225
2026-06-21T00:17Z,Belgium,0.025,0.0155
2026-06-21T00:17Z,Algeria,0.002,0.0005
2026-06-21T00:17Z,Uruguay,0.006,0.0055
2026-06-21T00:17Z,Egypt,0.002,0.0015
2026-06-21T00:17Z,Haiti,0.0,0.0
2026-06-21T00:17Z,Switzerland,0.006,0.0065
2026-06-21T00:17Z,Bosnia and Herzegovina,0.0,0.0005
2026-06-21T00:17Z,Cape Verde,0.0,0.0005
2026-06-21T00:17Z,Curaçao,0.0,0.0005
2026-06-21T00:17Z,Czech Republic,0.0,0.0005
2026-06-21T00:17Z,Ghana,0.0,0.0005
2026-06-21T00:17Z,Iran,0.0,0.0005
2026-06-21T00:17Z,Iraq,0.0,0.0005
2026-06-21T00:17Z,Jordan,0.0,0.0005
2026-06-21T00:17Z,New Zealand,0.0,0.0005
2026-06-21T00:17Z,Panama,0.0,0.0005
2026-06-21T00:17Z,Qatar,0.0,0.0005
2026-06-21T00:17Z,Saudi Arabia,0.0,0.0005
2026-06-21T00:17Z,South Africa,0.0,0.0005
2026-06-21T00:17Z,Tunisia,0.0,0.0005
2026-06-21T00:17Z,Uzbekistan,0.0,0.0005
2026-06-21T00:17Z,Croatia,0.005,0.0065
2026-06-21T00:17Z,Austria,0.002,0.0035
2026-06-21T00:17Z,Australia,0.001,0.0025
2026-06-21T00:17Z,Sweden,0.001,0.0025
2026-06-21T00:17Z,DR Congo,0.0,0.0015
2026-06-21T00:17Z,Paraguay,0.0,0.0015
2026-06-21T00:17Z,Scotland,0.0,0.0015
2026-06-21T00:17Z,England,0.124,0.1255
2026-06-21T00:17Z,Senegal,0.003,0.0055
2026-06-21T00:17Z,Canada,0.001,0.0035
2026-06-21T00:17Z,Ecuador,0.001,0.0035
2026-06-21T00:17Z,South Korea,0.0,0.0035
2026-06-21T00:17Z,Ivory Coast,0.001,0.0055
2026-06-21T00:17Z,Japan,0.007,0.0135
2026-06-21T00:17Z,Norway,0.015,0.0245
2026-06-21T00:17Z,Mexico,0.002,0.0125
2026-06-21T00:17Z,Germany,0.044,0.0565
2026-06-21T00:17Z,Portugal,0.051,0.0715
2026-06-21T00:17Z,Brazil,0.036,0.0595
2026-06-21T00:17Z,United States,0.004,0.0345
2026-06-21T00:17Z,Netherlands,0.023,0.0545
2026-06-21T00:17Z,France,0.066,0.1975
2026-06-21T05:21Z,Argentina,0.286,0.1175
2026-06-21T05:21Z,Spain,0.18,0.1365
2026-06-21T05:21Z,Morocco,0.054,0.0215
2026-06-21T05:21Z,Colombia,0.027,0.0145
2026-06-21T05:21Z,Belgium,0.021,0.0155
2026-06-21T05:21Z,Croatia,0.011,0.0055
2026-06-21T05:21Z,Uruguay,0.008,0.0055
2026-06-21T05:21Z,Algeria,0.002,0.0005
2026-06-21T05:21Z,Ecuador,0.002,0.0005
2026-06-21T05:21Z,Iran,0.001,0.0005
2026-06-21T05:21Z,Haiti,0.0,0.0
2026-06-21T05:21Z,Austria,0.003,0.0035
2026-06-21T05:21Z,Bosnia and Herzegovina,0.0,0.0005
2026-06-21T05:21Z,Cape Verde,0.0,0.0005
2026-06-21T05:21Z,Curaçao,0.0,0.0005
2026-06-21T05:21Z,Czech Republic,0.0,0.0005
2026-06-21T05:21Z,Ghana,0.0,0.0005
2026-06-21T05:21Z,Iraq,0.0,0.0005
2026-06-21T05:21Z,Jordan,0.0,0.0005
2026-06-21T05:21Z,New Zealand,0.0,0.0005
2026-06-21T05:21Z,Panama,0.0,0.0005
2026-06-21T05:21Z,Qatar,0.0,0.0005
2026-06-21T05:21Z,Saudi Arabia,0.0,0.0005
2026-06-21T05:21Z,South Africa,0.0,0.0005
2026-06-21T05:21Z,Tunisia,0.0,0.0005
2026-06-21T05:21Z,Uzbekistan,0.0,0.0005
2026-06-21T05:21Z,DR Congo,0.0,0.0015
2026-06-21T05:21Z,Paraguay,0.0,0.0015
2026-06-21T05:21Z,Scotland,0.0,0.0015
2026-06-21T05:21Z,Switzerland,0.004,0.0065
2026-06-21T05:21Z,South Korea,0.001,0.0035
2026-06-21T05:21Z,Australia,0.0,0.0025
2026-06-21T05:21Z,Egypt,0.0,0.0025
2026-06-21T05:21Z,Sweden,0.0,0.0025
2026-06-21T05:21Z,Canada,0.0,0.0035
2026-06-21T05:21Z,Ivory Coast,0.001,0.0055
2026-06-21T05:21Z,Senegal,0.0,0.0055
2026-06-21T05:21Z,England,0.116,0.1255
2026-06-21T05:21Z,Brazil,0.05,0.0595
2026-06-21T05:21Z,Norway,0.015,0.0245
2026-06-21T05:21Z,Portugal,0.059,0.0705
2026-06-21T05:21Z,Mexico,0.001,0.0125
2026-06-21T05:21Z,Japan,0.003,0.0205
2026-06-21T05:21Z,Germany,0.034,0.0535
2026-06-21T05:21Z,Netherlands,0.032,0.0585
2026-06-21T05:21Z,United States,0.002,0.0385
2026-06-21T05:21Z,France,0.087,0.1975
2026-06-21T09:09Z,Argentina,0.27,0.1175
2026-06-21T09:09Z,Spain,0.199,0.1365
2026-06-21T09:09Z,Portugal,0.085,0.0685
2026-06-21T09:09Z,Colombia,0.03,0.0145
2026-06-21T09:09Z,Belgium,0.029,0.0155
2026-06-21T09:09Z,Morocco,0.033,0.0215
2026-06-21T09:09Z,Switzerland,0.007,0.0065
2026-06-21T09:09Z,Algeria,0.001,0.0005
2026-06-21T09:09Z,Haiti,0.0,0.0
2026-06-21T09:09Z,Tunisia,0.0,0.0
2026-06-21T09:09Z,Canada,0.003,0.0035
2026-06-21T09:09Z,Bosnia and Herzegovina,0.0,0.0005
2026-06-21T09:09Z,Cape Verde,0.0,0.0005
2026-06-21T09:09Z,Curaçao,0.0,0.0005
2026-06-21T09:09Z,Czech Republic,0.0,0.0005
2026-06-21T09:09Z,Ghana,0.0,0.0005
2026-06-21T09:09Z,Iran,0.0,0.0005
2026-06-21T09:09Z,Iraq,0.0,0.0005
2026-06-21T09:09Z,Jordan,0.0,0.0005
2026-06-21T09:09Z,New Zealand,0.0,0.0005
2026-06-21T09:09Z,Panama,0.0,0.0005
2026-06-21T09:09Z,Qatar,0.0,0.0005
2026-06-21T09:09Z,Saudi Arabia,0.0,0.0005
2026-06-21T09:09Z,South Africa,0.0,0.0005
2026-06-21T09:09Z,Uzbekistan,0.0,0.0005
2026-06-21T09:09Z,Austria,0.002,0.0035
2026-06-21T09:09Z,Australia,0.001,0.0025
2026-06-21T09:09Z,Egypt,0.001,0.0025
2026-06-21T09:09Z,DR Congo,0.0,0.0015
2026-06-21T09:09Z,Ecuador,0.0,0.0015
2026-06-21T09:09Z,Paraguay,0.0,0.0015
2026-06-21T09:09Z,Scotland,0.0,0.0015
2026-06-21T09:09Z,Sweden,0.0,0.0025
2026-06-21T09:09Z,Uruguay,0.002,0.0055
2026-06-21T09:09Z,South Korea,0.0,0.0035
2026-06-21T09:09Z,Croatia,0.001,0.0055
2026-06-21T09:09Z,Ivory Coast,0.001,0.0055
2026-06-21T09:09Z,Senegal,0.0,0.0055
2026-06-21T09:09Z,Japan,0.012,0.0195
2026-06-21T09:09Z,Mexico,0.002,0.0125
2026-06-21T09:09Z,Germany,0.042,0.0565
2026-06-21T09:09Z,Norway,0.008,0.0245
2026-06-21T09:09Z,England,0.102,0.1255
2026-06-21T09:09Z,Brazil,0.034,0.0595
2026-06-21T09:09Z,Netherlands,0.028,0.0575
2026-06-21T09:09Z,United States,0.004,0.0385
2026-06-21T09:09Z,France,0.103,0.1975
2026-06-21T12:01Z,Argentina,0.27,0.1175
2026-06-21T12:01Z,Spain,0.199,0.1365
2026-06-21T12:01Z,Portugal,0.085,0.0685
2026-06-21T12:01Z,Colombia,0.03,0.0145
2026-06-21T12:01Z,Belgium,0.029,0.0155
2026-06-21T12:01Z,Morocco,0.033,0.0225
2026-06-21T12:01Z,Algeria,0.001,0.0005
2026-06-21T12:01Z,Haiti,0.0,0.0
2026-06-21T12:01Z,Tunisia,0.0,0.0
2026-06-21T12:01Z,Switzerland,0.007,0.0075
2026-06-21T12:01Z,Canada,0.003,0.0035
2026-06-21T12:01Z,Bosnia and Herzegovina,0.0,0.0005
2026-06-21T12:01Z,Cape Verde,0.0,0.0005
2026-06-21T12:01Z,Curaçao,0.0,0.0005
2026-06-21T12:01Z,Czech Republic,0.0,0.0005
2026-06-21T12:01Z,Ghana,0.0,0.0005
2026-06-21T12:01Z,Iran,0.0,0.0005
2026-06-21T12:01Z,Iraq,0.0,0.0005
2026-06-21T12:01Z,Jordan,0.0,0.0005
2026-06-21T12:01Z,New Zealand,0.0,0.0005
2026-06-21T12:01Z,Panama,0.0,0.0005
2026-06-21T12:01Z,Qatar,0.0,0.0005
2026-06-21T12:01Z,Saudi Arabia,0.0,0.0005
2026-06-21T12:01Z,South Africa,0.0,0.0005
2026-06-21T12:01Z,Uzbekistan,0.0,0.0005
2026-06-21T12:01Z,Austria,0.002,0.0035
2026-06-21T12:01Z,Australia,0.001,0.0025
2026-06-21T12:01Z,Egypt,0.001,0.0025
2026-06-21T12:01Z,DR Congo,0.0,0.0015
2026-06-21T12:01Z,Ecuador,0.0,0.0015
2026-06-21T12:01Z,Paraguay,0.0,0.0015
2026-06-21T12:01Z,Scotland,0.0,0.0015
2026-06-21T12:01Z,Sweden,0.0,0.0025
2026-06-21T12:01Z,Uruguay,0.002,0.0055
2026-06-21T12:01Z,South Korea,0.0,0.0035
2026-06-21T12:01Z,Croatia,0.001,0.0055
2026-06-21T12:01Z,Ivory Coast,0.001,0.0055
2026-06-21T12:01Z,Senegal,0.0,0.0055
2026-06-21T12:01Z,Mexico,0.002,0.0135
2026-06-21T12:01Z,Japan,0.012,0.0245
2026-06-21T12:01Z,Germany,0.042,0.0565
2026-06-21T12:01Z,Norway,0.008,0.0245
2026-06-21T12:01Z,England,0.102,0.1255
2026-06-21T12:01Z,Brazil,0.034,0.0595
2026-06-21T12:01Z,Netherlands,0.028,0.0565
2026-06-21T12:01Z,United States,0.004,0.0395
2026-06-21T12:01Z,France,0.103,0.1975
2026-06-21T14:09Z,Argentina,0.27,0.1175
2026-06-21T14:09Z,Spain,0.199,0.1365
2026-06-21T14:09Z,Portugal,0.085,0.0685
2026-06-21T14:09Z,Colombia,0.03,0.0145
2026-06-21T14:09Z,Belgium,0.029,0.0155
2026-06-21T14:09Z,Morocco,0.033,0.0235
2026-06-21T14:09Z,Algeria,0.001,0.0005
2026-06-21T14:09Z,Haiti,0.0,0.0
2026-06-21T14:09Z,Tunisia,0.0,0.0
2026-06-21T14:09Z,Switzerland,0.007,0.0075
2026-06-21T14:09Z,Canada,0.003,0.0035
2026-06-21T14:09Z,Bosnia and Herzegovina,0.0,0.0005
2026-06-21T14:09Z,Cape Verde,0.0,0.0005
2026-06-21T14:09Z,Curaçao,0.0,0.0005
2026-06-21T14:09Z,Czech Republic,0.0,0.0005
2026-06-21T14:09Z,Ghana,0.0,0.0005
2026-06-21T14:09Z,Iran,0.0,0.0005
2026-06-21T14:09Z,Iraq,0.0,0.0005
2026-06-21T14:09Z,Jordan,0.0,0.0005
2026-06-21T14:09Z,New Zealand,0.0,0.0005
2026-06-21T14:09Z,Panama,0.0,0.0005
2026-06-21T14:09Z,Qatar,0.0,0.0005
2026-06-21T14:09Z,Saudi Arabia,0.0,0.0005
2026-06-21T14:09Z,South Africa,0.0,0.0005
2026-06-21T14:09Z,Uzbekistan,0.0,0.0005
2026-06-21T14:09Z,Austria,0.002,0.0035
2026-06-21T14:09Z,Australia,0.001,0.0025
2026-06-21T14:09Z,Egypt,0.001,0.0025
2026-06-21T14:09Z,DR Congo,0.0,0.0015
2026-06-21T14:09Z,Ecuador,0.0,0.0015
2026-06-21T14:09Z,Paraguay,0.0,0.0015
2026-06-21T14:09Z,Scotland,0.0,0.0015
2026-06-21T14:09Z,Sweden,0.0,0.0025
2026-06-21T14:09Z,Uruguay,0.002,0.0055
2026-06-21T14:09Z,South Korea,0.0,0.0035
2026-06-21T14:09Z,Croatia,0.001,0.0055
2026-06-21T14:09Z,Ivory Coast,0.001,0.0055
2026-06-21T14:09Z,Senegal,0.0,0.0055
2026-06-21T14:09Z,Japan,0.012,0.0235
2026-06-21T14:09Z,Mexico,0.002,0.0135
2026-06-21T14:09Z,Germany,0.042,0.0575
2026-06-21T14:09Z,Norway,0.008,0.0245
2026-06-21T14:09Z,England,0.102,0.1255
2026-06-21T14:09Z,Brazil,0.034,0.0595
2026-06-21T14:09Z,Netherlands,0.028,0.0565
2026-06-21T14:09Z,United States,0.004,0.0395
2026-06-21T14:09Z,France,0.103,0.1975
2026-06-21T16:15Z,Argentina,0.27,0.1185
2026-06-21T16:15Z,Spain,0.199,0.1365
2026-06-21T16:15Z,Portugal,0.085,0.0665
2026-06-21T16:15Z,Colombia,0.03,0.0145
2026-06-21T16:15Z,Belgium,0.029,0.0155
2026-06-21T16:15Z,Morocco,0.033,0.0235
2026-06-21T16:15Z,Algeria,0.001,0.0005
2026-06-21T16:15Z,Haiti,0.0,0.0
2026-06-21T16:15Z,Tunisia,0.0,0.0
2026-06-21T16:15Z,Switzerland,0.007,0.0075
2026-06-21T16:15Z,Canada,0.003,0.0035
2026-06-21T16:15Z,Bosnia and Herzegovina,0.0,0.0005
2026-06-21T16:15Z,Cape Verde,0.0,0.0005
2026-06-21T16:15Z,Curaçao,0.0,0.0005
2026-06-21T16:15Z,Czech Republic,0.0,0.0005
2026-06-21T16:15Z,Ghana,0.0,0.0005
2026-06-21T16:15Z,Iran,0.0,0.0005
2026-06-21T16:15Z,Iraq,0.0,0.0005
2026-06-21T16:15Z,Jordan,0.0,0.0005
2026-06-21T16:15Z,New Zealand,0.0,0.0005
2026-06-21T16:15Z,Panama,0.0,0.0005
2026-06-21T16:15Z,Qatar,0.0,0.0005
2026-06-21T16:15Z,Saudi Arabia,0.0,0.0005
2026-06-21T16:15Z,South Africa,0.0,0.0005
2026-06-21T16:15Z,Uzbekistan,0.0,0.0005
2026-06-21T16:15Z,Austria,0.002,0.0035
2026-06-21T16:15Z,Australia,0.001,0.0025
2026-06-21T16:15Z,Egypt,0.001,0.0025
2026-06-21T16:15Z,DR Congo,0.0,0.0015
2026-06-21T16:15Z,Ecuador,0.0,0.0015
2026-06-21T16:15Z,Paraguay,0.0,0.0015
2026-06-21T16:15Z,Scotland,0.0,0.0015
2026-06-21T16:15Z,Sweden,0.0,0.0025
2026-06-21T16:15Z,Uruguay,0.002,0.0055
2026-06-21T16:15Z,Croatia,0.001,0.0045
2026-06-21T16:15Z,South Korea,0.0,0.0035
2026-06-21T16:15Z,Ivory Coast,0.001,0.0055
2026-06-21T16:15Z,Senegal,0.0,0.0055
2026-06-21T16:15Z,Japan,0.012,0.0205
2026-06-21T16:15Z,Germany,0.042,0.0535
2026-06-21T16:15Z,Mexico,0.002,0.0135
2026-06-21T16:15Z,Norway,0.008,0.0245
2026-06-21T16:15Z,England,0.102,0.1255
2026-06-21T16:15Z,Brazil,0.034,0.0595
2026-06-21T16:15Z,Netherlands,0.028,0.0565
2026-06-21T16:15Z,United States,0.004,0.0395
2026-06-21T16:15Z,France,0.103,0.1975
2026-06-21T17:57Z,Argentina,0.27,0.1185
2026-06-21T17:57Z,Spain,0.199,0.1445
2026-06-21T17:57Z,Portugal,0.085,0.0665
2026-06-21T17:57Z,Colombia,0.03,0.0145
2026-06-21T17:57Z,Belgium,0.029,0.0155
2026-06-21T17:57Z,Morocco,0.033,0.0235
2026-06-21T17:57Z,Algeria,0.001,0.0005
2026-06-21T17:57Z,Haiti,0.0,0.0
2026-06-21T17:57Z,Tunisia,0.0,0.0
2026-06-21T17:57Z,Switzerland,0.007,0.0075
2026-06-21T17:57Z,Canada,0.003,0.0035
2026-06-21T17:57Z,Bosnia and Herzegovina,0.0,0.0005
2026-06-21T17:57Z,Cape Verde,0.0,0.0005
2026-06-21T17:57Z,Curaçao,0.0,0.0005
2026-06-21T17:57Z,Czech Republic,0.0,0.0005
2026-06-21T17:57Z,Ghana,0.0,0.0005
2026-06-21T17:57Z,Iran,0.0,0.0005
2026-06-21T17:57Z,Iraq,0.0,0.0005
2026-06-21T17:57Z,Jordan,0.0,0.0005
2026-06-21T17:57Z,New Zealand,0.0,0.0005
2026-06-21T17:57Z,Panama,0.0,0.0005
2026-06-21T17:57Z,Qatar,0.0,0.0005
2026-06-21T17:57Z,Saudi Arabia,0.0,0.0005
2026-06-21T17:57Z,South Africa,0.0,0.0005
2026-06-21T17:57Z,Uzbekistan,0.0,0.0005
2026-06-21T17:57Z,Austria,0.002,0.0035
2026-06-21T17:57Z,Australia,0.001,0.0025
2026-06-21T17:57Z,Egypt,0.001,0.0025
2026-06-21T17:57Z,DR Congo,0.0,0.0015
2026-06-21T17:57Z,Ecuador,0.0,0.0015
2026-06-21T17:57Z,Paraguay,0.0,0.0015
2026-06-21T17:57Z,Scotland,0.0,0.0015
2026-06-21T17:57Z,Sweden,0.0,0.0025
2026-06-21T17:57Z,Uruguay,0.002,0.0055
2026-06-21T17:57Z,Croatia,0.001,0.0045
2026-06-21T17:57Z,Ivory Coast,0.001,0.0045
2026-06-21T17:57Z,South Korea,0.0,0.0035
2026-06-21T17:57Z,Senegal,0.0,0.0055
2026-06-21T17:57Z,Japan,0.012,0.0225
2026-06-21T17:57Z,Germany,0.042,0.0535
2026-06-21T17:57Z,Mexico,0.002,0.0135
2026-06-21T17:57Z,Norway,0.008,0.0235
2026-06-21T17:57Z,England,0.102,0.1255
2026-06-21T17:57Z,Brazil,0.034,0.0595
2026-06-21T17:57Z,Netherlands,0.028,0.0555
2026-06-21T17:57Z,United States,0.004,0.0395
2026-06-21T17:57Z,France,0.103,0.1975
2026-06-21T19:23Z,Argentina,0.268,0.1175
2026-06-21T19:23Z,Spain,0.226,0.1425
2026-06-21T19:23Z,Morocco,0.047,0.0225
2026-06-21T19:23Z,Colombia,0.027,0.0145
2026-06-21T19:23Z,Belgium,0.022,0.0155
2026-06-21T19:23Z,Uruguay,0.006,0.0055
2026-06-21T19:23Z,Algeria,0.001,0.0005
2026-06-21T19:23Z,Haiti,0.0,0.0
2026-06-21T19:23Z,Tunisia,0.0,0.0
2026-06-21T19:23Z,Ecuador,0.001,0.0015
2026-06-21T19:23Z,Paraguay,0.001,0.0015
2026-06-21T19:23Z,Bosnia and Herzegovina,0.0,0.0005
2026-06-21T19:23Z,Cape Verde,0.0,0.0005
2026-06-21T19:23Z,Curaçao,0.0,0.0005
2026-06-21T19:23Z,Czech Republic,0.0,0.0005
2026-06-21T19:23Z,Ghana,0.0,0.0005
2026-06-21T19:23Z,Iran,0.0,0.0005
2026-06-21T19:23Z,Iraq,0.0,0.0005
2026-06-21T19:23Z,Jordan,0.0,0.0005
2026-06-21T19:23Z,New Zealand,0.0,0.0005
2026-06-21T19:23Z,Panama,0.0,0.0005
2026-06-21T19:23Z,Qatar,0.0,0.0005
2026-06-21T19:23Z,Saudi Arabia,0.0,0.0005
2026-06-21T19:23Z,South Africa,0.0,0.0005
2026-06-21T19:23Z,Uzbekistan,0.0,0.0005
2026-06-21T19:23Z,Austria,0.002,0.0035
2026-06-21T19:23Z,Australia,0.001,0.0025
2026-06-21T19:23Z,DR Congo,0.0,0.0015
2026-06-21T19:23Z,Scotland,0.0,0.0015
2026-06-21T19:23Z,Croatia,0.002,0.0045
2026-06-21T19:23Z,Canada,0.001,0.0035
2026-06-21T19:23Z,Egypt,0.0,0.0025
2026-06-21T19:23Z,South Korea,0.0,0.0025
2026-06-21T19:23Z,Sweden,0.0,0.0025
2026-06-21T19:23Z,Japan,0.02,0.0235
2026-06-21T19:23Z,Senegal,0.001,0.0055
2026-06-21T19:23Z,Ivory Coast,0.0,0.0045
2026-06-21T19:23Z,Switzerland,0.002,0.0075
2026-06-21T19:23Z,Mexico,0.002,0.0135
2026-06-21T19:23Z,England,0.111,0.1255
2026-06-21T19:23Z,Brazil,0.045,0.0595
2026-06-21T19:23Z,Norway,0.009,0.0235
2026-06-21T19:23Z,Portugal,0.051,0.0665
2026-06-21T19:23Z,Netherlands,0.034,0.0555
2026-06-21T19:23Z,Germany,0.029,0.0535
2026-06-21T19:23Z,United States,0.002,0.0385
2026-06-21T19:23Z,France,0.089,0.1975
2026-06-21T20:52Z,Argentina,0.268,0.1175
2026-06-21T20:52Z,Spain,0.226,0.1405
2026-06-21T20:52Z,Morocco,0.047,0.0225
2026-06-21T20:52Z,Colombia,0.027,0.0145
2026-06-21T20:52Z,Belgium,0.022,0.0105
2026-06-21T20:52Z,Uruguay,0.006,0.0055
2026-06-21T20:52Z,Algeria,0.001,0.0005
2026-06-21T20:52Z,Haiti,0.0,0.0
2026-06-21T20:52Z,Tunisia,0.0,0.0
2026-06-21T20:52Z,Ecuador,0.001,0.0015
2026-06-21T20:52Z,Paraguay,0.001,0.0015
2026-06-21T20:52Z,Bosnia and Herzegovina,0.0,0.0005
2026-06-21T20:52Z,Cape Verde,0.0,0.0005
2026-06-21T20:52Z,Curaçao,0.0,0.0005
2026-06-21T20:52Z,Czech Republic,0.0,0.0005
2026-06-21T20:52Z,Ghana,0.0,0.0005
2026-06-21T20:52Z,Iran,0.0,0.0005
2026-06-21T20:52Z,Iraq,0.0,0.0005
2026-06-21T20:52Z,Jordan,0.0,0.0005
2026-06-21T20:52Z,New Zealand,0.0,0.0005
2026-06-21T20:52Z,Panama,0.0,0.0005
2026-06-21T20:52Z,Qatar,0.0,0.0005
2026-06-21T20:52Z,Saudi Arabia,0.0,0.0005
2026-06-21T20:52Z,South Africa,0.0,0.0005
2026-06-21T20:52Z,Uzbekistan,0.0,0.0005
2026-06-21T20:52Z,Japan,0.02,0.0205
2026-06-21T20:52Z,Austria,0.002,0.0035
2026-06-21T20:52Z,Australia,0.001,0.0025
2026-06-21T20:52Z,DR Congo,0.0,0.0015
2026-06-21T20:52Z,Scotland,0.0,0.0015
2026-06-21T20:52Z,Croatia,0.002,0.0045
2026-06-21T20:52Z,Canada,0.001,0.0035
2026-06-21T20:52Z,Egypt,0.0,0.0025
2026-06-21T20:52Z,South Korea,0.0,0.0025
2026-06-21T20:52Z,Sweden,0.0,0.0025
2026-06-21T20:52Z,Switzerland,0.002,0.0065
2026-06-21T20:52Z,Senegal,0.001,0.0055
2026-06-21T20:52Z,Ivory Coast,0.0,0.0045
2026-06-21T20:52Z,Mexico,0.002,0.0135
2026-06-21T20:52Z,England,0.111,0.1255
2026-06-21T20:52Z,Brazil,0.045,0.0595
2026-06-21T20:52Z,Norway,0.009,0.0235
2026-06-21T20:52Z,Portugal,0.051,0.0665
2026-06-21T20:52Z,Netherlands,0.034,0.0555
2026-06-21T20:52Z,Germany,0.029,0.0535
2026-06-21T20:52Z,United States,0.002,0.0385
2026-06-21T20:52Z,France,0.089,0.1975
2026-06-21T22:12Z,Argentina,0.255,0.1175
2026-06-21T22:12Z,Spain,0.248,0.1385
2026-06-21T22:12Z,Morocco,0.052,0.0225
2026-06-21T22:12Z,Colombia,0.034,0.0145
2026-06-21T22:12Z,Belgium,0.018,0.0115
2026-06-21T22:12Z,Croatia,0.005,0.0045
2026-06-21T22:12Z,Haiti,0.0,0.0
2026-06-21T22:12Z,Tunisia,0.0,0.0
2026-06-21T22:12Z,Switzerland,0.006,0.0065
2026-06-21T22:12Z,Australia,0.002,0.0025
2026-06-21T22:12Z,Ecuador,0.001,0.0015
2026-06-21T22:12Z,Algeria,0.0,0.0005
2026-06-21T22:12Z,Bosnia and Herzegovina,0.0,0.0005
2026-06-21T22:12Z,Cape Verde,0.0,0.0005
2026-06-21T22:12Z,Curaçao,0.0,0.0005
2026-06-21T22:12Z,Czech Republic,0.0,0.0005
2026-06-21T22:12Z,Ghana,0.0,0.0005
2026-06-21T22:12Z,Iran,0.0,0.0005
2026-06-21T22:12Z,Iraq,0.0,0.0005
2026-06-21T22:12Z,Jordan,0.0,0.0005
2026-06-21T22:12Z,New Zealand,0.0,0.0005
2026-06-21T22:12Z,Panama,0.0,0.0005
2026-06-21T22:12Z,Qatar,0.0,0.0005
2026-06-21T22:12Z,Saudi Arabia,0.0,0.0005
2026-06-21T22:12Z,South Africa,0.0,0.0005
2026-06-21T22:12Z,Uzbekistan,0.0,0.0005
2026-06-21T22:12Z,DR Congo,0.0,0.0015
2026-06-21T22:12Z,Paraguay,0.0,0.0015
2026-06-21T22:12Z,Scotland,0.0,0.0015
2026-06-21T22:12Z,Uruguay,0.003,0.0055
2026-06-21T22:12Z,Ivory Coast,0.002,0.0045
2026-06-21T22:12Z,Canada,0.001,0.0035
2026-06-21T22:12Z,Egypt,0.0,0.0025
2026-06-21T22:12Z,South Korea,0.0,0.0025
2026-06-21T22:12Z,Sweden,0.0,0.0025
2026-06-21T22:12Z,Austria,0.0,0.0035
2026-06-21T22:12Z,Senegal,0.001,0.0055
2026-06-21T22:12Z,Mexico,0.003,0.0125
2026-06-21T22:12Z,Japan,0.012,0.0225
2026-06-21T22:12Z,Germany,0.043,0.0535
2026-06-21T22:12Z,Norway,0.01,0.0235
2026-06-21T22:12Z,Portugal,0.052,0.0665
2026-06-21T22:12Z,England,0.107,0.1255
2026-06-21T22:12Z,Brazil,0.036,0.0575
2026-06-21T22:12Z,Netherlands,0.021,0.0555
2026-06-21T22:12Z,United States,0.004,0.0385
2026-06-21T22:12Z,France,0.083,0.1975
2026-06-21T23:49Z,Argentina,0.255,0.1175
2026-06-21T23:49Z,Spain,0.248,0.1385
2026-06-21T23:49Z,Morocco,0.052,0.0225
2026-06-21T23:49Z,Colombia,0.034,0.0145
2026-06-21T23:49Z,Belgium,0.018,0.0115
2026-06-21T23:49Z,Croatia,0.005,0.0045
2026-06-21T23:49Z,Uruguay,0.003,0.0025
2026-06-21T23:49Z,Haiti,0.0,0.0
2026-06-21T23:49Z,Tunisia,0.0,0.0
2026-06-21T23:49Z,Switzerland,0.006,0.0065
2026-06-21T23:49Z,Australia,0.002,0.0025
2026-06-21T23:49Z,Ecuador,0.001,0.0015
2026-06-21T23:49Z,Algeria,0.0,0.0005
2026-06-21T23:49Z,Bosnia and Herzegovina,0.0,0.0005
2026-06-21T23:49Z,Cape Verde,0.0,0.0005
2026-06-21T23:49Z,Curaçao,0.0,0.0005
2026-06-21T23:49Z,Czech Republic,0.0,0.0005
2026-06-21T23:49Z,Ghana,0.0,0.0005
2026-06-21T23:49Z,Iran,0.0,0.0005
2026-06-21T23:49Z,Iraq,0.0,0.0005
2026-06-21T23:49Z,Jordan,0.0,0.0005
2026-06-21T23:49Z,New Zealand,0.0,0.0005
2026-06-21T23:49Z,Panama,0.0,0.0005
2026-06-21T23:49Z,Qatar,0.0,0.0005
2026-06-21T23:49Z,Saudi Arabia,0.0,0.0005
2026-06-21T23:49Z,South Africa,0.0,0.0005
2026-06-21T23:49Z,Uzbekistan,0.0,0.0005
2026-06-21T23:49Z,DR Congo,0.0,0.0015
2026-06-21T23:49Z,Paraguay,0.0,0.0015
2026-06-21T23:49Z,Scotland,0.0,0.0015
2026-06-21T23:49Z,Ivory Coast,0.002,0.0045
2026-06-21T23:49Z,Canada,0.001,0.0035
2026-06-21T23:49Z,Egypt,0.0,0.0025
2026-06-21T23:49Z,South Korea,0.0,0.0025
2026-06-21T23:49Z,Sweden,0.0,0.0025
2026-06-21T23:49Z,Austria,0.0,0.0035
2026-06-21T23:49Z,Senegal,0.001,0.0055
2026-06-21T23:49Z,Japan,0.012,0.0215
2026-06-21T23:49Z,Mexico,0.003,0.0125
2026-06-21T23:49Z,Norway,0.01,0.0205
2026-06-21T23:49Z,Germany,0.043,0.0535
2026-06-21T23:49Z,Portugal,0.052,0.0665
2026-06-21T23:49Z,England,0.107,0.1255
2026-06-21T23:49Z,Brazil,0.036,0.0575
2026-06-21T23:49Z,Netherlands,0.021,0.0545
2026-06-21T23:49Z,United States,0.004,0.0375
2026-06-21T23:49Z,France,0.083,0.1975
2026-06-22T03:02Z,Argentina,0.273,0.1175
2026-06-22T03:02Z,Spain,0.232,0.1385
2026-06-22T03:02Z,Morocco,0.038,0.0225
2026-06-22T03:02Z,Colombia,0.027,0.0145
2026-06-22T03:02Z,Belgium,0.023,0.0105
2026-06-22T03:02Z,Switzerland,0.01,0.0065
2026-06-22T03:02Z,Croatia,0.007,0.0045
2026-06-22T03:02Z,Portugal,0.068,0.0665
2026-06-22T03:02Z,Scotland,0.002,0.0015
2026-06-22T03:02Z,Iran,0.001,0.0005
2026-06-22T03:02Z,Haiti,0.0,0.0
2026-06-22T03:02Z,Tunisia,0.0,0.0
2026-06-22T03:02Z,Algeria,0.0,0.0005
2026-06-22T03:02Z,Bosnia and Herzegovina,0.0,0.0005
2026-06-22T03:02Z,Curaçao,0.0,0.0005
2026-06-22T03:02Z,Czech Republic,0.0,0.0005
2026-06-22T03:02Z,Ghana,0.0,0.0005
2026-06-22T03:02Z,Iraq,0.0,0.0005
2026-06-22T03:02Z,Jordan,0.0,0.0005
2026-06-22T03:02Z,New Zealand,0.0,0.0005
2026-06-22T03:02Z,Panama,0.0,0.0005
2026-06-22T03:02Z,Qatar,0.0,0.0005
2026-06-22T03:02Z,Saudi Arabia,0.0,0.0005
2026-06-22T03:02Z,South Africa,0.0,0.0005
2026-06-22T03:02Z,Uzbekistan,0.0,0.0005
2026-06-22T03:02Z,Senegal,0.004,0.0055
2026-06-22T03:02Z,Ivory Coast,0.003,0.0045
2026-06-22T03:02Z,Austria,0.002,0.0035
2026-06-22T03:02Z,Australia,0.001,0.0025
2026-06-22T03:02Z,Sweden,0.001,0.0025
2026-06-22T03:02Z,Cape Verde,0.0,0.0015
2026-06-22T03:02Z,DR Congo,0.0,0.0015
2026-06-22T03:02Z,Ecuador,0.0,0.0015
2026-06-22T03:02Z,Paraguay,0.0,0.0015
2026-06-22T03:02Z,Uruguay,0.0,0.0015
2026-06-22T03:02Z,Canada,0.001,0.0035
2026-06-22T03:02Z,Egypt,0.0,0.0025
2026-06-22T03:02Z,South Korea,0.0,0.0025
2026-06-22T03:02Z,Mexico,0.002,0.0125
2026-06-22T03:02Z,Norway,0.007,0.0195
2026-06-22T03:02Z,Japan,0.008,0.0215
2026-06-22T03:02Z,England,0.108,0.1255
2026-06-22T03:02Z,Germany,0.035,0.0535
2026-06-22T03:02Z,Brazil,0.034,0.0575
2026-06-22T03:02Z,Netherlands,0.029,0.0545
2026-06-22T03:02Z,United States,0.003,0.0375
2026-06-22T03:02Z,France,0.081,0.1975
2026-06-22T09:16Z,Argentina,0.275,0.1245
2026-06-22T09:16Z,Spain,0.246,0.1385
2026-06-22T09:16Z,Colombia,0.031,0.0145
2026-06-22T09:16Z,Morocco,0.027,0.0215
2026-06-22T09:16Z,Belgium,0.013,0.0105
2026-06-22T09:16Z,Algeria,0.002,0.0005
2026-06-22T09:16Z,Senegal,0.006,0.0055
2026-06-22T09:16Z,Haiti,0.0,0.0
2026-06-22T09:16Z,Tunisia,0.0,0.0
2026-06-22T09:16Z,Croatia,0.004,0.0045
2026-06-22T09:16Z,Ecuador,0.001,0.0015
2026-06-22T09:16Z,Scotland,0.001,0.0015
2026-06-22T09:16Z,Bosnia and Herzegovina,0.0,0.0005
2026-06-22T09:16Z,Curaçao,0.0,0.0005
2026-06-22T09:16Z,Czech Republic,0.0,0.0005
2026-06-22T09:16Z,Iran,0.0,0.0005
2026-06-22T09:16Z,Iraq,0.0,0.0005
2026-06-22T09:16Z,Jordan,0.0,0.0005
2026-06-22T09:16Z,New Zealand,0.0,0.0005
2026-06-22T09:16Z,Panama,0.0,0.0005
2026-06-22T09:16Z,Qatar,0.0,0.0005
2026-06-22T09:16Z,Saudi Arabia,0.0,0.0005
2026-06-22T09:16Z,South Africa,0.0,0.0005
2026-06-22T09:16Z,Uzbekistan,0.0,0.0005
2026-06-22T09:16Z,Switzerland,0.005,0.0065
2026-06-22T09:16Z,Egypt,0.001,0.0025
2026-06-22T09:16Z,South Korea,0.001,0.0025
2026-06-22T09:16Z,Cape Verde,0.0,0.0015
2026-06-22T09:16Z,DR Congo,0.0,0.0015
2026-06-22T09:16Z,Ghana,0.0,0.0015
2026-06-22T09:16Z,Paraguay,0.0,0.0015
2026-06-22T09:16Z,Uruguay,0.0,0.0015
2026-06-22T09:16Z,Ivory Coast,0.002,0.0045
2026-06-22T09:16Z,Australia,0.0,0.0025
2026-06-22T09:16Z,Sweden,0.0,0.0025
2026-06-22T09:16Z,Austria,0.0,0.0035
2026-06-22T09:16Z,Canada,0.0,0.0035
2026-06-22T09:16Z,Norway,0.01,0.0195
2026-06-22T09:16Z,Japan,0.013,0.0235
2026-06-22T09:16Z,Portugal,0.056,0.0665
2026-06-22T09:16Z,Brazil,0.047,0.0575
2026-06-22T09:16Z,Mexico,0.001,0.0125
2026-06-22T09:16Z,Germany,0.043,0.0545
2026-06-22T09:16Z,England,0.098,0.1255
2026-06-22T09:16Z,Netherlands,0.027,0.0545
2026-06-22T09:16Z,United States,0.002,0.0355
2026-06-22T09:16Z,France,0.088,0.1975
2026-06-22T15:05Z,Argentina,0.275,0.1315
2026-06-22T15:05Z,Spain,0.246,0.1385
2026-06-22T15:05Z,Colombia,0.031,0.0155
2026-06-22T15:05Z,Morocco,0.027,0.0215
2026-06-22T15:05Z,Belgium,0.013,0.0105
2026-06-22T15:05Z,Algeria,0.002,0.0005
2026-06-22T15:05Z,Senegal,0.006,0.0055
2026-06-22T15:05Z,Haiti,0.0,0.0
2026-06-22T15:05Z,Tunisia,0.0,0.0
2026-06-22T15:05Z,Ecuador,0.001,0.0015
2026-06-22T15:05Z,Scotland,0.001,0.0015
2026-06-22T15:05Z,Bosnia and Herzegovina,0.0,0.0005
2026-06-22T15:05Z,Curaçao,0.0,0.0005
2026-06-22T15:05Z,Czech Republic,0.0,0.0005
2026-06-22T15:05Z,Iran,0.0,0.0005
2026-06-22T15:05Z,Iraq,0.0,0.0005
2026-06-22T15:05Z,Jordan,0.0,0.0005
2026-06-22T15:05Z,New Zealand,0.0,0.0005
2026-06-22T15:05Z,Panama,0.0,0.0005
2026-06-22T15:05Z,Qatar,0.0,0.0005
2026-06-22T15:05Z,Saudi Arabia,0.0,0.0005
2026-06-22T15:05Z,South Africa,0.0,0.0005
2026-06-22T15:05Z,Uzbekistan,0.0,0.0005
2026-06-22T15:05Z,Switzerland,0.005,0.0065
2026-06-22T15:05Z,Croatia,0.004,0.0055
2026-06-22T15:05Z,Egypt,0.001,0.0025
2026-06-22T15:05Z,South Korea,0.001,0.0025
2026-06-22T15:05Z,Cape Verde,0.0,0.0015
2026-06-22T15:05Z,DR Congo,0.0,0.0015
2026-06-22T15:05Z,Ghana,0.0,0.0015
2026-06-22T15:05Z,Paraguay,0.0,0.0015
2026-06-22T15:05Z,Uruguay,0.0,0.0015
2026-06-22T15:05Z,Ivory Coast,0.002,0.0045
2026-06-22T15:05Z,Australia,0.0,0.0025
2026-06-22T15:05Z,Sweden,0.0,0.0025
2026-06-22T15:05Z,Austria,0.0,0.0035
2026-06-22T15:05Z,Canada,0.0,0.0035
2026-06-22T15:05Z,Japan,0.013,0.0215
2026-06-22T15:05Z,Brazil,0.047,0.0555
2026-06-22T15:05Z,Norway,0.01,0.0195
2026-06-22T15:05Z,Mexico,0.001,0.0125
2026-06-22T15:05Z,Portugal,0.056,0.0675
2026-06-22T15:05Z,Germany,0.043,0.0565
2026-06-22T15:05Z,England,0.098,0.1255
2026-06-22T15:05Z,Netherlands,0.027,0.0545
2026-06-22T15:05Z,United States,0.002,0.0355
2026-06-22T15:05Z,France,0.088,0.1975
2026-06-22T18:57Z,Argentina,0.275,0.1365
2026-06-22T18:57Z,Spain,0.246,0.1385
2026-06-22T18:57Z,Colombia,0.031,0.0155
2026-06-22T18:57Z,Morocco,0.027,0.0205
2026-06-22T18:57Z,Belgium,0.013,0.0105
2026-06-22T18:57Z,Algeria,0.002,0.0005
2026-06-22T18:57Z,Senegal,0.006,0.0055
2026-06-22T18:57Z,Haiti,0.0,0.0
2026-06-22T18:57Z,Tunisia,0.0,0.0
2026-06-22T18:57Z,Ecuador,0.001,0.0015
2026-06-22T18:57Z,Scotland,0.001,0.0015
2026-06-22T18:57Z,Bosnia and Herzegovina,0.0,0.0005
2026-06-22T18:57Z,Curaçao,0.0,0.0005
2026-06-22T18:57Z,Czech Republic,0.0,0.0005
2026-06-22T18:57Z,Iran,0.0,0.0005
2026-06-22T18:57Z,Iraq,0.0,0.0005
2026-06-22T18:57Z,Jordan,0.0,0.0005
2026-06-22T18:57Z,New Zealand,0.0,0.0005
2026-06-22T18:57Z,Panama,0.0,0.0005
2026-06-22T18:57Z,Qatar,0.0,0.0005
2026-06-22T18:57Z,Saudi Arabia,0.0,0.0005
2026-06-22T18:57Z,South Africa,0.0,0.0005
2026-06-22T18:57Z,Uzbekistan,0.0,0.0005
2026-06-22T18:57Z,Switzerland,0.005,0.0065
2026-06-22T18:57Z,Croatia,0.004,0.0055
2026-06-22T18:57Z,Egypt,0.001,0.0025
2026-06-22T18:57Z,South Korea,0.001,0.0025
2026-06-22T18:57Z,Cape Verde,0.0,0.0015
2026-06-22T18:57Z,DR Congo,0.0,0.0015
2026-06-22T18:57Z,Ghana,0.0,0.0015
2026-06-22T18:57Z,Paraguay,0.0,0.0015
2026-06-22T18:57Z,Uruguay,0.0,0.0015
2026-06-22T18:57Z,Ivory Coast,0.002,0.0045
2026-06-22T18:57Z,Australia,0.0,0.0025
2026-06-22T18:57Z,Sweden,0.0,0.0025
2026-06-22T18:57Z,Austria,0.0,0.0035
2026-06-22T18:57Z,Canada,0.0,0.0035
2026-06-22T18:57Z,Japan,0.013,0.0215
2026-06-22T18:57Z,Brazil,0.047,0.0555
2026-06-22T18:57Z,Mexico,0.001,0.0125
2026-06-22T18:57Z,Portugal,0.056,0.0675
2026-06-22T18:57Z,Norway,0.01,0.0225
2026-06-22T18:57Z,Germany,0.043,0.0565
2026-06-22T18:57Z,England,0.098,0.1255
2026-06-22T18:57Z,Netherlands,0.027,0.0545
2026-06-22T18:57Z,United States,0.002,0.0355
2026-06-22T18:57Z,France,0.088,0.1975
2026-06-22T21:33Z,Argentina,0.282,0.1315
2026-06-22T21:33Z,Spain,0.245,0.1385
2026-06-22T21:33Z,Colombia,0.033,0.0155
2026-06-22T21:33Z,Morocco,0.035,0.0205
2026-06-22T21:33Z,Belgium,0.02,0.0115
2026-06-22T21:33Z,Switzerland,0.009,0.0065
2026-06-22T21:33Z,Uruguay,0.003,0.0015
2026-06-22T21:33Z,Austria,0.003,0.0025
2026-06-22T21:33Z,Haiti,0.0,0.0
2026-06-22T21:33Z,Tunisia,0.0,0.0
2026-06-22T21:33Z,Egypt,0.002,0.0025
2026-06-22T21:33Z,Ecuador,0.001,0.0015
2026-06-22T21:33Z,Algeria,0.0,0.0005
2026-06-22T21:33Z,Bosnia and Herzegovina,0.0,0.0005
2026-06-22T21:33Z,Cape Verde,0.0,0.0005
2026-06-22T21:33Z,Curaçao,0.0,0.0005
2026-06-22T21:33Z,Czech Republic,0.0,0.0005
2026-06-22T21:33Z,Iran,0.0,0.0005
2026-06-22T21:33Z,Iraq,0.0,0.0005
2026-06-22T21:33Z,Jordan,0.0,0.0005
2026-06-22T21:33Z,New Zealand,0.0,0.0005
2026-06-22T21:33Z,Panama,0.0,0.0005
2026-06-22T21:33Z,Qatar,0.0,0.0005
2026-06-22T21:33Z,Saudi Arabia,0.0,0.0005
2026-06-22T21:33Z,South Africa,0.0,0.0005
2026-06-22T21:33Z,Uzbekistan,0.0,0.0005
2026-06-22T21:33Z,Croatia,0.004,0.0055
2026-06-22T21:33Z,South Korea,0.001,0.0025
2026-06-22T21:33Z,Sweden,0.001,0.0025
2026-06-22T21:33Z,DR Congo,0.0,0.0015
2026-06-22T21:33Z,Ghana,0.0,0.0015
2026-06-22T21:33Z,Paraguay,0.0,0.0015
2026-06-22T21:33Z,Scotland,0.0,0.0015
2026-06-22T21:33Z,Ivory Coast,0.001,0.0035
2026-06-22T21:33Z,Australia,0.0,0.0025
2026-06-22T21:33Z,Senegal,0.002,0.0055
2026-06-22T21:33Z,Canada,0.0,0.0035
2026-06-22T21:33Z,Mexico,0.001,0.0125
2026-06-22T21:33Z,Netherlands,0.043,0.0545
2026-06-22T21:33Z,Japan,0.006,0.0205
2026-06-22T21:33Z,Norway,0.007,0.0225
2026-06-22T21:33Z,Brazil,0.039,0.0555
2026-06-22T21:33Z,Germany,0.036,0.0565
2026-06-22T21:33Z,England,0.103,0.1255
2026-06-22T21:33Z,Portugal,0.041,0.0675
2026-06-22T21:33Z,United States,0.001,0.0355
2026-06-22T21:33Z,France,0.081,0.1975
2026-06-22T23:08Z,Argentina,0.282,0.1315
2026-06-22T23:08Z,Spain,0.245,0.1385
2026-06-22T23:08Z,Colombia,0.033,0.0155
2026-06-22T23:08Z,Morocco,0.035,0.0205
2026-06-22T23:08Z,Belgium,0.02,0.0115
2026-06-22T23:08Z,Switzerland,0.009,0.0065
2026-06-22T23:08Z,Uruguay,0.003,0.0015
2026-06-22T23:08Z,Austria,0.003,0.0025
2026-06-22T23:08Z,Haiti,0.0,0.0
2026-06-22T23:08Z,Tunisia,0.0,0.0
2026-06-22T23:08Z,Egypt,0.002,0.0025
2026-06-22T23:08Z,Ecuador,0.001,0.0015
2026-06-22T23:08Z,Algeria,0.0,0.0005
2026-06-22T23:08Z,Bosnia and Herzegovina,0.0,0.0005
2026-06-22T23:08Z,Cape Verde,0.0,0.0005
2026-06-22T23:08Z,Curaçao,0.0,0.0005
2026-06-22T23:08Z,Czech Republic,0.0,0.0005
2026-06-22T23:08Z,Iran,0.0,0.0005
2026-06-22T23:08Z,Iraq,0.0,0.0005
2026-06-22T23:08Z,Jordan,0.0,0.0005
2026-06-22T23:08Z,New Zealand,0.0,0.0005
2026-06-22T23:08Z,Panama,0.0,0.0005
2026-06-22T23:08Z,Qatar,0.0,0.0005
2026-06-22T23:08Z,Saudi Arabia,0.0,0.0005
2026-06-22T23:08Z,South Africa,0.0,0.0005
2026-06-22T23:08Z,Uzbekistan,0.0,0.0005
2026-06-22T23:08Z,Croatia,0.004,0.0055
2026-06-22T23:08Z,South Korea,0.001,0.0025
2026-06-22T23:08Z,Sweden,0.001,0.0025
2026-06-22T23:08Z,DR Congo,0.0,0.0015
2026-06-22T23:08Z,Ghana,0.0,0.0015
2026-06-22T23:08Z,Paraguay,0.0,0.0015
2026-06-22T23:08Z,Scotland,0.0,0.0015
2026-06-22T23:08Z,Senegal,0.002,0.0045
2026-06-22T23:08Z,Ivory Coast,0.001,0.0035
2026-06-22T23:08Z,Australia,0.0,0.0025
2026-06-22T23:08Z,Canada,0.0,0.0035
2026-06-22T23:08Z,Mexico,0.001,0.0125
2026-06-22T23:08Z,Netherlands,0.043,0.0545
2026-06-22T23:08Z,Norway,0.007,0.0205
2026-06-22T23:08Z,Japan,0.006,0.0205
2026-06-22T23:08Z,Brazil,0.039,0.0555
2026-06-22T23:08Z,Germany,0.036,0.0565
2026-06-22T23:08Z,England,0.103,0.1255
2026-06-22T23:08Z,Portugal,0.041,0.0675
2026-06-22T23:08Z,United States,0.001,0.0355
2026-06-22T23:08Z,France,0.081,0.1975
2026-06-23T01:28Z,Argentina,0.318,0.1315
2026-06-23T01:28Z,Spain,0.224,0.1385
2026-06-23T01:28Z,Morocco,0.038,0.0205
2026-06-23T01:28Z,Colombia,0.025,0.0155
2026-06-23T01:28Z,Switzerland,0.011,0.0065
2026-06-23T01:28Z,Belgium,0.013,0.0115
2026-06-23T01:28Z,Senegal,0.002,0.0015
2026-06-23T01:28Z,Algeria,0.001,0.0005
2026-06-23T01:28Z,Haiti,0.0,0.0
2026-06-23T01:28Z,Tunisia,0.0,0.0
2026-06-23T01:28Z,Austria,0.002,0.0025
2026-06-23T01:28Z,Ecuador,0.001,0.0015
2026-06-23T01:28Z,Scotland,0.001,0.0015
2026-06-23T01:28Z,Uruguay,0.001,0.0015
2026-06-23T01:28Z,Bosnia and Herzegovina,0.0,0.0005
2026-06-23T01:28Z,Cape Verde,0.0,0.0005
2026-06-23T01:28Z,Curaçao,0.0,0.0005
2026-06-23T01:28Z,Czech Republic,0.0,0.0005
2026-06-23T01:28Z,Iran,0.0,0.0005
2026-06-23T01:28Z,Iraq,0.0,0.0005
2026-06-23T01:28Z,Jordan,0.0,0.0005
2026-06-23T01:28Z,New Zealand,0.0,0.0005
2026-06-23T01:28Z,Panama,0.0,0.0005
2026-06-23T01:28Z,Qatar,0.0,0.0005
2026-06-23T01:28Z,Saudi Arabia,0.0,0.0005
2026-06-23T01:28Z,South Africa,0.0,0.0005
2026-06-23T01:28Z,Uzbekistan,0.0,0.0005
2026-06-23T01:28Z,DR Congo,0.0,0.0015
2026-06-23T01:28Z,Ghana,0.0,0.0015
2026-06-23T01:28Z,Paraguay,0.0,0.0015
2026-06-23T01:28Z,Croatia,0.002,0.0045
2026-06-23T01:28Z,Canada,0.001,0.0035
2026-06-23T01:28Z,Australia,0.0,0.0025
2026-06-23T01:28Z,Egypt,0.0,0.0025
2026-06-23T01:28Z,South Korea,0.0,0.0025
2026-06-23T01:28Z,Sweden,0.0,0.0025
2026-06-23T01:28Z,Ivory Coast,0.0,0.0035
2026-06-23T01:28Z,Mexico,0.002,0.0125
2026-06-23T01:28Z,Japan,0.008,0.0195
2026-06-23T01:28Z,Germany,0.039,0.0565
2026-06-23T01:28Z,Portugal,0.049,0.0675
2026-06-23T01:28Z,Brazil,0.032,0.0505
2026-06-23T01:28Z,Norway,0.009,0.0305
2026-06-23T01:28Z,Netherlands,0.03,0.0535
2026-06-23T01:28Z,England,0.098,0.1245
2026-06-23T01:28Z,United States,0.002,0.0355
2026-06-23T01:28Z,France,0.091,0.1975
2026-06-23T05:53Z,Argentina,0.297,0.1415
2026-06-23T05:53Z,Spain,0.234,0.1385
2026-06-23T05:53Z,Colombia,0.027,0.0145
2026-06-23T05:53Z,Morocco,0.031,0.0205
2026-06-23T05:53Z,Switzerland,0.008,0.0065
2026-06-23T05:53Z,Iran,0.002,0.0005
2026-06-23T05:53Z,Belgium,0.013,0.0115
2026-06-23T05:53Z,Ecuador,0.002,0.0015
2026-06-23T05:53Z,Uruguay,0.002,0.0015
2026-06-23T05:53Z,Algeria,0.001,0.0005
2026-06-23T05:53Z,Haiti,0.0,0.0
2026-06-23T05:53Z,Tunisia,0.0,0.0
2026-06-23T05:53Z,Croatia,0.004,0.0045
2026-06-23T05:53Z,Austria,0.002,0.0025
2026-06-23T05:53Z,Bosnia and Herzegovina,0.0,0.0005
2026-06-23T05:53Z,Cape Verde,0.0,0.0005
2026-06-23T05:53Z,Curaçao,0.0,0.0005
2026-06-23T05:53Z,Czech Republic,0.0,0.0005
2026-06-23T05:53Z,Iraq,0.0,0.0005
2026-06-23T05:53Z,Jordan,0.0,0.0005
2026-06-23T05:53Z,New Zealand,0.0,0.0005
2026-06-23T05:53Z,Panama,0.0,0.0005
2026-06-23T05:53Z,Qatar,0.0,0.0005
2026-06-23T05:53Z,Saudi Arabia,0.0,0.0005
2026-06-23T05:53Z,South Africa,0.0,0.0005
2026-06-23T05:53Z,Uzbekistan,0.0,0.0005
2026-06-23T05:53Z,Egypt,0.001,0.0025
2026-06-23T05:53Z,DR Congo,0.0,0.0015
2026-06-23T05:53Z,Ghana,0.0,0.0015
2026-06-23T05:53Z,Paraguay,0.0,0.0015
2026-06-23T05:53Z,Scotland,0.0,0.0015
2026-06-23T05:53Z,Ivory Coast,0.001,0.0035
2026-06-23T05:53Z,Australia,0.0,0.0025
2026-06-23T05:53Z,Senegal,0.0,0.0025
2026-06-23T05:53Z,South Korea,0.0,0.0025
2026-06-23T05:53Z,Sweden,0.0,0.0025
2026-06-23T05:53Z,Canada,0.0,0.0035
2026-06-23T05:53Z,Portugal,0.062,0.0675
2026-06-23T05:53Z,Mexico,0.002,0.0125
2026-06-23T05:53Z,Japan,0.004,0.0185
2026-06-23T05:53Z,Netherlands,0.035,0.0515
2026-06-23T05:53Z,Norway,0.009,0.0265
2026-06-23T05:53Z,Brazil,0.032,0.0505
2026-06-23T05:53Z,Germany,0.037,0.0565
2026-06-23T05:53Z,England,0.097,0.1235
2026-06-23T05:53Z,United States,0.003,0.0355
2026-06-23T05:53Z,France,0.094,0.1975
2026-06-23T09:29Z,Argentina,0.297,0.1415
2026-06-23T09:29Z,Spain,0.234,0.1385
2026-06-23T09:29Z,Morocco,0.031,0.0185
2026-06-23T09:29Z,Colombia,0.027,0.0145
2026-06-23T09:29Z,Switzerland,0.008,0.0065
2026-06-23T09:29Z,Iran,0.002,0.0005
2026-06-23T09:29Z,Ecuador,0.002,0.0015
2026-06-23T09:29Z,Uruguay,0.002,0.0015
2026-06-23T09:29Z,Algeria,0.001,0.0005
2026-06-23T09:29Z,Belgium,0.013,0.0125
2026-06-23T09:29Z,Haiti,0.0,0.0
2026-06-23T09:29Z,Jordan,0.0,0.0
2026-06-23T09:29Z,Tunisia,0.0,0.0
2026-06-23T09:29Z,Croatia,0.004,0.0045
2026-06-23T09:29Z,Austria,0.002,0.0025
2026-06-23T09:29Z,Bosnia and Herzegovina,0.0,0.0005
2026-06-23T09:29Z,Cape Verde,0.0,0.0005
2026-06-23T09:29Z,Curaçao,0.0,0.0005
2026-06-23T09:29Z,Czech Republic,0.0,0.0005
2026-06-23T09:29Z,Iraq,0.0,0.0005
2026-06-23T09:29Z,New Zealand,0.0,0.0005
2026-06-23T09:29Z,Panama,0.0,0.0005
2026-06-23T09:29Z,Qatar,0.0,0.0005
2026-06-23T09:29Z,Saudi Arabia,0.0,0.0005
2026-06-23T09:29Z,South Africa,0.0,0.0005
2026-06-23T09:29Z,Uzbekistan,0.0,0.0005
2026-06-23T09:29Z,Egypt,0.001,0.0025
2026-06-23T09:29Z,DR Congo,0.0,0.0015
2026-06-23T09:29Z,Ghana,0.0,0.0015
2026-06-23T09:29Z,Paraguay,0.0,0.0015
2026-06-23T09:29Z,Scotland,0.0,0.0015
2026-06-23T09:29Z,Ivory Coast,0.001,0.0035
2026-06-23T09:29Z,Australia,0.0,0.0025
2026-06-23T09:29Z,Senegal,0.0,0.0025
2026-06-23T09:29Z,South Korea,0.0,0.0025
2026-06-23T09:29Z,Sweden,0.0,0.0025
2026-06-23T09:29Z,Canada,0.0,0.0035
2026-06-23T09:29Z,Portugal,0.062,0.0675
2026-06-23T09:29Z,Mexico,0.002,0.0125
2026-06-23T09:29Z,Netherlands,0.035,0.0475
2026-06-23T09:29Z,Japan,0.004,0.0185
2026-06-23T09:29Z,Brazil,0.032,0.0505
2026-06-23T09:29Z,Germany,0.037,0.0565
2026-06-23T09:29Z,Norway,0.009,0.0285
2026-06-23T09:29Z,England,0.097,0.1235
2026-06-23T09:29Z,United States,0.003,0.0355
2026-06-23T09:29Z,France,0.094,0.1975
2026-06-23T12:26Z,Argentina,0.297,0.1435
2026-06-23T12:26Z,Spain,0.234,0.1385
2026-06-23T12:26Z,Morocco,0.031,0.0165
2026-06-23T12:26Z,Colombia,0.027,0.0145
2026-06-23T12:26Z,Switzerland,0.008,0.0065
2026-06-23T12:26Z,Iran,0.002,0.0005
2026-06-23T12:26Z,Belgium,0.013,0.0115
2026-06-23T12:26Z,Ecuador,0.002,0.0015
2026-06-23T12:26Z,Uruguay,0.002,0.0015
2026-06-23T12:26Z,Algeria,0.001,0.0005
2026-06-23T12:26Z,Haiti,0.0,0.0
2026-06-23T12:26Z,Jordan,0.0,0.0
2026-06-23T12:26Z,Tunisia,0.0,0.0
2026-06-23T12:26Z,Croatia,0.004,0.0045
2026-06-23T12:26Z,Austria,0.002,0.0025
2026-06-23T12:26Z,Bosnia and Herzegovina,0.0,0.0005
2026-06-23T12:26Z,Cape Verde,0.0,0.0005
2026-06-23T12:26Z,Curaçao,0.0,0.0005
2026-06-23T12:26Z,Czech Republic,0.0,0.0005
2026-06-23T12:26Z,Iraq,0.0,0.0005
2026-06-23T12:26Z,New Zealand,0.0,0.0005
2026-06-23T12:26Z,Panama,0.0,0.0005
2026-06-23T12:26Z,Qatar,0.0,0.0005
2026-06-23T12:26Z,Saudi Arabia,0.0,0.0005
2026-06-23T12:26Z,South Africa,0.0,0.0005
2026-06-23T12:26Z,Uzbekistan,0.0,0.0005
2026-06-23T12:26Z,Egypt,0.001,0.0025
2026-06-23T12:26Z,DR Congo,0.0,0.0015
2026-06-23T12:26Z,Ghana,0.0,0.0015
2026-06-23T12:26Z,Paraguay,0.0,0.0015
2026-06-23T12:26Z,Scotland,0.0,0.0015
2026-06-23T12:26Z,Ivory Coast,0.001,0.0035
2026-06-23T12:26Z,Australia,0.0,0.0025
2026-06-23T12:26Z,Senegal,0.0,0.0025
2026-06-23T12:26Z,South Korea,0.0,0.0025
2026-06-23T12:26Z,Sweden,0.0,0.0025
2026-06-23T12:26Z,Canada,0.0,0.0035
2026-06-23T12:26Z,Portugal,0.062,0.0675
2026-06-23T12:26Z,Mexico,0.002,0.0125
2026-06-23T12:26Z,Brazil,0.032,0.0445
2026-06-23T12:26Z,Netherlands,0.035,0.0485
2026-06-23T12:26Z,Japan,0.004,0.0195
2026-06-23T12:26Z,Germany,0.037,0.0565
2026-06-23T12:26Z,Norway,0.009,0.0305
2026-06-23T12:26Z,England,0.097,0.1235
2026-06-23T12:26Z,United States,0.003,0.0355
2026-06-23T12:26Z,France,0.094,0.1975
2026-06-23T15:41Z,Argentina,0.297,0.1495
2026-06-23T15:41Z,Spain,0.234,0.1385
2026-06-23T15:41Z,Morocco,0.031,0.0165
2026-06-23T15:41Z,Colombia,0.027,0.0155
2026-06-23T15:41Z,Switzerland,0.008,0.0065
2026-06-23T15:41Z,Iran,0.002,0.0005
2026-06-23T15:41Z,Belgium,0.013,0.0115
2026-06-23T15:41Z,Ecuador,0.002,0.0015
2026-06-23T15:41Z,Uruguay,0.002,0.0015
2026-06-23T15:41Z,Algeria,0.001,0.0005
2026-06-23T15:41Z,Haiti,0.0,0.0
2026-06-23T15:41Z,Jordan,0.0,0.0
2026-06-23T15:41Z,Tunisia,0.0,0.0
2026-06-23T15:41Z,Austria,0.002,0.0025
2026-06-23T15:41Z,Bosnia and Herzegovina,0.0,0.0005
2026-06-23T15:41Z,Cape Verde,0.0,0.0005
2026-06-23T15:41Z,Curaçao,0.0,0.0005
2026-06-23T15:41Z,Czech Republic,0.0,0.0005
2026-06-23T15:41Z,Ghana,0.0,0.0005
2026-06-23T15:41Z,Iraq,0.0,0.0005
2026-06-23T15:41Z,New Zealand,0.0,0.0005
2026-06-23T15:41Z,Panama,0.0,0.0005
2026-06-23T15:41Z,Qatar,0.0,0.0005
2026-06-23T15:41Z,Saudi Arabia,0.0,0.0005
2026-06-23T15:41Z,South Africa,0.0,0.0005
2026-06-23T15:41Z,Uzbekistan,0.0,0.0005
2026-06-23T15:41Z,Egypt,0.001,0.0025
2026-06-23T15:41Z,DR Congo,0.0,0.0015
2026-06-23T15:41Z,Paraguay,0.0,0.0015
2026-06-23T15:41Z,Scotland,0.0,0.0015
2026-06-23T15:41Z,Croatia,0.004,0.0065
2026-06-23T15:41Z,Ivory Coast,0.001,0.0035
2026-06-23T15:41Z,Australia,0.0,0.0025
2026-06-23T15:41Z,Senegal,0.0,0.0025
2026-06-23T15:41Z,South Korea,0.0,0.0025
2026-06-23T15:41Z,Sweden,0.0,0.0025
2026-06-23T15:41Z,Canada,0.0,0.0035
2026-06-23T15:41Z,Mexico,0.002,0.0125
2026-06-23T15:41Z,Portugal,0.062,0.0745
2026-06-23T15:41Z,Brazil,0.032,0.0445
2026-06-23T15:41Z,Japan,0.004,0.0195
2026-06-23T15:41Z,Netherlands,0.035,0.0515
2026-06-23T15:41Z,Germany,0.037,0.0565
2026-06-23T15:41Z,Norway,0.009,0.0305
2026-06-23T15:41Z,England,0.097,0.1235
2026-06-23T15:41Z,United States,0.003,0.0345
2026-06-23T15:41Z,France,0.094,0.1955
2026-06-23T17:32Z,Argentina,0.297,0.1485
2026-06-23T17:32Z,Spain,0.234,0.1385
2026-06-23T17:32Z,Morocco,0.031,0.0165
2026-06-23T17:32Z,Colombia,0.027,0.0155
2026-06-23T17:32Z,Switzerland,0.008,0.0065
2026-06-23T17:32Z,Iran,0.002,0.0005
2026-06-23T17:32Z,Belgium,0.013,0.0115
2026-06-23T17:32Z,Ecuador,0.002,0.0015
2026-06-23T17:32Z,Uruguay,0.002,0.0015
2026-06-23T17:32Z,Algeria,0.001,0.0005
2026-06-23T17:32Z,Haiti,0.0,0.0
2026-06-23T17:32Z,Jordan,0.0,0.0
2026-06-23T17:32Z,Tunisia,0.0,0.0
2026-06-23T17:32Z,Austria,0.002,0.0025
2026-06-23T17:32Z,Bosnia and Herzegovina,0.0,0.0005
2026-06-23T17:32Z,Curaçao,0.0,0.0005
2026-06-23T17:32Z,Czech Republic,0.0,0.0005
2026-06-23T17:32Z,Ghana,0.0,0.0005
2026-06-23T17:32Z,Iraq,0.0,0.0005
2026-06-23T17:32Z,New Zealand,0.0,0.0005
2026-06-23T17:32Z,Panama,0.0,0.0005
2026-06-23T17:32Z,Qatar,0.0,0.0005
2026-06-23T17:32Z,Saudi Arabia,0.0,0.0005
2026-06-23T17:32Z,South Africa,0.0,0.0005
2026-06-23T17:32Z,Uzbekistan,0.0,0.0005
2026-06-23T17:32Z,Croatia,0.004,0.0055
2026-06-23T17:32Z,Egypt,0.001,0.0025
2026-06-23T17:32Z,Cape Verde,0.0,0.0015
2026-06-23T17:32Z,DR Congo,0.0,0.0015
2026-06-23T17:32Z,Paraguay,0.0,0.0015
2026-06-23T17:32Z,Scotland,0.0,0.0015
2026-06-23T17:32Z,Ivory Coast,0.001,0.0035
2026-06-23T17:32Z,Australia,0.0,0.0025
2026-06-23T17:32Z,Senegal,0.0,0.0025
2026-06-23T17:32Z,South Korea,0.0,0.0025
2026-06-23T17:32Z,Sweden,0.0,0.0025
2026-06-23T17:32Z,Canada,0.0,0.0035
2026-06-23T17:32Z,Mexico,0.002,0.0125
2026-06-23T17:32Z,Brazil,0.032,0.0445
2026-06-23T17:32Z,Japan,0.004,0.0195
2026-06-23T17:32Z,Netherlands,0.035,0.052
2026-06-23T17:32Z,Portugal,0.062,0.079
2026-06-23T17:32Z,Germany,0.037,0.0565
2026-06-23T17:32Z,Norway,0.009,0.0305
2026-06-23T17:32Z,England,0.097,0.1235
2026-06-23T17:32Z,United States,0.003,0.0345
2026-06-23T17:32Z,France,0.094,0.1935
2026-06-23T19:34Z,Argentina,0.286,0.1465
2026-06-23T19:34Z,Spain,0.248,0.1385
2026-06-23T19:34Z,Morocco,0.033,0.0165
2026-06-23T19:34Z,Colombia,0.021,0.0145
2026-06-23T19:34Z,Belgium,0.016,0.0115
2026-06-23T19:34Z,Algeria,0.003,0.0005
2026-06-23T19:34Z,Ecuador,0.002,0.0015
2026-06-23T19:34Z,Haiti,0.0,0.0
2026-06-23T19:34Z,Jordan,0.0,0.0
2026-06-23T19:34Z,Tunisia,0.0,0.0
2026-06-23T19:34Z,Croatia,0.005,0.0055
2026-06-23T19:34Z,Uruguay,0.001,0.0015
2026-06-23T19:34Z,Bosnia and Herzegovina,0.0,0.0005
2026-06-23T19:34Z,Curaçao,0.0,0.0005
2026-06-23T19:34Z,Czech Republic,0.0,0.0005
2026-06-23T19:34Z,Ghana,0.0,0.0005
2026-06-23T19:34Z,Iran,0.0,0.0005
2026-06-23T19:34Z,Iraq,0.0,0.0005
2026-06-23T19:34Z,New Zealand,0.0,0.0005
2026-06-23T19:34Z,Panama,0.0,0.0005
2026-06-23T19:34Z,Qatar,0.0,0.0005
2026-06-23T19:34Z,Saudi Arabia,0.0,0.0005
2026-06-23T19:34Z,South Africa,0.0,0.0005
2026-06-23T19:34Z,Uzbekistan,0.0,0.0005
2026-06-23T19:34Z,Switzerland,0.005,0.0065
2026-06-23T19:34Z,Australia,0.001,0.0025
2026-06-23T19:34Z,Austria,0.001,0.0025
2026-06-23T19:34Z,Senegal,0.001,0.0025
2026-06-23T19:34Z,South Korea,0.001,0.0025
2026-06-23T19:34Z,Cape Verde,0.0,0.0015
2026-06-23T19:34Z,DR Congo,0.0,0.0015
2026-06-23T19:34Z,Paraguay,0.0,0.0015
2026-06-23T19:34Z,Scotland,0.0,0.0015
2026-06-23T19:34Z,Canada,0.001,0.0035
2026-06-23T19:34Z,Ivory Coast,0.001,0.0035
2026-06-23T19:34Z,Egypt,0.0,0.0025
2026-06-23T19:34Z,Sweden,0.0,0.0025
2026-06-23T19:34Z,Portugal,0.07,0.0755
2026-06-23T19:34Z,Japan,0.009,0.0195
2026-06-23T19:34Z,Mexico,0.002,0.0125
2026-06-23T19:34Z,Brazil,0.033,0.048
2026-06-23T19:34Z,Germany,0.039,0.0545
2026-06-23T19:34Z,Norway,0.008,0.0305
2026-06-23T19:34Z,England,0.102,0.1245
2026-06-23T19:34Z,United States,0.002,0.0345
2026-06-23T19:34Z,Netherlands,0.019,0.052
2026-06-23T19:34Z,France,0.09,0.1925
2026-06-23T21:21Z,Argentina,0.286,0.1465
2026-06-23T21:21Z,Spain,0.248,0.1385
2026-06-23T21:21Z,Morocco,0.033,0.0165
2026-06-23T21:21Z,Colombia,0.021,0.0145
2026-06-23T21:21Z,Belgium,0.016,0.0105
2026-06-23T21:21Z,Algeria,0.003,0.0005
2026-06-23T21:21Z,Ecuador,0.002,0.0015
2026-06-23T21:21Z,Haiti,0.0,0.0
2026-06-23T21:21Z,Jordan,0.0,0.0
2026-06-23T21:21Z,Tunisia,0.0,0.0
2026-06-23T21:21Z,Uruguay,0.001,0.0015
2026-06-23T21:21Z,Bosnia and Herzegovina,0.0,0.0005
2026-06-23T21:21Z,Curaçao,0.0,0.0005
2026-06-23T21:21Z,Czech Republic,0.0,0.0005
2026-06-23T21:21Z,Iran,0.0,0.0005
2026-06-23T21:21Z,Iraq,0.0,0.0005
2026-06-23T21:21Z,New Zealand,0.0,0.0005
2026-06-23T21:21Z,Panama,0.0,0.0005
2026-06-23T21:21Z,Qatar,0.0,0.0005
2026-06-23T21:21Z,Saudi Arabia,0.0,0.0005
2026-06-23T21:21Z,South Africa,0.0,0.0005
2026-06-23T21:21Z,Uzbekistan,0.0,0.0005
2026-06-23T21:21Z,Croatia,0.005,0.0065
2026-06-23T21:21Z,Switzerland,0.005,0.0065
2026-06-23T21:21Z,Australia,0.001,0.0025
2026-06-23T21:21Z,Austria,0.001,0.0025
2026-06-23T21:21Z,Senegal,0.001,0.0025
2026-06-23T21:21Z,South Korea,0.001,0.0025
2026-06-23T21:21Z,Cape Verde,0.0,0.0015
2026-06-23T21:21Z,DR Congo,0.0,0.0015
2026-06-23T21:21Z,Ghana,0.0,0.0015
2026-06-23T21:21Z,Paraguay,0.0,0.0015
2026-06-23T21:21Z,Scotland,0.0,0.0015
2026-06-23T21:21Z,Canada,0.001,0.0035
2026-06-23T21:21Z,Ivory Coast,0.001,0.0035
2026-06-23T21:21Z,Egypt,0.0,0.0025
2026-06-23T21:21Z,Sweden,0.0,0.0025
2026-06-23T21:21Z,Portugal,0.07,0.0775
2026-06-23T21:21Z,Japan,0.009,0.0195
2026-06-23T21:21Z,Mexico,0.002,0.0125
2026-06-23T21:21Z,Germany,0.039,0.0545
2026-06-23T21:21Z,Brazil,0.033,0.0515
2026-06-23T21:21Z,Norway,0.008,0.0305
2026-06-23T21:21Z,England,0.102,0.1245
2026-06-23T21:21Z,Netherlands,0.019,0.0495
2026-06-23T21:21Z,United States,0.002,0.0345
2026-06-23T21:21Z,France,0.09,0.1925
2026-06-23T22:44Z,Argentina,0.279,0.1465
2026-06-23T22:44Z,Spain,0.224,0.1385
2026-06-23T22:44Z,Morocco,0.034,0.0165
2026-06-23T22:44Z,Portugal,0.091,0.0795
2026-06-23T22:44Z,Colombia,0.023,0.0145
2026-06-23T22:44Z,Belgium,0.019,0.0115
2026-06-23T22:44Z,Haiti,0.0,0.0
2026-06-23T22:44Z,Jordan,0.0,0.0
2026-06-23T22:44Z,Tunisia,0.0,0.0
2026-06-23T22:44Z,Switzerland,0.006,0.0065
2026-06-23T22:44Z,Croatia,0.005,0.0055
2026-06-23T22:44Z,Senegal,0.002,0.0025
2026-06-23T22:44Z,Scotland,0.001,0.0015
2026-06-23T22:44Z,Algeria,0.0,0.0005
2026-06-23T22:44Z,Bosnia and Herzegovina,0.0,0.0005
2026-06-23T22:44Z,Curaçao,0.0,0.0005
2026-06-23T22:44Z,Czech Republic,0.0,0.0005
2026-06-23T22:44Z,Iran,0.0,0.0005
2026-06-23T22:44Z,Iraq,0.0,0.0005
2026-06-23T22:44Z,New Zealand,0.0,0.0005
2026-06-23T22:44Z,Panama,0.0,0.0005
2026-06-23T22:44Z,Qatar,0.0,0.0005
2026-06-23T22:44Z,Saudi Arabia,0.0,0.0005
2026-06-23T22:44Z,South Africa,0.0,0.0005
2026-06-23T22:44Z,Uzbekistan,0.0,0.0005
2026-06-23T22:44Z,Ivory Coast,0.002,0.0035
2026-06-23T22:44Z,Austria,0.001,0.0025
2026-06-23T22:44Z,Cape Verde,0.0,0.0015
2026-06-23T22:44Z,DR Congo,0.0,0.0015
2026-06-23T22:44Z,Ecuador,0.0,0.0015
2026-06-23T22:44Z,Ghana,0.0,0.0015
2026-06-23T22:44Z,Paraguay,0.0,0.0015
2026-06-23T22:44Z,Uruguay,0.0,0.0015
2026-06-23T22:44Z,Australia,0.0,0.0025
2026-06-23T22:44Z,Egypt,0.0,0.0025
2026-06-23T22:44Z,South Korea,0.0,0.0025
2026-06-23T22:44Z,Sweden,0.0,0.0025
2026-06-23T22:44Z,Canada,0.0,0.0035
2026-06-23T22:44Z,England,0.098,0.1075
2026-06-23T22:44Z,Mexico,0.002,0.0125
2026-06-23T22:44Z,Japan,0.007,0.0195
2026-06-23T22:44Z,Brazil,0.034,0.0525
2026-06-23T22:44Z,Norway,0.012,0.0305
2026-06-23T22:44Z,Germany,0.033,0.0535
2026-06-23T22:44Z,Netherlands,0.023,0.0495
2026-06-23T22:44Z,United States,0.002,0.0345
2026-06-23T22:44Z,France,0.102,0.1925
2026-06-23T23:54Z,Argentina,0.279,0.1465
2026-06-23T23:54Z,Spain,0.224,0.1385
2026-06-23T23:54Z,Morocco,0.034,0.0165
2026-06-23T23:54Z,Portugal,0.091,0.0805
2026-06-23T23:54Z,Colombia,0.023,0.0145
2026-06-23T23:54Z,Belgium,0.019,0.0115
2026-06-23T23:54Z,Croatia,0.005,0.0035
2026-06-23T23:54Z,Haiti,0.0,0.0
2026-06-23T23:54Z,Jordan,0.0,0.0
2026-06-23T23:54Z,Tunisia,0.0,0.0
2026-06-23T23:54Z,Switzerland,0.006,0.0065
2026-06-23T23:54Z,Senegal,0.002,0.0025
2026-06-23T23:54Z,Scotland,0.001,0.0015
2026-06-23T23:54Z,Algeria,0.0,0.0005
2026-06-23T23:54Z,Bosnia and Herzegovina,0.0,0.0005
2026-06-23T23:54Z,Curaçao,0.0,0.0005
2026-06-23T23:54Z,Czech Republic,0.0,0.0005
2026-06-23T23:54Z,Iran,0.0,0.0005
2026-06-23T23:54Z,Iraq,0.0,0.0005
2026-06-23T23:54Z,New Zealand,0.0,0.0005
2026-06-23T23:54Z,Panama,0.0,0.0005
2026-06-23T23:54Z,Qatar,0.0,0.0005
2026-06-23T23:54Z,Saudi Arabia,0.0,0.0005
2026-06-23T23:54Z,South Africa,0.0,0.0005
2026-06-23T23:54Z,Uzbekistan,0.0,0.0005
2026-06-23T23:54Z,Ivory Coast,0.002,0.0035
2026-06-23T23:54Z,Austria,0.001,0.0025
2026-06-23T23:54Z,Cape Verde,0.0,0.0015
2026-06-23T23:54Z,DR Congo,0.0,0.0015
2026-06-23T23:54Z,Ecuador,0.0,0.0015
2026-06-23T23:54Z,Ghana,0.0,0.0015
2026-06-23T23:54Z,Paraguay,0.0,0.0015
2026-06-23T23:54Z,Uruguay,0.0,0.0015
2026-06-23T23:54Z,Australia,0.0,0.0025
2026-06-23T23:54Z,Egypt,0.0,0.0025
2026-06-23T23:54Z,South Korea,0.0,0.0025
2026-06-23T23:54Z,Sweden,0.0,0.0025
2026-06-23T23:54Z,Canada,0.0,0.0035
2026-06-23T23:54Z,Mexico,0.002,0.0125
2026-06-23T23:54Z,England,0.098,0.1095
2026-06-23T23:54Z,Japan,0.007,0.0195
2026-06-23T23:54Z,Brazil,0.034,0.0525
2026-06-23T23:54Z,Norway,0.012,0.0305
2026-06-23T23:54Z,Germany,0.033,0.0535
2026-06-23T23:54Z,Netherlands,0.023,0.0515
2026-06-23T23:54Z,United States,0.002,0.0345
2026-06-23T23:54Z,France,0.102,0.1915
2026-06-24T02:38Z,Argentina,0.318,0.1395
2026-06-24T02:38Z,Spain,0.205,0.1385
2026-06-24T02:38Z,Morocco,0.028,0.0165
2026-06-24T02:38Z,Portugal,0.087,0.0765
2026-06-24T02:38Z,Belgium,0.018,0.0105
2026-06-24T02:38Z,Uruguay,0.004,0.0025
2026-06-24T02:38Z,Switzerland,0.007,0.0065
2026-06-24T02:38Z,Croatia,0.005,0.0045
2026-06-24T02:38Z,Paraguay,0.002,0.0015
2026-06-24T02:38Z,Algeria,0.001,0.0005
2026-06-24T02:38Z,Haiti,0.0,0.0
2026-06-24T02:38Z,Jordan,0.0,0.0
2026-06-24T02:38Z,Tunisia,0.0,0.0
2026-06-24T02:38Z,Bosnia and Herzegovina,0.0,0.0005
2026-06-24T02:38Z,Curaçao,0.0,0.0005
2026-06-24T02:38Z,Czech Republic,0.0,0.0005
2026-06-24T02:38Z,Iran,0.0,0.0005
2026-06-24T02:38Z,Iraq,0.0,0.0005
2026-06-24T02:38Z,New Zealand,0.0,0.0005
2026-06-24T02:38Z,Panama,0.0,0.0005
2026-06-24T02:38Z,Qatar,0.0,0.0005
2026-06-24T02:38Z,Saudi Arabia,0.0,0.0005
2026-06-24T02:38Z,South Africa,0.0,0.0005
2026-06-24T02:38Z,Uzbekistan,0.0,0.0005
2026-06-24T02:38Z,Colombia,0.016,0.0165
2026-06-24T02:38Z,Austria,0.001,0.0025
2026-06-24T02:38Z,Senegal,0.001,0.0025
2026-06-24T02:38Z,Cape Verde,0.0,0.0015
2026-06-24T02:38Z,DR Congo,0.0,0.0015
2026-06-24T02:38Z,Ecuador,0.0,0.0015
2026-06-24T02:38Z,Ghana,0.0,0.0015
2026-06-24T02:38Z,Scotland,0.0,0.0015
2026-06-24T02:38Z,Canada,0.001,0.0035
2026-06-24T02:38Z,Australia,0.0,0.0025
2026-06-24T02:38Z,Egypt,0.0,0.0025
2026-06-24T02:38Z,South Korea,0.0,0.0025
2026-06-24T02:38Z,Sweden,0.0,0.0025
2026-06-24T02:38Z,Ivory Coast,0.0,0.0035
2026-06-24T02:38Z,Germany,0.047,0.0535
2026-06-24T02:38Z,Japan,0.01,0.0195
2026-06-24T02:38Z,Mexico,0.001,0.0125
2026-06-24T02:38Z,England,0.093,0.1085
2026-06-24T02:38Z,Brazil,0.033,0.0505
2026-06-24T02:38Z,Norway,0.008,0.0305
2026-06-24T02:38Z,Netherlands,0.026,0.0535
2026-06-24T02:38Z,United States,0.001,0.0345
2026-06-24T02:38Z,France,0.087,0.1875
2026-06-24T06:33Z,Argentina,0.289,0.1405
2026-06-24T06:33Z,Spain,0.247,0.1385
2026-06-24T06:33Z,Morocco,0.038,0.0165
2026-06-24T06:33Z,Colombia,0.03,0.0155
2026-06-24T06:33Z,Belgium,0.017,0.0115
2026-06-24T06:33Z,Algeria,0.002,0.0005
2026-06-24T06:33Z,Haiti,0.0,0.0
2026-06-24T06:33Z,Jordan,0.0,0.0
2026-06-24T06:33Z,Panama,0.0,0.0
2026-06-24T06:33Z,Tunisia,0.0,0.0
2026-06-24T06:33Z,Switzerland,0.006,0.0065
2026-06-24T06:33Z,Austria,0.002,0.0025
2026-06-24T06:33Z,Uruguay,0.002,0.0025
2026-06-24T06:33Z,Ecuador,0.001,0.0015
2026-06-24T06:33Z,Bosnia and Herzegovina,0.0,0.0005
2026-06-24T06:33Z,Curaçao,0.0,0.0005
2026-06-24T06:33Z,Czech Republic,0.0,0.0005
2026-06-24T06:33Z,Iran,0.0,0.0005
2026-06-24T06:33Z,Iraq,0.0,0.0005
2026-06-24T06:33Z,New Zealand,0.0,0.0005
2026-06-24T06:33Z,Qatar,0.0,0.0005
2026-06-24T06:33Z,Saudi Arabia,0.0,0.0005
2026-06-24T06:33Z,South Africa,0.0,0.0005
2026-06-24T06:33Z,Uzbekistan,0.0,0.0005
2026-06-24T06:33Z,Portugal,0.077,0.0775
2026-06-24T06:33Z,Canada,0.002,0.0035
2026-06-24T06:33Z,Ivory Coast,0.002,0.0035
2026-06-24T06:33Z,Australia,0.001,0.0025
2026-06-24T06:33Z,Egypt,0.001,0.0025
2026-06-24T06:33Z,South Korea,0.001,0.0025
2026-06-24T06:33Z,Cape Verde,0.0,0.0015
2026-06-24T06:33Z,DR Congo,0.0,0.0015
2026-06-24T06:33Z,Ghana,0.0,0.0015
2026-06-24T06:33Z,Paraguay,0.0,0.0015
2026-06-24T06:33Z,Scotland,0.0,0.0015
2026-06-24T06:33Z,Croatia,0.002,0.0045
2026-06-24T06:33Z,Senegal,0.0,0.0025
2026-06-24T06:33Z,Sweden,0.0,0.0025
2026-06-24T06:33Z,England,0.098,0.1055
2026-06-24T06:33Z,Japan,0.008,0.0195
2026-06-24T06:33Z,Mexico,0.0,0.0125
2026-06-24T06:33Z,Brazil,0.035,0.0515
2026-06-24T06:33Z,Norway,0.006,0.0305
2026-06-24T06:33Z,United States,0.003,0.0345
2026-06-24T06:33Z,Netherlands,0.02,0.0535
2026-06-24T06:33Z,Germany,0.019,0.0535
2026-06-24T06:33Z,France,0.091,0.1875
2026-06-24T10:03Z,Argentina,0.289,0.1465
2026-06-24T10:03Z,Spain,0.247,0.1385
2026-06-24T10:03Z,Morocco,0.038,0.0165
2026-06-24T10:03Z,Colombia,0.03,0.0175
2026-06-24T10:03Z,Belgium,0.017,0.0115
2026-06-24T10:03Z,Algeria,0.002,0.0005
2026-06-24T10:03Z,Uruguay,0.002,0.0015
2026-06-24T10:03Z,Haiti,0.0,0.0
2026-06-24T10:03Z,Jordan,0.0,0.0
2026-06-24T10:03Z,Panama,0.0,0.0
2026-06-24T10:03Z,Tunisia,0.0,0.0
2026-06-24T10:03Z,Switzerland,0.006,0.0065
2026-06-24T10:03Z,Austria,0.002,0.0025
2026-06-24T10:03Z,Ecuador,0.001,0.0015
2026-06-24T10:03Z,Bosnia and Herzegovina,0.0,0.0005
2026-06-24T10:03Z,Cape Verde,0.0,0.0005
2026-06-24T10:03Z,Curaçao,0.0,0.0005
2026-06-24T10:03Z,Czech Republic,0.0,0.0005
2026-06-24T10:03Z,DR Congo,0.0,0.0005
2026-06-24T10:03Z,Iran,0.0,0.0005
2026-06-24T10:03Z,Iraq,0.0,0.0005
2026-06-24T10:03Z,New Zealand,0.0,0.0005
2026-06-24T10:03Z,Qatar,0.0,0.0005
2026-06-24T10:03Z,Saudi Arabia,0.0,0.0005
2026-06-24T10:03Z,South Africa,0.0,0.0005
2026-06-24T10:03Z,Uzbekistan,0.0,0.0005
2026-06-24T10:03Z,Canada,0.002,0.0035
2026-06-24T10:03Z,Ivory Coast,0.002,0.0035
2026-06-24T10:03Z,Australia,0.001,0.0025
2026-06-24T10:03Z,Egypt,0.001,0.0025
2026-06-24T10:03Z,South Korea,0.001,0.0025
2026-06-24T10:03Z,Ghana,0.0,0.0015
2026-06-24T10:03Z,Paraguay,0.0,0.0015
2026-06-24T10:03Z,Scotland,0.0,0.0015
2026-06-24T10:03Z,Croatia,0.002,0.0045
2026-06-24T10:03Z,Senegal,0.0,0.0025
2026-06-24T10:03Z,Sweden,0.0,0.0025
2026-06-24T10:03Z,Portugal,0.077,0.0815
2026-06-24T10:03Z,England,0.098,0.1085
2026-06-24T10:03Z,Japan,0.008,0.0205
2026-06-24T10:03Z,Mexico,0.0,0.0125
2026-06-24T10:03Z,Brazil,0.035,0.0515
2026-06-24T10:03Z,Norway,0.006,0.0305
2026-06-24T10:03Z,United States,0.003,0.0345
2026-06-24T10:03Z,Netherlands,0.02,0.0535
2026-06-24T10:03Z,Germany,0.019,0.0535
2026-06-24T10:03Z,France,0.091,0.1855
2026-06-24T12:25Z,Argentina,0.289,0.1465
2026-06-24T12:25Z,Spain,0.247,0.1385
2026-06-24T12:25Z,Morocco,0.038,0.0185
2026-06-24T12:25Z,Colombia,0.03,0.0165
2026-06-24T12:25Z,Belgium,0.017,0.0115
2026-06-24T12:25Z,Algeria,0.002,0.0005
2026-06-24T12:25Z,Uruguay,0.002,0.0015
2026-06-24T12:25Z,Haiti,0.0,0.0
2026-06-24T12:25Z,Jordan,0.0,0.0
2026-06-24T12:25Z,Panama,0.0,0.0
2026-06-24T12:25Z,Tunisia,0.0,0.0
2026-06-24T12:25Z,Switzerland,0.006,0.0065
2026-06-24T12:25Z,Austria,0.002,0.0025
2026-06-24T12:25Z,Ecuador,0.001,0.0015
2026-06-24T12:25Z,Bosnia and Herzegovina,0.0,0.0005
2026-06-24T12:25Z,Curaçao,0.0,0.0005
2026-06-24T12:25Z,Czech Republic,0.0,0.0005
2026-06-24T12:25Z,DR Congo,0.0,0.0005
2026-06-24T12:25Z,Iran,0.0,0.0005
2026-06-24T12:25Z,Iraq,0.0,0.0005
2026-06-24T12:25Z,New Zealand,0.0,0.0005
2026-06-24T12:25Z,Qatar,0.0,0.0005
2026-06-24T12:25Z,Saudi Arabia,0.0,0.0005
2026-06-24T12:25Z,South Africa,0.0,0.0005
2026-06-24T12:25Z,Uzbekistan,0.0,0.0005
2026-06-24T12:25Z,Portugal,0.077,0.0775
2026-06-24T12:25Z,Canada,0.002,0.0035
2026-06-24T12:25Z,Ivory Coast,0.002,0.0035
2026-06-24T12:25Z,Australia,0.001,0.0025
2026-06-24T12:25Z,Egypt,0.001,0.0025
2026-06-24T12:25Z,South Korea,0.001,0.0025
2026-06-24T12:25Z,Cape Verde,0.0,0.0015
2026-06-24T12:25Z,Ghana,0.0,0.0015
2026-06-24T12:25Z,Paraguay,0.0,0.0015
2026-06-24T12:25Z,Scotland,0.0,0.0015
2026-06-24T12:25Z,Croatia,0.002,0.0045
2026-06-24T12:25Z,Senegal,0.0,0.0025
2026-06-24T12:25Z,Sweden,0.0,0.0025
2026-06-24T12:25Z,England,0.098,0.1085
2026-06-24T12:25Z,Mexico,0.0,0.0125
2026-06-24T12:25Z,Japan,0.008,0.0215
2026-06-24T12:25Z,Brazil,0.035,0.0515
2026-06-24T12:25Z,Norway,0.006,0.0305
2026-06-24T12:25Z,United States,0.003,0.0345
2026-06-24T12:25Z,Netherlands,0.02,0.0535
2026-06-24T12:25Z,Germany,0.019,0.0535
2026-06-24T12:25Z,France,0.091,0.1945
2026-06-24T15:25Z,Argentina,0.289,0.1465
2026-06-24T15:25Z,Spain,0.247,0.1385
2026-06-24T15:25Z,Morocco,0.038,0.0185
2026-06-24T15:25Z,Colombia,0.03,0.0175
2026-06-24T15:25Z,Belgium,0.017,0.0115
2026-06-24T15:25Z,Portugal,0.077,0.0725
2026-06-24T15:25Z,Algeria,0.002,0.0005
2026-06-24T15:25Z,Uruguay,0.002,0.0015
2026-06-24T15:25Z,Haiti,0.0,0.0
2026-06-24T15:25Z,Jordan,0.0,0.0
2026-06-24T15:25Z,Panama,0.0,0.0
2026-06-24T15:25Z,Tunisia,0.0,0.0
2026-06-24T15:25Z,Switzerland,0.006,0.0065
2026-06-24T15:25Z,Austria,0.002,0.0025
2026-06-24T15:25Z,Ecuador,0.001,0.0015
2026-06-24T15:25Z,Bosnia and Herzegovina,0.0,0.0005
2026-06-24T15:25Z,Curaçao,0.0,0.0005
2026-06-24T15:25Z,Czech Republic,0.0,0.0005
2026-06-24T15:25Z,DR Congo,0.0,0.0005
2026-06-24T15:25Z,Iran,0.0,0.0005
2026-06-24T15:25Z,Iraq,0.0,0.0005
2026-06-24T15:25Z,New Zealand,0.0,0.0005
2026-06-24T15:25Z,Qatar,0.0,0.0005
2026-06-24T15:25Z,Saudi Arabia,0.0,0.0005
2026-06-24T15:25Z,South Africa,0.0,0.0005
2026-06-24T15:25Z,Uzbekistan,0.0,0.0005
2026-06-24T15:25Z,Canada,0.002,0.0035
2026-06-24T15:25Z,Croatia,0.002,0.0035
2026-06-24T15:25Z,Ivory Coast,0.002,0.0035
2026-06-24T15:25Z,Australia,0.001,0.0025
2026-06-24T15:25Z,Egypt,0.001,0.0025
2026-06-24T15:25Z,South Korea,0.001,0.0025
2026-06-24T15:25Z,Cape Verde,0.0,0.0015
2026-06-24T15:25Z,Ghana,0.0,0.0015
2026-06-24T15:25Z,Paraguay,0.0,0.0015
2026-06-24T15:25Z,Scotland,0.0,0.0015
2026-06-24T15:25Z,Senegal,0.0,0.0025
2026-06-24T15:25Z,Sweden,0.0,0.0025
2026-06-24T15:25Z,England,0.098,0.1085
2026-06-24T15:25Z,Mexico,0.0,0.0125
2026-06-24T15:25Z,Japan,0.008,0.0215
2026-06-24T15:25Z,Brazil,0.035,0.0515
2026-06-24T15:25Z,Norway,0.006,0.0305
2026-06-24T15:25Z,Netherlands,0.02,0.0495
2026-06-24T15:25Z,United States,0.003,0.0345
2026-06-24T15:25Z,Germany,0.019,0.0535
2026-06-24T15:25Z,France,0.091,0.1935
2026-06-24T17:33Z,Argentina,0.289,0.1515
2026-06-24T17:33Z,Spain,0.247,0.1385
2026-06-24T17:33Z,Morocco,0.038,0.0195
2026-06-24T17:33Z,Colombia,0.03,0.0175
2026-06-24T17:33Z,Belgium,0.017,0.0115
2026-06-24T17:33Z,Algeria,0.002,0.0005
2026-06-24T17:33Z,Uruguay,0.002,0.0015
2026-06-24T17:33Z,Portugal,0.077,0.077
2026-06-24T17:33Z,Haiti,0.0,0.0
2026-06-24T17:33Z,Jordan,0.0,0.0
2026-06-24T17:33Z,Panama,0.0,0.0
2026-06-24T17:33Z,Tunisia,0.0,0.0
2026-06-24T17:33Z,Switzerland,0.006,0.0065
2026-06-24T17:33Z,Austria,0.002,0.0025
2026-06-24T17:33Z,Ecuador,0.001,0.0015
2026-06-24T17:33Z,Bosnia and Herzegovina,0.0,0.0005
2026-06-24T17:33Z,Curaçao,0.0,0.0005
2026-06-24T17:33Z,Czech Republic,0.0,0.0005
2026-06-24T17:33Z,DR Congo,0.0,0.0005
2026-06-24T17:33Z,Iran,0.0,0.0005
2026-06-24T17:33Z,Iraq,0.0,0.0005
2026-06-24T17:33Z,New Zealand,0.0,0.0005
2026-06-24T17:33Z,Qatar,0.0,0.0005
2026-06-24T17:33Z,Saudi Arabia,0.0,0.0005
2026-06-24T17:33Z,South Africa,0.0,0.0005
2026-06-24T17:33Z,Uzbekistan,0.0,0.0005
2026-06-24T17:33Z,Canada,0.002,0.0035
2026-06-24T17:33Z,Croatia,0.002,0.0035
2026-06-24T17:33Z,Ivory Coast,0.002,0.0035
2026-06-24T17:33Z,Australia,0.001,0.0025
2026-06-24T17:33Z,Egypt,0.001,0.0025
2026-06-24T17:33Z,South Korea,0.001,0.0025
2026-06-24T17:33Z,Cape Verde,0.0,0.0015
2026-06-24T17:33Z,Ghana,0.0,0.0015
2026-06-24T17:33Z,Paraguay,0.0,0.0015
2026-06-24T17:33Z,Scotland,0.0,0.0015
2026-06-24T17:33Z,Senegal,0.0,0.0025
2026-06-24T17:33Z,Sweden,0.0,0.0025
2026-06-24T17:33Z,England,0.098,0.1085
2026-06-24T17:33Z,Japan,0.008,0.0195
2026-06-24T17:33Z,Mexico,0.0,0.0125
2026-06-24T17:33Z,Brazil,0.035,0.0505
2026-06-24T17:33Z,Norway,0.006,0.0315
2026-06-24T17:33Z,Netherlands,0.02,0.0495
2026-06-24T17:33Z,United States,0.003,0.0345
2026-06-24T17:33Z,Germany,0.019,0.0535
2026-06-24T17:33Z,France,0.091,0.1935
2026-06-24T19:19Z,Argentina,0.289,0.1555
2026-06-24T19:19Z,Spain,0.247,0.1385
2026-06-24T19:19Z,Morocco,0.038,0.0205
2026-06-24T19:19Z,Colombia,0.03,0.0175
2026-06-24T19:19Z,Belgium,0.017,0.0115
2026-06-24T19:19Z,Algeria,0.002,0.0005
2026-06-24T19:19Z,Portugal,0.077,0.0765
2026-06-24T19:19Z,Uruguay,0.002,0.0015
2026-06-24T19:19Z,Haiti,0.0,0.0
2026-06-24T19:19Z,Jordan,0.0,0.0
2026-06-24T19:19Z,Panama,0.0,0.0
2026-06-24T19:19Z,Tunisia,0.0,0.0
2026-06-24T19:19Z,Switzerland,0.006,0.0065
2026-06-24T19:19Z,Austria,0.002,0.0025
2026-06-24T19:19Z,Ecuador,0.001,0.0015
2026-06-24T19:19Z,Bosnia and Herzegovina,0.0,0.0005
2026-06-24T19:19Z,Curaçao,0.0,0.0005
2026-06-24T19:19Z,Czech Republic,0.0,0.0005
2026-06-24T19:19Z,DR Congo,0.0,0.0005
2026-06-24T19:19Z,Iran,0.0,0.0005
2026-06-24T19:19Z,Iraq,0.0,0.0005
2026-06-24T19:19Z,New Zealand,0.0,0.0005
2026-06-24T19:19Z,Qatar,0.0,0.0005
2026-06-24T19:19Z,Saudi Arabia,0.0,0.0005
2026-06-24T19:19Z,South Africa,0.0,0.0005
2026-06-24T19:19Z,Uzbekistan,0.0,0.0005
2026-06-24T19:19Z,Canada,0.002,0.0035
2026-06-24T19:19Z,Ivory Coast,0.002,0.0035
2026-06-24T19:19Z,Australia,0.001,0.0025
2026-06-24T19:19Z,Egypt,0.001,0.0025
2026-06-24T19:19Z,South Korea,0.001,0.0025
2026-06-24T19:19Z,Cape Verde,0.0,0.0015
2026-06-24T19:19Z,Ghana,0.0,0.0015
2026-06-24T19:19Z,Paraguay,0.0,0.0015
2026-06-24T19:19Z,Scotland,0.0,0.0015
2026-06-24T19:19Z,Croatia,0.002,0.0045
2026-06-24T19:19Z,Senegal,0.0,0.0025
2026-06-24T19:19Z,Sweden,0.0,0.0025
2026-06-24T19:19Z,England,0.098,0.1085
2026-06-24T19:19Z,Japan,0.008,0.0195
2026-06-24T19:19Z,Mexico,0.0,0.0125
2026-06-24T19:19Z,Brazil,0.035,0.0485
2026-06-24T19:19Z,Norway,0.006,0.0315
2026-06-24T19:19Z,Netherlands,0.02,0.0495
2026-06-24T19:19Z,United States,0.003,0.0345
2026-06-24T19:19Z,Germany,0.019,0.0535
2026-06-24T19:19Z,France,0.091,0.1935
2026-06-24T21:02Z,Argentina,0.302,0.1505
2026-06-24T21:02Z,Spain,0.225,0.1385
2026-06-24T21:02Z,Morocco,0.039,0.0205
2026-06-24T21:02Z,Belgium,0.015,0.0105
2026-06-24T21:02Z,Colombia,0.021,0.0175
2026-06-24T21:02Z,Croatia,0.005,0.0045
2026-06-24T21:02Z,Senegal,0.003,0.0025
2026-06-24T21:02Z,Uruguay,0.002,0.0015
2026-06-24T21:02Z,Iran,0.001,0.0005
2026-06-24T21:02Z,Haiti,0.0,0.0
2026-06-24T21:02Z,Jordan,0.0,0.0
2026-06-24T21:02Z,Panama,0.0,0.0
2026-06-24T21:02Z,Tunisia,0.0,0.0
2026-06-24T21:02Z,Egypt,0.002,0.0025
2026-06-24T21:02Z,Algeria,0.0,0.0005
2026-06-24T21:02Z,Curaçao,0.0,0.0005
2026-06-24T21:02Z,Czech Republic,0.0,0.0005
2026-06-24T21:02Z,DR Congo,0.0,0.0005
2026-06-24T21:02Z,Iraq,0.0,0.0005
2026-06-24T21:02Z,New Zealand,0.0,0.0005
2026-06-24T21:02Z,Qatar,0.0,0.0005
2026-06-24T21:02Z,Saudi Arabia,0.0,0.0005
2026-06-24T21:02Z,South Africa,0.0,0.0005
2026-06-24T21:02Z,Uzbekistan,0.0,0.0005
2026-06-24T21:02Z,Switzerland,0.008,0.0085
2026-06-24T21:02Z,Australia,0.001,0.0025
2026-06-24T21:02Z,Canada,0.001,0.0025
2026-06-24T21:02Z,South Korea,0.001,0.0025
2026-06-24T21:02Z,Bosnia and Herzegovina,0.0,0.0015
2026-06-24T21:02Z,Cape Verde,0.0,0.0015
2026-06-24T21:02Z,Ecuador,0.0,0.0015
2026-06-24T21:02Z,Ghana,0.0,0.0015
2026-06-24T21:02Z,Paraguay,0.0,0.0015
2026-06-24T21:02Z,Scotland,0.0,0.0015
2026-06-24T21:02Z,Austria,0.0,0.0025
2026-06-24T21:02Z,Sweden,0.0,0.0025
2026-06-24T21:02Z,Ivory Coast,0.0,0.0035
2026-06-24T21:02Z,Portugal,0.075,0.0785
2026-06-24T21:02Z,Mexico,0.001,0.0115
2026-06-24T21:02Z,Brazil,0.036,0.0485
2026-06-24T21:02Z,Japan,0.004,0.0195
2026-06-24T21:02Z,Germany,0.037,0.0535
2026-06-24T21:02Z,England,0.091,0.1085
2026-06-24T21:02Z,Norway,0.011,0.0315
2026-06-24T21:02Z,Netherlands,0.028,0.0495
2026-06-24T21:02Z,United States,0.001,0.0345
2026-06-24T21:02Z,France,0.09,0.1935
2026-06-24T22:23Z,Argentina,0.302,0.1505
2026-06-24T22:23Z,Spain,0.225,0.1385
2026-06-24T22:23Z,Morocco,0.039,0.0175
2026-06-24T22:23Z,Belgium,0.015,0.0105
2026-06-24T22:23Z,Colombia,0.021,0.0175
2026-06-24T22:23Z,Croatia,0.005,0.0045
2026-06-24T22:23Z,Senegal,0.003,0.0025
2026-06-24T22:23Z,Uruguay,0.002,0.0015
2026-06-24T22:23Z,Iran,0.001,0.0005
2026-06-24T22:23Z,Haiti,0.0,0.0
2026-06-24T22:23Z,Jordan,0.0,0.0
2026-06-24T22:23Z,Panama,0.0,0.0
2026-06-24T22:23Z,Tunisia,0.0,0.0
2026-06-24T22:23Z,Egypt,0.002,0.0025
2026-06-24T22:23Z,Algeria,0.0,0.0005
2026-06-24T22:23Z,Curaçao,0.0,0.0005
2026-06-24T22:23Z,Czech Republic,0.0,0.0005
2026-06-24T22:23Z,DR Congo,0.0,0.0005
2026-06-24T22:23Z,Iraq,0.0,0.0005
2026-06-24T22:23Z,New Zealand,0.0,0.0005
2026-06-24T22:23Z,Qatar,0.0,0.0005
2026-06-24T22:23Z,Saudi Arabia,0.0,0.0005
2026-06-24T22:23Z,Scotland,0.0,0.0005
2026-06-24T22:23Z,South Africa,0.0,0.0005
2026-06-24T22:23Z,Uzbekistan,0.0,0.0005
2026-06-24T22:23Z,Switzerland,0.008,0.0095
2026-06-24T22:23Z,Australia,0.001,0.0025
2026-06-24T22:23Z,Canada,0.001,0.0025
2026-06-24T22:23Z,South Korea,0.001,0.0025
2026-06-24T22:23Z,Bosnia and Herzegovina,0.0,0.0015
2026-06-24T22:23Z,Cape Verde,0.0,0.0015
2026-06-24T22:23Z,Ecuador,0.0,0.0015
2026-06-24T22:23Z,Ghana,0.0,0.0015
2026-06-24T22:23Z,Paraguay,0.0,0.0015
2026-06-24T22:23Z,Austria,0.0,0.0025
2026-06-24T22:23Z,Sweden,0.0,0.0025
2026-06-24T22:23Z,Ivory Coast,0.0,0.0035
2026-06-24T22:23Z,Portugal,0.075,0.0785
2026-06-24T22:23Z,Mexico,0.001,0.0115
2026-06-24T22:23Z,Japan,0.004,0.0195
2026-06-24T22:23Z,England,0.091,0.1075
2026-06-24T22:23Z,Germany,0.037,0.0535
2026-06-24T22:23Z,Brazil,0.036,0.0555
2026-06-24T22:23Z,Norway,0.011,0.0315
2026-06-24T22:23Z,Netherlands,0.028,0.0495
2026-06-24T22:23Z,United States,0.001,0.0345
2026-06-24T22:23Z,France,0.09,0.1935
2026-06-24T23:40Z,Argentina,0.302,0.1515
2026-06-24T23:40Z,Spain,0.225,0.1385
2026-06-24T23:40Z,Morocco,0.039,0.0155
2026-06-24T23:40Z,Belgium,0.015,0.0105
2026-06-24T23:40Z,Colombia,0.021,0.0175
2026-06-24T23:40Z,Croatia,0.005,0.0035
2026-06-24T23:40Z,Senegal,0.003,0.0025
2026-06-24T23:40Z,Uruguay,0.002,0.0015
2026-06-24T23:40Z,Iran,0.001,0.0005
2026-06-24T23:40Z,Haiti,0.0,0.0
2026-06-24T23:40Z,Jordan,0.0,0.0
2026-06-24T23:40Z,Panama,0.0,0.0
2026-06-24T23:40Z,Tunisia,0.0,0.0
2026-06-24T23:40Z,Egypt,0.002,0.0025
2026-06-24T23:40Z,Algeria,0.0,0.0005
2026-06-24T23:40Z,Curaçao,0.0,0.0005
2026-06-24T23:40Z,Czech Republic,0.0,0.0005
2026-06-24T23:40Z,DR Congo,0.0,0.0005
2026-06-24T23:40Z,Iraq,0.0,0.0005
2026-06-24T23:40Z,New Zealand,0.0,0.0005
2026-06-24T23:40Z,Qatar,0.0,0.0005
2026-06-24T23:40Z,Saudi Arabia,0.0,0.0005
2026-06-24T23:40Z,Scotland,0.0,0.0005
2026-06-24T23:40Z,South Africa,0.0,0.0005
2026-06-24T23:40Z,Uzbekistan,0.0,0.0005
2026-06-24T23:40Z,Switzerland,0.008,0.0095
2026-06-24T23:40Z,Australia,0.001,0.0025
2026-06-24T23:40Z,Canada,0.001,0.0025
2026-06-24T23:40Z,South Korea,0.001,0.0025
2026-06-24T23:40Z,Bosnia and Herzegovina,0.0,0.0015
2026-06-24T23:40Z,Cape Verde,0.0,0.0015
2026-06-24T23:40Z,Ecuador,0.0,0.0015
2026-06-24T23:40Z,Ghana,0.0,0.0015
2026-06-24T23:40Z,Paraguay,0.0,0.0015
2026-06-24T23:40Z,Austria,0.0,0.0025
2026-06-24T23:40Z,Sweden,0.0,0.0025
2026-06-24T23:40Z,Ivory Coast,0.0,0.0035
2026-06-24T23:40Z,Portugal,0.075,0.0785
2026-06-24T23:40Z,Mexico,0.001,0.0115
2026-06-24T23:40Z,England,0.091,0.1055
2026-06-24T23:40Z,Japan,0.004,0.0185
2026-06-24T23:40Z,Germany,0.037,0.0535
2026-06-24T23:40Z,Norway,0.011,0.0315
2026-06-24T23:40Z,Brazil,0.036,0.057
2026-06-24T23:40Z,Netherlands,0.028,0.05
2026-06-24T23:40Z,United States,0.001,0.0345
2026-06-24T23:40Z,France,0.09,0.1935
2026-06-25T01:38Z,Argentina,0.283,0.1595
2026-06-25T01:38Z,Spain,0.232,0.1385
2026-06-25T01:38Z,Morocco,0.04,0.0135
2026-06-25T01:38Z,Colombia,0.026,0.0175
2026-06-25T01:38Z,Belgium,0.014,0.0105
2026-06-25T01:38Z,Algeria,0.003,0.0005
2026-06-25T01:38Z,Portugal,0.079,0.0785
2026-06-25T01:38Z,Haiti,0.0,0.0
2026-06-25T01:38Z,Jordan,0.0,0.0
2026-06-25T01:38Z,Panama,0.0,0.0
2026-06-25T01:38Z,Qatar,0.0,0.0
2026-06-25T01:38Z,Tunisia,0.0,0.0
2026-06-25T01:38Z,Egypt,0.002,0.0025
2026-06-25T01:38Z,Ecuador,0.001,0.0015
2026-06-25T01:38Z,Uruguay,0.001,0.0015
2026-06-25T01:38Z,Curaçao,0.0,0.0005
2026-06-25T01:38Z,Czech Republic,0.0,0.0005
2026-06-25T01:38Z,DR Congo,0.0,0.0005
2026-06-25T01:38Z,Iran,0.0,0.0005
2026-06-25T01:38Z,Iraq,0.0,0.0005
2026-06-25T01:38Z,New Zealand,0.0,0.0005
2026-06-25T01:38Z,Saudi Arabia,0.0,0.0005
2026-06-25T01:38Z,Scotland,0.0,0.0005
2026-06-25T01:38Z,South Africa,0.0,0.0005
2026-06-25T01:38Z,Uzbekistan,0.0,0.0005
2026-06-25T01:38Z,Bosnia and Herzegovina,0.0,0.0015
2026-06-25T01:38Z,Canada,0.0,0.0015
2026-06-25T01:38Z,Cape Verde,0.0,0.0015
2026-06-25T01:38Z,Ghana,0.0,0.0015
2026-06-25T01:38Z,Paraguay,0.0,0.0015
2026-06-25T01:38Z,Croatia,0.001,0.0035
2026-06-25T01:38Z,Australia,0.0,0.0025
2026-06-25T01:38Z,Austria,0.0,0.0025
2026-06-25T01:38Z,Senegal,0.0,0.0025
2026-06-25T01:38Z,South Korea,0.0,0.0025
2026-06-25T01:38Z,Sweden,0.0,0.0025
2026-06-25T01:38Z,Ivory Coast,0.0,0.0035
2026-06-25T01:38Z,England,0.1,0.1055
2026-06-25T01:38Z,Switzerland,0.002,0.0095
2026-06-25T01:38Z,Japan,0.008,0.0175
2026-06-25T01:38Z,Mexico,0.0,0.0105
2026-06-25T01:38Z,Brazil,0.04,0.0515
2026-06-25T01:38Z,Germany,0.036,0.0535
2026-06-25T01:38Z,Netherlands,0.036,0.0545
2026-06-25T01:38Z,Norway,0.01,0.0315
2026-06-25T01:38Z,United States,0.002,0.0345
2026-06-25T01:38Z,France,0.084,0.1935
2026-06-25T05:51Z,Argentina,0.281,0.1505
2026-06-25T05:51Z,Spain,0.223,0.1385
2026-06-25T05:51Z,Morocco,0.033,0.0135
2026-06-25T05:51Z,Colombia,0.03,0.0175
2026-06-25T05:51Z,Croatia,0.008,0.0035
2026-06-25T05:51Z,Switzerland,0.01,0.0095
2026-06-25T05:51Z,Algeria,0.001,0.0005
2026-06-25T05:51Z,Haiti,0.0,0.0
2026-06-25T05:51Z,Jordan,0.0,0.0
2026-06-25T05:51Z,Panama,0.0,0.0
2026-06-25T05:51Z,Qatar,0.0,0.0
2026-06-25T05:51Z,Tunisia,0.0,0.0
2026-06-25T05:51Z,Australia,0.001,0.0015
2026-06-25T05:51Z,Uruguay,0.001,0.0015
2026-06-25T05:51Z,Curaçao,0.0,0.0005
2026-06-25T05:51Z,Czech Republic,0.0,0.0005
2026-06-25T05:51Z,Iran,0.0,0.0005
2026-06-25T05:51Z,Iraq,0.0,0.0005
2026-06-25T05:51Z,New Zealand,0.0,0.0005
2026-06-25T05:51Z,Paraguay,0.0,0.0005
2026-06-25T05:51Z,Saudi Arabia,0.0,0.0005
2026-06-25T05:51Z,Scotland,0.0,0.0005
2026-06-25T05:51Z,South Africa,0.0,0.0005
2026-06-25T05:51Z,Uzbekistan,0.0,0.0005
2026-06-25T05:51Z,Brazil,0.054,0.0545
2026-06-25T05:51Z,Austria,0.001,0.0025
2026-06-25T05:51Z,Canada,0.001,0.0025
2026-06-25T05:51Z,Senegal,0.001,0.0025
2026-06-25T05:51Z,Bosnia and Herzegovina,0.0,0.0015
2026-06-25T05:51Z,Cape Verde,0.0,0.0015
2026-06-25T05:51Z,DR Congo,0.0,0.0015
2026-06-25T05:51Z,Ecuador,0.0,0.0015
2026-06-25T05:51Z,Ghana,0.0,0.0015
2026-06-25T05:51Z,South Korea,0.0,0.0015
2026-06-25T05:51Z,Belgium,0.009,0.0105
2026-06-25T05:51Z,Ivory Coast,0.001,0.0035
2026-06-25T05:51Z,Egypt,0.0,0.0025
2026-06-25T05:51Z,Sweden,0.0,0.0025
2026-06-25T05:51Z,England,0.099,0.1055
2026-06-25T05:51Z,Japan,0.011,0.0175
2026-06-25T05:51Z,Mexico,0.002,0.0105
2026-06-25T05:51Z,Portugal,0.067,0.0785
2026-06-25T05:51Z,Norway,0.01,0.0305
2026-06-25T05:51Z,Netherlands,0.03,0.0545
2026-06-25T05:51Z,Germany,0.027,0.0525
2026-06-25T05:51Z,United States,0.002,0.0345
2026-06-25T05:51Z,France,0.097,0.1945
2026-06-25T08:53Z,Argentina,0.281,0.1575
2026-06-25T08:53Z,Spain,0.223,0.1385
2026-06-25T08:53Z,Morocco,0.033,0.0165
2026-06-25T08:53Z,Colombia,0.03,0.0175
2026-06-25T08:53Z,Croatia,0.008,0.0035
2026-06-25T08:53Z,Switzerland,0.01,0.0085
2026-06-25T08:53Z,Algeria,0.001,0.0005
2026-06-25T08:53Z,Czech Republic,0.0,0.0
2026-06-25T08:53Z,Haiti,0.0,0.0
2026-06-25T08:53Z,Jordan,0.0,0.0
2026-06-25T08:53Z,Panama,0.0,0.0
2026-06-25T08:53Z,Qatar,0.0,0.0
2026-06-25T08:53Z,Tunisia,0.0,0.0
2026-06-25T08:53Z,Australia,0.001,0.0015
2026-06-25T08:53Z,Uruguay,0.001,0.0015
2026-06-25T08:53Z,Curaçao,0.0,0.0005
2026-06-25T08:53Z,DR Congo,0.0,0.0005
2026-06-25T08:53Z,Iran,0.0,0.0005
2026-06-25T08:53Z,Iraq,0.0,0.0005
2026-06-25T08:53Z,New Zealand,0.0,0.0005
2026-06-25T08:53Z,Paraguay,0.0,0.0005
2026-06-25T08:53Z,Saudi Arabia,0.0,0.0005
2026-06-25T08:53Z,Scotland,0.0,0.0005
2026-06-25T08:53Z,South Africa,0.0,0.0005
2026-06-25T08:53Z,Uzbekistan,0.0,0.0005
2026-06-25T08:53Z,Brazil,0.054,0.0545
2026-06-25T08:53Z,Austria,0.001,0.0025
2026-06-25T08:53Z,Canada,0.001,0.0025
2026-06-25T08:53Z,Senegal,0.001,0.0025
2026-06-25T08:53Z,Bosnia and Herzegovina,0.0,0.0015
2026-06-25T08:53Z,Cape Verde,0.0,0.0015
2026-06-25T08:53Z,Ecuador,0.0,0.0015
2026-06-25T08:53Z,Ghana,0.0,0.0015
2026-06-25T08:53Z,South Korea,0.0,0.0015
2026-06-25T08:53Z,Belgium,0.009,0.0105
2026-06-25T08:53Z,Ivory Coast,0.001,0.0035
2026-06-25T08:53Z,Egypt,0.0,0.0025
2026-06-25T08:53Z,Sweden,0.0,0.0025
2026-06-25T08:53Z,England,0.099,0.1055
2026-06-25T08:53Z,Japan,0.011,0.0175
2026-06-25T08:53Z,Portugal,0.067,0.0755
2026-06-25T08:53Z,Mexico,0.002,0.0115
2026-06-25T08:53Z,Norway,0.01,0.0285
2026-06-25T08:53Z,Germany,0.027,0.0525
2026-06-25T08:53Z,Netherlands,0.03,0.0565
2026-06-25T08:53Z,United States,0.002,0.0345
2026-06-25T08:53Z,France,0.097,0.1945
2026-06-25T11:37Z,Argentina,0.281,0.1485
2026-06-25T11:37Z,Spain,0.223,0.1385
2026-06-25T11:37Z,Morocco,0.033,0.0165
2026-06-25T11:37Z,Colombia,0.03,0.0175
2026-06-25T11:37Z,Croatia,0.008,0.0045
2026-06-25T11:37Z,Switzerland,0.01,0.0095
2026-06-25T11:37Z,Algeria,0.001,0.0005
2026-06-25T11:37Z,Czech Republic,0.0,0.0
2026-06-25T11:37Z,Haiti,0.0,0.0
2026-06-25T11:37Z,Jordan,0.0,0.0
2026-06-25T11:37Z,Panama,0.0,0.0
2026-06-25T11:37Z,Qatar,0.0,0.0
2026-06-25T11:37Z,Tunisia,0.0,0.0
2026-06-25T11:37Z,Australia,0.001,0.0015
2026-06-25T11:37Z,Uruguay,0.001,0.0015
2026-06-25T11:37Z,Curaçao,0.0,0.0005
2026-06-25T11:37Z,DR Congo,0.0,0.0005
2026-06-25T11:37Z,Iran,0.0,0.0005
2026-06-25T11:37Z,Iraq,0.0,0.0005
2026-06-25T11:37Z,New Zealand,0.0,0.0005
2026-06-25T11:37Z,Paraguay,0.0,0.0005
2026-06-25T11:37Z,Saudi Arabia,0.0,0.0005
2026-06-25T11:37Z,Scotland,0.0,0.0005
2026-06-25T11:37Z,South Africa,0.0,0.0005
2026-06-25T11:37Z,Uzbekistan,0.0,0.0005
2026-06-25T11:37Z,Brazil,0.054,0.0545
2026-06-25T11:37Z,Austria,0.001,0.0025
2026-06-25T11:37Z,Canada,0.001,0.0025
2026-06-25T11:37Z,Senegal,0.001,0.0025
2026-06-25T11:37Z,Bosnia and Herzegovina,0.0,0.0015
2026-06-25T11:37Z,Cape Verde,0.0,0.0015
2026-06-25T11:37Z,Ecuador,0.0,0.0015
2026-06-25T11:37Z,Ghana,0.0,0.0015
2026-06-25T11:37Z,South Korea,0.0,0.0015
2026-06-25T11:37Z,Belgium,0.009,0.0105
2026-06-25T11:37Z,Ivory Coast,0.001,0.0035
2026-06-25T11:37Z,Egypt,0.0,0.0025
2026-06-25T11:37Z,Sweden,0.0,0.0025
2026-06-25T11:37Z,England,0.099,0.1055
2026-06-25T11:37Z,Japan,0.011,0.0175
2026-06-25T11:37Z,Portugal,0.067,0.0745
2026-06-25T11:37Z,Mexico,0.002,0.0125
2026-06-25T11:37Z,Norway,0.01,0.0265
2026-06-25T11:37Z,Germany,0.027,0.0525
2026-06-25T11:37Z,Netherlands,0.03,0.0565
2026-06-25T11:37Z,United States,0.002,0.0345
2026-06-25T11:37Z,France,0.097,0.1935
2026-06-25T13:41Z,Argentina,0.281,0.1485
2026-06-25T13:41Z,Spain,0.223,0.1385
2026-06-25T13:41Z,Morocco,0.033,0.0165
2026-06-25T13:41Z,Colombia,0.03,0.0175
2026-06-25T13:41Z,Croatia,0.008,0.0045
2026-06-25T13:41Z,Switzerland,0.01,0.0095
2026-06-25T13:41Z,Algeria,0.001,0.0005
2026-06-25T13:41Z,Czech Republic,0.0,0.0
2026-06-25T13:41Z,Haiti,0.0,0.0
2026-06-25T13:41Z,Jordan,0.0,0.0
2026-06-25T13:41Z,Panama,0.0,0.0
2026-06-25T13:41Z,Qatar,0.0,0.0
2026-06-25T13:41Z,Tunisia,0.0,0.0
2026-06-25T13:41Z,Australia,0.001,0.0015
2026-06-25T13:41Z,Uruguay,0.001,0.0015
2026-06-25T13:41Z,Curaçao,0.0,0.0005
2026-06-25T13:41Z,DR Congo,0.0,0.0005
2026-06-25T13:41Z,Iran,0.0,0.0005
2026-06-25T13:41Z,Iraq,0.0,0.0005
2026-06-25T13:41Z,New Zealand,0.0,0.0005
2026-06-25T13:41Z,Paraguay,0.0,0.0005
2026-06-25T13:41Z,Saudi Arabia,0.0,0.0005
2026-06-25T13:41Z,Scotland,0.0,0.0005
2026-06-25T13:41Z,South Africa,0.0,0.0005
2026-06-25T13:41Z,Uzbekistan,0.0,0.0005
2026-06-25T13:41Z,Brazil,0.054,0.0545
2026-06-25T13:41Z,Austria,0.001,0.0025
2026-06-25T13:41Z,Canada,0.001,0.0025
2026-06-25T13:41Z,Senegal,0.001,0.0025
2026-06-25T13:41Z,Bosnia and Herzegovina,0.0,0.0015
2026-06-25T13:41Z,Cape Verde,0.0,0.0015
2026-06-25T13:41Z,Ecuador,0.0,0.0015
2026-06-25T13:41Z,Ghana,0.0,0.0015
2026-06-25T13:41Z,South Korea,0.0,0.0015
2026-06-25T13:41Z,Belgium,0.009,0.0105
2026-06-25T13:41Z,Ivory Coast,0.001,0.0035
2026-06-25T13:41Z,Egypt,0.0,0.0025
2026-06-25T13:41Z,Sweden,0.0,0.0025
2026-06-25T13:41Z,England,0.099,0.1055
2026-06-25T13:41Z,Japan,0.011,0.0185
2026-06-25T13:41Z,Portugal,0.067,0.0765
2026-06-25T13:41Z,Mexico,0.002,0.0125
2026-06-25T13:41Z,Norway,0.01,0.0315
2026-06-25T13:41Z,Germany,0.027,0.0525
2026-06-25T13:41Z,Netherlands,0.03,0.0565
2026-06-25T13:41Z,United States,0.002,0.0345
2026-06-25T13:41Z,France,0.097,0.1935
2026-06-25T16:10Z,Argentina,0.281,0.1485
2026-06-25T16:10Z,Spain,0.223,0.1385
2026-06-25T16:10Z,Morocco,0.033,0.0155
2026-06-25T16:10Z,Colombia,0.03,0.0175
2026-06-25T16:10Z,Croatia,0.008,0.0045
2026-06-25T16:10Z,Switzerland,0.01,0.0095
2026-06-25T16:10Z,Algeria,0.001,0.0005
2026-06-25T16:10Z,Czech Republic,0.0,0.0
2026-06-25T16:10Z,Haiti,0.0,0.0
2026-06-25T16:10Z,Jordan,0.0,0.0
2026-06-25T16:10Z,Panama,0.0,0.0
2026-06-25T16:10Z,Qatar,0.0,0.0
2026-06-25T16:10Z,Tunisia,0.0,0.0
2026-06-25T16:10Z,Australia,0.001,0.0015
2026-06-25T16:10Z,Uruguay,0.001,0.0015
2026-06-25T16:10Z,Curaçao,0.0,0.0005
2026-06-25T16:10Z,DR Congo,0.0,0.0005
2026-06-25T16:10Z,Iran,0.0,0.0005
2026-06-25T16:10Z,Iraq,0.0,0.0005
2026-06-25T16:10Z,New Zealand,0.0,0.0005
2026-06-25T16:10Z,Paraguay,0.0,0.0005
2026-06-25T16:10Z,Saudi Arabia,0.0,0.0005
2026-06-25T16:10Z,Scotland,0.0,0.0005
2026-06-25T16:10Z,South Africa,0.0,0.0005
2026-06-25T16:10Z,Uzbekistan,0.0,0.0005
2026-06-25T16:10Z,Brazil,0.054,0.0545
2026-06-25T16:10Z,Austria,0.001,0.0025
2026-06-25T16:10Z,Canada,0.001,0.0025
2026-06-25T16:10Z,Senegal,0.001,0.0025
2026-06-25T16:10Z,Bosnia and Herzegovina,0.0,0.0015
2026-06-25T16:10Z,Cape Verde,0.0,0.0015
2026-06-25T16:10Z,Ecuador,0.0,0.0015
2026-06-25T16:10Z,Ghana,0.0,0.0015
2026-06-25T16:10Z,South Korea,0.0,0.0015
2026-06-25T16:10Z,Sweden,0.0,0.0015
2026-06-25T16:10Z,Belgium,0.009,0.0105
2026-06-25T16:10Z,Ivory Coast,0.001,0.0035
2026-06-25T16:10Z,Egypt,0.0,0.0025
2026-06-25T16:10Z,England,0.099,0.1055
2026-06-25T16:10Z,Japan,0.011,0.0175
2026-06-25T16:10Z,Mexico,0.002,0.0125
2026-06-25T16:10Z,Portugal,0.067,0.0815
2026-06-25T16:10Z,Norway,0.01,0.0315
2026-06-25T16:10Z,Germany,0.027,0.0525
2026-06-25T16:10Z,Netherlands,0.03,0.0565
2026-06-25T16:10Z,United States,0.002,0.0345
2026-06-25T16:10Z,France,0.097,0.1925
2026-06-25T18:30Z,Argentina,0.281,0.1485
2026-06-25T18:30Z,Spain,0.223,0.1385
2026-06-25T18:30Z,Morocco,0.033,0.0155
2026-06-25T18:30Z,Colombia,0.03,0.0175
2026-06-25T18:30Z,Croatia,0.008,0.0045
2026-06-25T18:30Z,Switzerland,0.01,0.0085
2026-06-25T18:30Z,Algeria,0.001,0.0005
2026-06-25T18:30Z,Czech Republic,0.0,0.0
2026-06-25T18:30Z,Haiti,0.0,0.0
2026-06-25T18:30Z,Jordan,0.0,0.0
2026-06-25T18:30Z,Panama,0.0,0.0
2026-06-25T18:30Z,Qatar,0.0,0.0
2026-06-25T18:30Z,Tunisia,0.0,0.0
2026-06-25T18:30Z,Australia,0.001,0.0015
2026-06-25T18:30Z,Uruguay,0.001,0.0015
2026-06-25T18:30Z,Cape Verde,0.0,0.0005
2026-06-25T18:30Z,Curaçao,0.0,0.0005
2026-06-25T18:30Z,DR Congo,0.0,0.0005
2026-06-25T18:30Z,Iran,0.0,0.0005
2026-06-25T18:30Z,Iraq,0.0,0.0005
2026-06-25T18:30Z,New Zealand,0.0,0.0005
2026-06-25T18:30Z,Paraguay,0.0,0.0005
2026-06-25T18:30Z,Saudi Arabia,0.0,0.0005
2026-06-25T18:30Z,Scotland,0.0,0.0005
2026-06-25T18:30Z,South Africa,0.0,0.0005
2026-06-25T18:30Z,Uzbekistan,0.0,0.0005
2026-06-25T18:30Z,Austria,0.001,0.0025
2026-06-25T18:30Z,Canada,0.001,0.0025
2026-06-25T18:30Z,Senegal,0.001,0.0025
2026-06-25T18:30Z,Bosnia and Herzegovina,0.0,0.0015
2026-06-25T18:30Z,Ecuador,0.0,0.0015
2026-06-25T18:30Z,Ghana,0.0,0.0015
2026-06-25T18:30Z,South Korea,0.0,0.0015
2026-06-25T18:30Z,Sweden,0.0,0.0015
2026-06-25T18:30Z,Brazil,0.054,0.0555
2026-06-25T18:30Z,Belgium,0.009,0.0105
2026-06-25T18:30Z,Ivory Coast,0.001,0.0035
2026-06-25T18:30Z,Egypt,0.0,0.0025
2026-06-25T18:30Z,England,0.099,0.1055
2026-06-25T18:30Z,Japan,0.011,0.0175
2026-06-25T18:30Z,Mexico,0.002,0.0125
2026-06-25T18:30Z,Portugal,0.067,0.0815
2026-06-25T18:30Z,Norway,0.01,0.0325
2026-06-25T18:30Z,Germany,0.027,0.0525
2026-06-25T18:30Z,Netherlands,0.03,0.0565
2026-06-25T18:30Z,United States,0.002,0.0345
2026-06-25T18:30Z,France,0.097,0.1905
2026-06-25T20:37Z,Argentina,0.281,0.1455
2026-06-25T20:37Z,Spain,0.223,0.1385
2026-06-25T20:37Z,Morocco,0.033,0.0155
2026-06-25T20:37Z,Colombia,0.03,0.0175
2026-06-25T20:37Z,Croatia,0.008,0.0035
2026-06-25T20:37Z,Switzerland,0.01,0.0085
2026-06-25T20:37Z,Algeria,0.001,0.0005
2026-06-25T20:37Z,Czech Republic,0.0,0.0
2026-06-25T20:37Z,Haiti,0.0,0.0
2026-06-25T20:37Z,Jordan,0.0,0.0
2026-06-25T20:37Z,Panama,0.0,0.0
2026-06-25T20:37Z,Qatar,0.0,0.0
2026-06-25T20:37Z,Tunisia,0.0,0.0
2026-06-25T20:37Z,Australia,0.001,0.0015
2026-06-25T20:37Z,Uruguay,0.001,0.0015
2026-06-25T20:37Z,Cape Verde,0.0,0.0005
2026-06-25T20:37Z,Curaçao,0.0,0.0005
2026-06-25T20:37Z,DR Congo,0.0,0.0005
2026-06-25T20:37Z,Iran,0.0,0.0005
2026-06-25T20:37Z,Iraq,0.0,0.0005
2026-06-25T20:37Z,New Zealand,0.0,0.0005
2026-06-25T20:37Z,Paraguay,0.0,0.0005
2026-06-25T20:37Z,Saudi Arabia,0.0,0.0005
2026-06-25T20:37Z,Scotland,0.0,0.0005
2026-06-25T20:37Z,South Africa,0.0,0.0005
2026-06-25T20:37Z,Uzbekistan,0.0,0.0005
2026-06-25T20:37Z,Austria,0.001,0.0025
2026-06-25T20:37Z,Canada,0.001,0.0025
2026-06-25T20:37Z,Senegal,0.001,0.0025
2026-06-25T20:37Z,Bosnia and Herzegovina,0.0,0.0015
2026-06-25T20:37Z,Ecuador,0.0,0.0015
2026-06-25T20:37Z,Ghana,0.0,0.0015
2026-06-25T20:37Z,South Korea,0.0,0.0015
2026-06-25T20:37Z,Sweden,0.0,0.0015
2026-06-25T20:37Z,Belgium,0.009,0.0105
2026-06-25T20:37Z,Ivory Coast,0.001,0.0035
2026-06-25T20:37Z,Egypt,0.0,0.0025
2026-06-25T20:37Z,Brazil,0.054,0.0565
2026-06-25T20:37Z,England,0.099,0.1055
2026-06-25T20:37Z,Japan,0.011,0.0175
2026-06-25T20:37Z,Mexico,0.002,0.0125
2026-06-25T20:37Z,Portugal,0.067,0.0815
2026-06-25T20:37Z,Norway,0.01,0.0315
2026-06-25T20:37Z,Germany,0.027,0.0525
2026-06-25T20:37Z,Netherlands,0.03,0.0565
2026-06-25T20:37Z,United States,0.002,0.0335
2026-06-25T20:37Z,France,0.097,0.1905
2026-06-25T22:11Z,Argentina,0.289,0.1445
2026-06-25T22:11Z,Spain,0.224,0.1385
2026-06-25T22:11Z,Morocco,0.04,0.0165
2026-06-25T22:11Z,Colombia,0.028,0.0155
2026-06-25T22:11Z,Belgium,0.015,0.0105
2026-06-25T22:11Z,Egypt,0.003,0.0025
2026-06-25T22:11Z,Czech Republic,0.0,0.0
2026-06-25T22:11Z,Haiti,0.0,0.0
2026-06-25T22:11Z,Jordan,0.0,0.0
2026-06-25T22:11Z,Panama,0.0,0.0
2026-06-25T22:11Z,Qatar,0.0,0.0
2026-06-25T22:11Z,Tunisia,0.0,0.0
2026-06-25T22:11Z,Croatia,0.004,0.0045
2026-06-25T22:11Z,Ivory Coast,0.003,0.0035
2026-06-25T22:11Z,Austria,0.002,0.0025
2026-06-25T22:11Z,Senegal,0.002,0.0025
2026-06-25T22:11Z,Algeria,0.0,0.0005
2026-06-25T22:11Z,Cape Verde,0.0,0.0005
2026-06-25T22:11Z,Curaçao,0.0,0.0005
2026-06-25T22:11Z,DR Congo,0.0,0.0005
2026-06-25T22:11Z,Iran,0.0,0.0005
2026-06-25T22:11Z,Iraq,0.0,0.0005
2026-06-25T22:11Z,New Zealand,0.0,0.0005
2026-06-25T22:11Z,Paraguay,0.0,0.0005
2026-06-25T22:11Z,Saudi Arabia,0.0,0.0005
2026-06-25T22:11Z,Scotland,0.0,0.0005
2026-06-25T22:11Z,South Africa,0.0,0.0005
2026-06-25T22:11Z,Uzbekistan,0.0,0.0005
2026-06-25T22:11Z,Australia,0.0,0.0015
2026-06-25T22:11Z,Bosnia and Herzegovina,0.0,0.0015
2026-06-25T22:11Z,Ghana,0.0,0.0015
2026-06-25T22:11Z,South Korea,0.0,0.0015
2026-06-25T22:11Z,Sweden,0.0,0.0015
2026-06-25T22:11Z,Uruguay,0.0,0.0015
2026-06-25T22:11Z,Canada,0.0,0.0025
2026-06-25T22:11Z,Ecuador,0.002,0.0055
2026-06-25T22:11Z,Switzerland,0.003,0.0085
2026-06-25T22:11Z,Japan,0.012,0.0175
2026-06-25T22:11Z,Brazil,0.05,0.0565
2026-06-25T22:11Z,Portugal,0.071,0.0805
2026-06-25T22:11Z,England,0.095,0.1055
2026-06-25T22:11Z,Mexico,0.002,0.0125
2026-06-25T22:11Z,Norway,0.012,0.0325
2026-06-25T22:11Z,Germany,0.022,0.0475
2026-06-25T22:11Z,United States,0.001,0.0295
2026-06-25T22:11Z,Netherlands,0.022,0.0555
2026-06-25T22:11Z,France,0.098,0.1875
2026-06-25T23:50Z,Argentina,0.289,0.1445
2026-06-25T23:50Z,Spain,0.224,0.1385
2026-06-25T23:50Z,Morocco,0.04,0.0155
2026-06-25T23:50Z,Colombia,0.028,0.0155
2026-06-25T23:50Z,Belgium,0.015,0.0105
2026-06-25T23:50Z,Egypt,0.003,0.0025
2026-06-25T23:50Z,Ivory Coast,0.003,0.0025
2026-06-25T23:50Z,Czech Republic,0.0,0.0
2026-06-25T23:50Z,Haiti,0.0,0.0
2026-06-25T23:50Z,Jordan,0.0,0.0
2026-06-25T23:50Z,Panama,0.0,0.0
2026-06-25T23:50Z,Qatar,0.0,0.0
2026-06-25T23:50Z,Tunisia,0.0,0.0
2026-06-25T23:50Z,Croatia,0.004,0.0045
2026-06-25T23:50Z,Austria,0.002,0.0025
2026-06-25T23:50Z,Senegal,0.002,0.0025
2026-06-25T23:50Z,Algeria,0.0,0.0005
2026-06-25T23:50Z,Cape Verde,0.0,0.0005
2026-06-25T23:50Z,Curaçao,0.0,0.0005
2026-06-25T23:50Z,DR Congo,0.0,0.0005
2026-06-25T23:50Z,Iran,0.0,0.0005
2026-06-25T23:50Z,Iraq,0.0,0.0005
2026-06-25T23:50Z,New Zealand,0.0,0.0005
2026-06-25T23:50Z,Saudi Arabia,0.0,0.0005
2026-06-25T23:50Z,Scotland,0.0,0.0005
2026-06-25T23:50Z,South Africa,0.0,0.0005
2026-06-25T23:50Z,Uzbekistan,0.0,0.0005
2026-06-25T23:50Z,Australia,0.0,0.0015
2026-06-25T23:50Z,Bosnia and Herzegovina,0.0,0.0015
2026-06-25T23:50Z,Ghana,0.0,0.0015
2026-06-25T23:50Z,Paraguay,0.0,0.0015
2026-06-25T23:50Z,South Korea,0.0,0.0015
2026-06-25T23:50Z,Sweden,0.0,0.0015
2026-06-25T23:50Z,Uruguay,0.0,0.0015
2026-06-25T23:50Z,Canada,0.0,0.0025
2026-06-25T23:50Z,Ecuador,0.002,0.0055
2026-06-25T23:50Z,Switzerland,0.003,0.0085
2026-06-25T23:50Z,Brazil,0.05,0.0565
2026-06-25T23:50Z,Japan,0.012,0.0185
2026-06-25T23:50Z,Portugal,0.071,0.0805
2026-06-25T23:50Z,England,0.095,0.1055
2026-06-25T23:50Z,Mexico,0.002,0.0125
2026-06-25T23:50Z,Norway,0.012,0.0315
2026-06-25T23:50Z,Germany,0.022,0.0445
2026-06-25T23:50Z,United States,0.001,0.0295
2026-06-25T23:50Z,Netherlands,0.022,0.0585
2026-06-25T23:50Z,France,0.098,0.1855
2026-06-26T02:41Z,Argentina,0.307,0.1465
2026-06-26T02:41Z,Spain,0.234,0.1385
2026-06-26T02:41Z,Colombia,0.032,0.0145
2026-06-26T02:41Z,Morocco,0.027,0.0145
2026-06-26T02:41Z,Belgium,0.013,0.0105
2026-06-26T02:41Z,Ecuador,0.006,0.0055
2026-06-26T02:41Z,Austria,0.003,0.0025
2026-06-26T02:41Z,Ivory Coast,0.003,0.0025
2026-06-26T02:41Z,Algeria,0.001,0.0005
2026-06-26T02:41Z,Curaçao,0.0,0.0
2026-06-26T02:41Z,Czech Republic,0.0,0.0
2026-06-26T02:41Z,Haiti,0.0,0.0
2026-06-26T02:41Z,Jordan,0.0,0.0
2026-06-26T02:41Z,Panama,0.0,0.0
2026-06-26T02:41Z,Qatar,0.0,0.0
2026-06-26T02:41Z,Tunisia,0.0,0.0
2026-06-26T02:41Z,Uruguay,0.001,0.0015
2026-06-26T02:41Z,Cape Verde,0.0,0.0005
2026-06-26T02:41Z,DR Congo,0.0,0.0005
2026-06-26T02:41Z,Ghana,0.0,0.0005
2026-06-26T02:41Z,Iran,0.0,0.0005
2026-06-26T02:41Z,Iraq,0.0,0.0005
2026-06-26T02:41Z,New Zealand,0.0,0.0005
2026-06-26T02:41Z,Saudi Arabia,0.0,0.0005
2026-06-26T02:41Z,Scotland,0.0,0.0005
2026-06-26T02:41Z,South Africa,0.0,0.0005
2026-06-26T02:41Z,South Korea,0.0,0.0005
2026-06-26T02:41Z,Uzbekistan,0.0,0.0005
2026-06-26T02:41Z,Portugal,0.08,0.0805
2026-06-26T02:41Z,Switzerland,0.008,0.0085
2026-06-26T02:41Z,Australia,0.0,0.0015
2026-06-26T02:41Z,Bosnia and Herzegovina,0.0,0.0015
2026-06-26T02:41Z,Paraguay,0.0,0.0015
2026-06-26T02:41Z,Croatia,0.001,0.0035
2026-06-26T02:41Z,Canada,0.0,0.0025
2026-06-26T02:41Z,Egypt,0.0,0.0025
2026-06-26T02:41Z,Senegal,0.0,0.0025
2026-06-26T02:41Z,Sweden,0.0,0.0025
2026-06-26T02:41Z,Japan,0.006,0.0115
2026-06-26T02:41Z,Brazil,0.045,0.0535
2026-06-26T02:41Z,England,0.09,0.0985
2026-06-26T02:41Z,Mexico,0.0,0.0125
2026-06-26T02:41Z,Norway,0.013,0.0295
2026-06-26T02:41Z,Germany,0.023,0.0435
2026-06-26T02:41Z,Netherlands,0.032,0.0575
2026-06-26T02:41Z,United States,0.002,0.0325
2026-06-26T02:41Z,France,0.073,0.1845
2026-06-26T06:41Z,Argentina,0.283,0.1465
2026-06-26T06:41Z,Spain,0.223,0.1375
2026-06-26T06:41Z,Colombia,0.036,0.0145
2026-06-26T06:41Z,Morocco,0.028,0.0145
2026-06-26T06:41Z,Belgium,0.015,0.0105
2026-06-26T06:41Z,Croatia,0.007,0.0035
2026-06-26T06:41Z,Portugal,0.082,0.0815
2026-06-26T06:41Z,Australia,0.002,0.0015
2026-06-26T06:41Z,Algeria,0.001,0.0005
2026-06-26T06:41Z,South Korea,0.001,0.0005
2026-06-26T06:41Z,Curaçao,0.0,0.0
2026-06-26T06:41Z,Czech Republic,0.0,0.0
2026-06-26T06:41Z,Haiti,0.0,0.0
2026-06-26T06:41Z,Jordan,0.0,0.0
2026-06-26T06:41Z,Panama,0.0,0.0
2026-06-26T06:41Z,Qatar,0.0,0.0
2026-06-26T06:41Z,Tunisia,0.0,0.0
2026-06-26T06:41Z,Ecuador,0.005,0.0055
2026-06-26T06:41Z,DR Congo,0.0,0.0005
2026-06-26T06:41Z,Ghana,0.0,0.0005
2026-06-26T06:41Z,Iran,0.0,0.0005
2026-06-26T06:41Z,Iraq,0.0,0.0005
2026-06-26T06:41Z,New Zealand,0.0,0.0005
2026-06-26T06:41Z,Saudi Arabia,0.0,0.0005
2026-06-26T06:41Z,Scotland,0.0,0.0005
2026-06-26T06:41Z,South Africa,0.0,0.0005
2026-06-26T06:41Z,Uzbekistan,0.0,0.0005
2026-06-26T06:41Z,Austria,0.001,0.0025
2026-06-26T06:41Z,Senegal,0.001,0.0025
2026-06-26T06:41Z,Bosnia and Herzegovina,0.0,0.0015
2026-06-26T06:41Z,Cape Verde,0.0,0.0015
2026-06-26T06:41Z,Paraguay,0.0,0.0015
2026-06-26T06:41Z,Sweden,0.0,0.0015
2026-06-26T06:41Z,Uruguay,0.0,0.0015
2026-06-26T06:41Z,Canada,0.0,0.0025
2026-06-26T06:41Z,Egypt,0.0,0.0025
2026-06-26T06:41Z,Ivory Coast,0.0,0.0025
2026-06-26T06:41Z,England,0.096,0.0985
2026-06-26T06:41Z,Japan,0.007,0.0115
2026-06-26T06:41Z,Switzerland,0.004,0.0085
2026-06-26T06:41Z,Mexico,0.001,0.0125
2026-06-26T06:41Z,Norway,0.017,0.0305
2026-06-26T06:41Z,Brazil,0.04,0.0555
2026-06-26T06:41Z,Germany,0.025,0.0445
2026-06-26T06:41Z,Netherlands,0.033,0.0585
2026-06-26T06:41Z,United States,0.004,0.0315
2026-06-26T06:41Z,France,0.088,0.1885
2026-06-26T10:03Z,Argentina,0.283,0.1515
2026-06-26T10:03Z,Spain,0.223,0.1375
2026-06-26T10:03Z,Colombia,0.036,0.0155
2026-06-26T10:03Z,Morocco,0.028,0.0145
2026-06-26T10:03Z,Belgium,0.015,0.0105
2026-06-26T10:03Z,Croatia,0.007,0.0045
2026-06-26T10:03Z,Australia,0.002,0.0015
2026-06-26T10:03Z,Algeria,0.001,0.0005
2026-06-26T10:03Z,Curaçao,0.0,0.0
2026-06-26T10:03Z,Czech Republic,0.0,0.0
2026-06-26T10:03Z,Haiti,0.0,0.0
2026-06-26T10:03Z,Jordan,0.0,0.0
2026-06-26T10:03Z,Panama,0.0,0.0
2026-06-26T10:03Z,Qatar,0.0,0.0
2026-06-26T10:03Z,Tunisia,0.0,0.0
2026-06-26T10:03Z,Ecuador,0.005,0.0055
2026-06-26T10:03Z,South Korea,0.001,0.0015
2026-06-26T10:03Z,Cape Verde,0.0,0.0005
2026-06-26T10:03Z,DR Congo,0.0,0.0005
2026-06-26T10:03Z,Iran,0.0,0.0005
2026-06-26T10:03Z,Iraq,0.0,0.0005
2026-06-26T10:03Z,New Zealand,0.0,0.0005
2026-06-26T10:03Z,Saudi Arabia,0.0,0.0005
2026-06-26T10:03Z,Scotland,0.0,0.0005
2026-06-26T10:03Z,South Africa,0.0,0.0005
2026-06-26T10:03Z,Uzbekistan,0.0,0.0005
2026-06-26T10:03Z,Portugal,0.082,0.0825
2026-06-26T10:03Z,Austria,0.001,0.0025
2026-06-26T10:03Z,Senegal,0.001,0.0025
2026-06-26T10:03Z,Bosnia and Herzegovina,0.0,0.0015
2026-06-26T10:03Z,Ghana,0.0,0.0015
2026-06-26T10:03Z,Paraguay,0.0,0.0015
2026-06-26T10:03Z,Uruguay,0.0,0.0015
2026-06-26T10:03Z,Canada,0.0,0.0025
2026-06-26T10:03Z,Egypt,0.0,0.0025
2026-06-26T10:03Z,Ivory Coast,0.0,0.0025
2026-06-26T10:03Z,Sweden,0.0,0.0025
2026-06-26T10:03Z,Switzerland,0.004,0.0085
2026-06-26T10:03Z,England,0.096,0.1005
2026-06-26T10:03Z,Japan,0.007,0.0125
2026-06-26T10:03Z,Mexico,0.001,0.0125
2026-06-26T10:03Z,Brazil,0.04,0.0555
2026-06-26T10:03Z,Norway,0.017,0.0325
2026-06-26T10:03Z,Germany,0.025,0.0455
2026-06-26T10:03Z,Netherlands,0.033,0.0575
2026-06-26T10:03Z,United States,0.004,0.0305
2026-06-26T10:03Z,France,0.088,0.1885
2026-06-26T12:30Z,Argentina,0.283,0.1515
2026-06-26T12:30Z,Spain,0.223,0.1375
2026-06-26T12:30Z,Colombia,0.036,0.0155
2026-06-26T12:30Z,Morocco,0.028,0.0155
2026-06-26T12:30Z,Belgium,0.015,0.0115
2026-06-26T12:30Z,Croatia,0.007,0.0045
2026-06-26T12:30Z,Ecuador,0.005,0.0045
2026-06-26T12:30Z,Australia,0.002,0.0015
2026-06-26T12:30Z,Algeria,0.001,0.0005
2026-06-26T12:30Z,South Korea,0.001,0.0005
2026-06-26T12:30Z,Curaçao,0.0,0.0
2026-06-26T12:30Z,Czech Republic,0.0,0.0
2026-06-26T12:30Z,Haiti,0.0,0.0
2026-06-26T12:30Z,Jordan,0.0,0.0
2026-06-26T12:30Z,Panama,0.0,0.0
2026-06-26T12:30Z,Qatar,0.0,0.0
2026-06-26T12:30Z,Tunisia,0.0,0.0
2026-06-26T12:30Z,Cape Verde,0.0,0.0005
2026-06-26T12:30Z,DR Congo,0.0,0.0005
2026-06-26T12:30Z,Iran,0.0,0.0005
2026-06-26T12:30Z,Iraq,0.0,0.0005
2026-06-26T12:30Z,New Zealand,0.0,0.0005
2026-06-26T12:30Z,Saudi Arabia,0.0,0.0005
2026-06-26T12:30Z,Scotland,0.0,0.0005
2026-06-26T12:30Z,South Africa,0.0,0.0005
2026-06-26T12:30Z,Uzbekistan,0.0,0.0005
2026-06-26T12:30Z,Austria,0.001,0.0025
2026-06-26T12:30Z,Senegal,0.001,0.0025
2026-06-26T12:30Z,Bosnia and Herzegovina,0.0,0.0015
2026-06-26T12:30Z,Ghana,0.0,0.0015
2026-06-26T12:30Z,Paraguay,0.0,0.0015
2026-06-26T12:30Z,Uruguay,0.0,0.0015
2026-06-26T12:30Z,Portugal,0.082,0.0835
2026-06-26T12:30Z,Canada,0.0,0.0025
2026-06-26T12:30Z,Egypt,0.0,0.0025
2026-06-26T12:30Z,Sweden,0.0,0.0025
2026-06-26T12:30Z,Ivory Coast,0.0,0.0035
2026-06-26T12:30Z,Switzerland,0.004,0.0085
2026-06-26T12:30Z,England,0.096,0.1015
2026-06-26T12:30Z,Japan,0.007,0.0135
2026-06-26T12:30Z,Mexico,0.001,0.0125
2026-06-26T12:30Z,Norway,0.017,0.0315
2026-06-26T12:30Z,Brazil,0.04,0.0555
2026-06-26T12:30Z,Germany,0.025,0.0455
2026-06-26T12:30Z,Netherlands,0.033,0.0575
2026-06-26T12:30Z,United States,0.004,0.0305
2026-06-26T12:30Z,France,0.088,0.1895
2026-06-26T15:17Z,Argentina,0.283,0.1515
2026-06-26T15:17Z,Spain,0.223,0.1375
2026-06-26T15:17Z,Colombia,0.036,0.0165
2026-06-26T15:17Z,Morocco,0.028,0.0155
2026-06-26T15:17Z,Croatia,0.007,0.0045
2026-06-26T15:17Z,Belgium,0.015,0.0125
2026-06-26T15:17Z,Australia,0.002,0.0015
2026-06-26T15:17Z,Algeria,0.001,0.0005
2026-06-26T15:17Z,South Korea,0.001,0.0005
2026-06-26T15:17Z,Curaçao,0.0,0.0
2026-06-26T15:17Z,Czech Republic,0.0,0.0
2026-06-26T15:17Z,Haiti,0.0,0.0
2026-06-26T15:17Z,Jordan,0.0,0.0
2026-06-26T15:17Z,Panama,0.0,0.0
2026-06-26T15:17Z,Qatar,0.0,0.0
2026-06-26T15:17Z,Tunisia,0.0,0.0
2026-06-26T15:17Z,Ecuador,0.005,0.0055
2026-06-26T15:17Z,Cape Verde,0.0,0.0005
2026-06-26T15:17Z,DR Congo,0.0,0.0005
2026-06-26T15:17Z,Iran,0.0,0.0005
2026-06-26T15:17Z,Iraq,0.0,0.0005
2026-06-26T15:17Z,New Zealand,0.0,0.0005
2026-06-26T15:17Z,Saudi Arabia,0.0,0.0005
2026-06-26T15:17Z,Scotland,0.0,0.0005
2026-06-26T15:17Z,South Africa,0.0,0.0005
2026-06-26T15:17Z,Uzbekistan,0.0,0.0005
2026-06-26T15:17Z,Austria,0.001,0.0025
2026-06-26T15:17Z,Senegal,0.001,0.0025
2026-06-26T15:17Z,Bosnia and Herzegovina,0.0,0.0015
2026-06-26T15:17Z,Ghana,0.0,0.0015
2026-06-26T15:17Z,Paraguay,0.0,0.0015
2026-06-26T15:17Z,Uruguay,0.0,0.0015
2026-06-26T15:17Z,Portugal,0.082,0.0835
2026-06-26T15:17Z,Canada,0.0,0.0025
2026-06-26T15:17Z,Egypt,0.0,0.0025
2026-06-26T15:17Z,Sweden,0.0,0.0025
2026-06-26T15:17Z,Ivory Coast,0.0,0.0035
2026-06-26T15:17Z,Switzerland,0.004,0.0085
2026-06-26T15:17Z,England,0.096,0.1015
2026-06-26T15:17Z,Japan,0.007,0.0135
2026-06-26T15:17Z,Mexico,0.001,0.0125
2026-06-26T15:17Z,Norway,0.017,0.0315
2026-06-26T15:17Z,Brazil,0.04,0.0555
2026-06-26T15:17Z,Germany,0.025,0.0465
2026-06-26T15:17Z,Netherlands,0.033,0.0575
2026-06-26T15:17Z,United States,0.004,0.0295
2026-06-26T15:17Z,France,0.088,0.1895
2026-06-26T17:12Z,Argentina,0.283,0.1525
2026-06-26T17:12Z,Spain,0.223,0.1375
2026-06-26T17:12Z,Colombia,0.036,0.0165
2026-06-26T17:12Z,Morocco,0.028,0.0155
2026-06-26T17:12Z,Croatia,0.007,0.0045
2026-06-26T17:12Z,Belgium,0.015,0.0125
2026-06-26T17:12Z,Australia,0.002,0.0015
2026-06-26T17:12Z,Algeria,0.001,0.0005
2026-06-26T17:12Z,South Korea,0.001,0.0005
2026-06-26T17:12Z,Curaçao,0.0,0.0
2026-06-26T17:12Z,Czech Republic,0.0,0.0
2026-06-26T17:12Z,Haiti,0.0,0.0
2026-06-26T17:12Z,Jordan,0.0,0.0
2026-06-26T17:12Z,Panama,0.0,0.0
2026-06-26T17:12Z,Qatar,0.0,0.0
2026-06-26T17:12Z,Tunisia,0.0,0.0
2026-06-26T17:12Z,DR Congo,0.0,0.0005
2026-06-26T17:12Z,Iran,0.0,0.0005
2026-06-26T17:12Z,Iraq,0.0,0.0005
2026-06-26T17:12Z,New Zealand,0.0,0.0005
2026-06-26T17:12Z,Paraguay,0.0,0.0005
2026-06-26T17:12Z,Saudi Arabia,0.0,0.0005
2026-06-26T17:12Z,Scotland,0.0,0.0005
2026-06-26T17:12Z,South Africa,0.0,0.0005
2026-06-26T17:12Z,Uzbekistan,0.0,0.0005
2026-06-26T17:12Z,Ecuador,0.005,0.0065
2026-06-26T17:12Z,Austria,0.001,0.0025
2026-06-26T17:12Z,Senegal,0.001,0.0025
2026-06-26T17:12Z,Bosnia and Herzegovina,0.0,0.0015
2026-06-26T17:12Z,Cape Verde,0.0,0.0015
2026-06-26T17:12Z,Ghana,0.0,0.0015
2026-06-26T17:12Z,Uruguay,0.0,0.0015
2026-06-26T17:12Z,Portugal,0.082,0.0835
2026-06-26T17:12Z,Canada,0.0,0.0025
2026-06-26T17:12Z,Egypt,0.0,0.0025
2026-06-26T17:12Z,Sweden,0.0,0.0025
2026-06-26T17:12Z,Ivory Coast,0.0,0.0035
2026-06-26T17:12Z,Switzerland,0.004,0.0095
2026-06-26T17:12Z,England,0.096,0.1015
2026-06-26T17:12Z,Japan,0.007,0.0165
2026-06-26T17:12Z,Mexico,0.001,0.0125
2026-06-26T17:12Z,Norway,0.017,0.0315
2026-06-26T17:12Z,Brazil,0.04,0.0555
2026-06-26T17:12Z,Germany,0.025,0.0465
2026-06-26T17:12Z,Netherlands,0.033,0.0575
2026-06-26T17:12Z,United States,0.004,0.0295
2026-06-26T17:12Z,France,0.088,0.1895
2026-06-26T19:08Z,Argentina,0.283,0.1485
2026-06-26T19:08Z,Spain,0.223,0.1375
2026-06-26T19:08Z,Colombia,0.036,0.0155
2026-06-26T19:08Z,Morocco,0.028,0.0155
2026-06-26T19:08Z,Croatia,0.007,0.0045
2026-06-26T19:08Z,Belgium,0.015,0.0125
2026-06-26T19:08Z,Australia,0.002,0.0015
2026-06-26T19:08Z,Algeria,0.001,0.0005
2026-06-26T19:08Z,South Korea,0.001,0.0005
2026-06-26T19:08Z,Curaçao,0.0,0.0
2026-06-26T19:08Z,Czech Republic,0.0,0.0
2026-06-26T19:08Z,Haiti,0.0,0.0
2026-06-26T19:08Z,Jordan,0.0,0.0
2026-06-26T19:08Z,Panama,0.0,0.0
2026-06-26T19:08Z,Qatar,0.0,0.0
2026-06-26T19:08Z,Tunisia,0.0,0.0
2026-06-26T19:08Z,DR Congo,0.0,0.0005
2026-06-26T19:08Z,Iran,0.0,0.0005
2026-06-26T19:08Z,Iraq,0.0,0.0005
2026-06-26T19:08Z,New Zealand,0.0,0.0005
2026-06-26T19:08Z,Paraguay,0.0,0.0005
2026-06-26T19:08Z,Saudi Arabia,0.0,0.0005
2026-06-26T19:08Z,Scotland,0.0,0.0005
2026-06-26T19:08Z,South Africa,0.0,0.0005
2026-06-26T19:08Z,Uzbekistan,0.0,0.0005
2026-06-26T19:08Z,Ecuador,0.005,0.0065
2026-06-26T19:08Z,Austria,0.001,0.0025
2026-06-26T19:08Z,Senegal,0.001,0.0025
2026-06-26T19:08Z,Bosnia and Herzegovina,0.0,0.0015
2026-06-26T19:08Z,Cape Verde,0.0,0.0015
2026-06-26T19:08Z,Ghana,0.0,0.0015
2026-06-26T19:08Z,Canada,0.0,0.0025
2026-06-26T19:08Z,Egypt,0.0,0.0025
2026-06-26T19:08Z,Sweden,0.0,0.0025
2026-06-26T19:08Z,Uruguay,0.0,0.0025
2026-06-26T19:08Z,Portugal,0.082,0.0845
2026-06-26T19:08Z,Ivory Coast,0.0,0.0035
2026-06-26T19:08Z,Switzerland,0.004,0.0095
2026-06-26T19:08Z,England,0.096,0.1015
2026-06-26T19:08Z,Norway,0.017,0.0235
2026-06-26T19:08Z,Japan,0.007,0.0165
2026-06-26T19:08Z,Mexico,0.001,0.0125
2026-06-26T19:08Z,Brazil,0.04,0.0555
2026-06-26T19:08Z,Germany,0.025,0.0465
2026-06-26T19:08Z,Netherlands,0.033,0.0575
2026-06-26T19:08Z,United States,0.004,0.0295
2026-06-26T19:08Z,France,0.088,0.1895
2026-06-26T20:59Z,Argentina,0.283,0.1485
2026-06-26T20:59Z,Spain,0.223,0.1365
2026-06-26T20:59Z,Colombia,0.036,0.0155
2026-06-26T20:59Z,Morocco,0.028,0.0155
2026-06-26T20:59Z,Croatia,0.007,0.0045
2026-06-26T20:59Z,Belgium,0.015,0.0125
2026-06-26T20:59Z,Australia,0.002,0.0015
2026-06-26T20:59Z,Algeria,0.001,0.0005
2026-06-26T20:59Z,South Korea,0.001,0.0005
2026-06-26T20:59Z,Curaçao,0.0,0.0
2026-06-26T20:59Z,Czech Republic,0.0,0.0
2026-06-26T20:59Z,Haiti,0.0,0.0
2026-06-26T20:59Z,Jordan,0.0,0.0
2026-06-26T20:59Z,Panama,0.0,0.0
2026-06-26T20:59Z,Qatar,0.0,0.0
2026-06-26T20:59Z,Tunisia,0.0,0.0
2026-06-26T20:59Z,DR Congo,0.0,0.0005
2026-06-26T20:59Z,Iran,0.0,0.0005
2026-06-26T20:59Z,Iraq,0.0,0.0005
2026-06-26T20:59Z,New Zealand,0.0,0.0005
2026-06-26T20:59Z,Paraguay,0.0,0.0005
2026-06-26T20:59Z,Saudi Arabia,0.0,0.0005
2026-06-26T20:59Z,Scotland,0.0,0.0005
2026-06-26T20:59Z,South Africa,0.0,0.0005
2026-06-26T20:59Z,Uzbekistan,0.0,0.0005
2026-06-26T20:59Z,Ecuador,0.005,0.0065
2026-06-26T20:59Z,Austria,0.001,0.0025
2026-06-26T20:59Z,Bosnia and Herzegovina,0.0,0.0015
2026-06-26T20:59Z,Cape Verde,0.0,0.0015
2026-06-26T20:59Z,Ghana,0.0,0.0015
2026-06-26T20:59Z,Sweden,0.0,0.0015
2026-06-26T20:59Z,Canada,0.0,0.0025
2026-06-26T20:59Z,Egypt,0.0,0.0025
2026-06-26T20:59Z,Uruguay,0.0,0.0025
2026-06-26T20:59Z,Portugal,0.082,0.0845
2026-06-26T20:59Z,Ivory Coast,0.0,0.0035
2026-06-26T20:59Z,Switzerland,0.004,0.0095
2026-06-26T20:59Z,Senegal,0.001,0.0065
2026-06-26T20:59Z,England,0.096,0.1025
2026-06-26T20:59Z,Norway,0.017,0.0255
2026-06-26T20:59Z,Japan,0.007,0.0165
2026-06-26T20:59Z,Mexico,0.001,0.0125
2026-06-26T20:59Z,Brazil,0.04,0.0565
2026-06-26T20:59Z,Germany,0.025,0.0455
2026-06-26T20:59Z,Netherlands,0.033,0.0575
2026-06-26T20:59Z,United States,0.004,0.0285
2026-06-26T20:59Z,France,0.088,0.1995
2026-06-26T22:10Z,Argentina,0.279,0.1475
2026-06-26T22:10Z,Spain,0.216,0.1365
2026-06-26T22:10Z,Morocco,0.026,0.0155
2026-06-26T22:10Z,Belgium,0.022,0.0125
2026-06-26T22:10Z,Colombia,0.023,0.0145
2026-06-26T22:10Z,Brazil,0.06,0.0565
2026-06-26T22:10Z,Croatia,0.007,0.0045
2026-06-26T22:10Z,Algeria,0.002,0.0005
2026-06-26T22:10Z,England,0.103,0.1025
2026-06-26T22:10Z,Portugal,0.077,0.0765
2026-06-26T22:10Z,Curaçao,0.0,0.0
2026-06-26T22:10Z,Czech Republic,0.0,0.0
2026-06-26T22:10Z,Haiti,0.0,0.0
2026-06-26T22:10Z,Jordan,0.0,0.0
2026-06-26T22:10Z,Panama,0.0,0.0
2026-06-26T22:10Z,Qatar,0.0,0.0
2026-06-26T22:10Z,Tunisia,0.0,0.0
2026-06-26T22:10Z,Canada,0.002,0.0025
2026-06-26T22:10Z,Uruguay,0.001,0.0015
2026-06-26T22:10Z,DR Congo,0.0,0.0005
2026-06-26T22:10Z,Iran,0.0,0.0005
2026-06-26T22:10Z,Iraq,0.0,0.0005
2026-06-26T22:10Z,New Zealand,0.0,0.0005
2026-06-26T22:10Z,Paraguay,0.0,0.0005
2026-06-26T22:10Z,Saudi Arabia,0.0,0.0005
2026-06-26T22:10Z,Scotland,0.0,0.0005
2026-06-26T22:10Z,South Africa,0.0,0.0005
2026-06-26T22:10Z,South Korea,0.0,0.0005
2026-06-26T22:10Z,Uzbekistan,0.0,0.0005
2026-06-26T22:10Z,Ecuador,0.005,0.0065
2026-06-26T22:10Z,Austria,0.001,0.0025
2026-06-26T22:10Z,Australia,0.0,0.0015
2026-06-26T22:10Z,Bosnia and Herzegovina,0.0,0.0015
2026-06-26T22:10Z,Cape Verde,0.0,0.0015
2026-06-26T22:10Z,Ghana,0.0,0.0015
2026-06-26T22:10Z,Sweden,0.0,0.0015
2026-06-26T22:10Z,Ivory Coast,0.001,0.0035
2026-06-26T22:10Z,Egypt,0.0,0.0025
2026-06-26T22:10Z,Senegal,0.002,0.0055
2026-06-26T22:10Z,Switzerland,0.004,0.0095
2026-06-26T22:10Z,Japan,0.007,0.0165
2026-06-26T22:10Z,Mexico,0.0,0.0125
2026-06-26T22:10Z,Norway,0.007,0.0265
2026-06-26T22:10Z,Germany,0.024,0.0455
2026-06-26T22:10Z,United States,0.002,0.0275
2026-06-26T22:10Z,Netherlands,0.023,0.0575
2026-06-26T22:10Z,France,0.106,0.2095
2026-06-26T23:38Z,Argentina,0.279,0.1485
2026-06-26T23:38Z,Spain,0.216,0.1365
2026-06-26T23:38Z,Morocco,0.026,0.0155
2026-06-26T23:38Z,Belgium,0.022,0.0125
2026-06-26T23:38Z,Colombia,0.023,0.0145
2026-06-26T23:38Z,Brazil,0.06,0.0565
2026-06-26T23:38Z,Croatia,0.007,0.0045
2026-06-26T23:38Z,Algeria,0.002,0.0005
2026-06-26T23:38Z,England,0.103,0.1025
2026-06-26T23:38Z,Portugal,0.077,0.0765
2026-06-26T23:38Z,Curaçao,0.0,0.0
2026-06-26T23:38Z,Czech Republic,0.0,0.0
2026-06-26T23:38Z,Haiti,0.0,0.0
2026-06-26T23:38Z,Jordan,0.0,0.0
2026-06-26T23:38Z,Panama,0.0,0.0
2026-06-26T23:38Z,Qatar,0.0,0.0
2026-06-26T23:38Z,Tunisia,0.0,0.0
2026-06-26T23:38Z,Canada,0.002,0.0025
2026-06-26T23:38Z,Uruguay,0.001,0.0015
2026-06-26T23:38Z,DR Congo,0.0,0.0005
2026-06-26T23:38Z,Iran,0.0,0.0005
2026-06-26T23:38Z,Iraq,0.0,0.0005
2026-06-26T23:38Z,New Zealand,0.0,0.0005
2026-06-26T23:38Z,Paraguay,0.0,0.0005
2026-06-26T23:38Z,Saudi Arabia,0.0,0.0005
2026-06-26T23:38Z,Scotland,0.0,0.0005
2026-06-26T23:38Z,South Africa,0.0,0.0005
2026-06-26T23:38Z,South Korea,0.0,0.0005
2026-06-26T23:38Z,Uzbekistan,0.0,0.0005
2026-06-26T23:38Z,Ecuador,0.005,0.0065
2026-06-26T23:38Z,Austria,0.001,0.0025
2026-06-26T23:38Z,Australia,0.0,0.0015
2026-06-26T23:38Z,Bosnia and Herzegovina,0.0,0.0015
2026-06-26T23:38Z,Cape Verde,0.0,0.0015
2026-06-26T23:38Z,Egypt,0.0,0.0015
2026-06-26T23:38Z,Ghana,0.0,0.0015
2026-06-26T23:38Z,Sweden,0.0,0.0015
2026-06-26T23:38Z,Ivory Coast,0.001,0.0035
2026-06-26T23:38Z,Senegal,0.002,0.0055
2026-06-26T23:38Z,Switzerland,0.004,0.0095
2026-06-26T23:38Z,Japan,0.007,0.0165
2026-06-26T23:38Z,Mexico,0.0,0.0125
2026-06-26T23:38Z,Norway,0.007,0.0255
2026-06-26T23:38Z,Germany,0.024,0.0455
2026-06-26T23:38Z,United States,0.002,0.0275
2026-06-26T23:38Z,Netherlands,0.023,0.0575
2026-06-26T23:38Z,France,0.106,0.2165
2026-06-27T01:33Z,Argentina,0.279,0.1475
2026-06-27T01:33Z,Spain,0.216,0.1355
2026-06-27T01:33Z,Morocco,0.026,0.0145
2026-06-27T01:33Z,Belgium,0.022,0.0125
2026-06-27T01:33Z,Colombia,0.023,0.0145
2026-06-27T01:33Z,Brazil,0.06,0.0565
2026-06-27T01:33Z,Croatia,0.007,0.0045
2026-06-27T01:33Z,Algeria,0.002,0.0005
2026-06-27T01:33Z,England,0.103,0.1025
2026-06-27T01:33Z,Portugal,0.077,0.0765
2026-06-27T01:33Z,Curaçao,0.0,0.0
2026-06-27T01:33Z,Czech Republic,0.0,0.0
2026-06-27T01:33Z,Haiti,0.0,0.0
2026-06-27T01:33Z,Iraq,0.0,0.0
2026-06-27T01:33Z,Jordan,0.0,0.0
2026-06-27T01:33Z,Panama,0.0,0.0
2026-06-27T01:33Z,Qatar,0.0,0.0
2026-06-27T01:33Z,Tunisia,0.0,0.0
2026-06-27T01:33Z,Canada,0.002,0.0025
2026-06-27T01:33Z,Uruguay,0.001,0.0015
2026-06-27T01:33Z,Cape Verde,0.0,0.0005
2026-06-27T01:33Z,DR Congo,0.0,0.0005
2026-06-27T01:33Z,Iran,0.0,0.0005
2026-06-27T01:33Z,New Zealand,0.0,0.0005
2026-06-27T01:33Z,Paraguay,0.0,0.0005
2026-06-27T01:33Z,Saudi Arabia,0.0,0.0005
2026-06-27T01:33Z,Scotland,0.0,0.0005
2026-06-27T01:33Z,South Africa,0.0,0.0005
2026-06-27T01:33Z,South Korea,0.0,0.0005
2026-06-27T01:33Z,Uzbekistan,0.0,0.0005
2026-06-27T01:33Z,Ecuador,0.005,0.0065
2026-06-27T01:33Z,Austria,0.001,0.0025
2026-06-27T01:33Z,Australia,0.0,0.0015
2026-06-27T01:33Z,Bosnia and Herzegovina,0.0,0.0015
2026-06-27T01:33Z,Egypt,0.0,0.0015
2026-06-27T01:33Z,Ghana,0.0,0.0015
2026-06-27T01:33Z,Sweden,0.0,0.0015
2026-06-27T01:33Z,Senegal,0.002,0.0045
2026-06-27T01:33Z,Ivory Coast,0.001,0.0035
2026-06-27T01:33Z,Switzerland,0.004,0.0095
2026-06-27T01:33Z,Japan,0.007,0.0165
2026-06-27T01:33Z,Mexico,0.0,0.0125
2026-06-27T01:33Z,Norway,0.007,0.0255
2026-06-27T01:33Z,Germany,0.024,0.0455
2026-06-27T01:33Z,United States,0.002,0.0275
2026-06-27T01:33Z,Netherlands,0.023,0.0565
2026-06-27T01:33Z,France,0.106,0.2155
2026-06-27T05:37Z,Argentina,0.292,0.1675
2026-06-27T05:37Z,Spain,0.239,0.1265
2026-06-27T05:37Z,Morocco,0.034,0.0145
2026-06-27T05:37Z,Belgium,0.029,0.0135
2026-06-27T05:37Z,Colombia,0.021,0.0145
2026-06-27T05:37Z,Australia,0.003,0.0015
2026-06-27T05:37Z,Curaçao,0.0,0.0
2026-06-27T05:37Z,Czech Republic,0.0,0.0
2026-06-27T05:37Z,Haiti,0.0,0.0
2026-06-27T05:37Z,Iraq,0.0,0.0
2026-06-27T05:37Z,Jordan,0.0,0.0
2026-06-27T05:37Z,Panama,0.0,0.0
2026-06-27T05:37Z,Qatar,0.0,0.0
2026-06-27T05:37Z,Tunisia,0.0,0.0
2026-06-27T05:37Z,Uruguay,0.0,0.0
2026-06-27T05:37Z,Croatia,0.004,0.0045
2026-06-27T05:37Z,Austria,0.002,0.0025
2026-06-27T05:37Z,Canada,0.002,0.0025
2026-06-27T05:37Z,Algeria,0.0,0.0005
2026-06-27T05:37Z,DR Congo,0.0,0.0005
2026-06-27T05:37Z,Iran,0.0,0.0005
2026-06-27T05:37Z,New Zealand,0.0,0.0005
2026-06-27T05:37Z,Paraguay,0.0,0.0005
2026-06-27T05:37Z,Saudi Arabia,0.0,0.0005
2026-06-27T05:37Z,Scotland,0.0,0.0005
2026-06-27T05:37Z,South Africa,0.0,0.0005
2026-06-27T05:37Z,South Korea,0.0,0.0005
2026-06-27T05:37Z,Uzbekistan,0.0,0.0005
2026-06-27T05:37Z,Bosnia and Herzegovina,0.0,0.0015
2026-06-27T05:37Z,Cape Verde,0.0,0.0015
2026-06-27T05:37Z,Egypt,0.0,0.0015
2026-06-27T05:37Z,Ghana,0.0,0.0015
2026-06-27T05:37Z,Senegal,0.002,0.0045
2026-06-27T05:37Z,Sweden,0.0,0.0025
2026-06-27T05:37Z,Switzerland,0.006,0.0095
2026-06-27T05:37Z,Ivory Coast,0.0,0.0035
2026-06-27T05:37Z,Ecuador,0.002,0.0065
2026-06-27T05:37Z,Japan,0.008,0.0155
2026-06-27T05:37Z,Portugal,0.069,0.0775
2026-06-27T05:37Z,Mexico,0.0,0.0125
2026-06-27T05:37Z,England,0.087,0.1025
2026-06-27T05:37Z,Brazil,0.04,0.0565
2026-06-27T05:37Z,Norway,0.005,0.0255
2026-06-27T05:37Z,Germany,0.022,0.0455
2026-06-27T05:37Z,United States,0.001,0.0265
2026-06-27T05:37Z,Netherlands,0.021,0.0515
2026-06-27T05:37Z,France,0.111,0.2105
2026-06-27T08:15Z,Argentina,0.292,0.1765
2026-06-27T08:15Z,Spain,0.239,0.1245
2026-06-27T08:15Z,Morocco,0.034,0.0145
2026-06-27T08:15Z,Belgium,0.029,0.0135
2026-06-27T08:15Z,Colombia,0.021,0.0145
2026-06-27T08:15Z,Australia,0.003,0.0015
2026-06-27T08:15Z,Austria,0.002,0.0015
2026-06-27T08:15Z,Curaçao,0.0,0.0
2026-06-27T08:15Z,Czech Republic,0.0,0.0
2026-06-27T08:15Z,Haiti,0.0,0.0
2026-06-27T08:15Z,Iraq,0.0,0.0
2026-06-27T08:15Z,Jordan,0.0,0.0
2026-06-27T08:15Z,Panama,0.0,0.0
2026-06-27T08:15Z,Qatar,0.0,0.0
2026-06-27T08:15Z,Saudi Arabia,0.0,0.0
2026-06-27T08:15Z,Tunisia,0.0,0.0
2026-06-27T08:15Z,Uruguay,0.0,0.0
2026-06-27T08:15Z,Croatia,0.004,0.0045
2026-06-27T08:15Z,Canada,0.002,0.0025
2026-06-27T08:15Z,Algeria,0.0,0.0005
2026-06-27T08:15Z,DR Congo,0.0,0.0005
2026-06-27T08:15Z,Iran,0.0,0.0005
2026-06-27T08:15Z,New Zealand,0.0,0.0005
2026-06-27T08:15Z,Paraguay,0.0,0.0005
2026-06-27T08:15Z,Scotland,0.0,0.0005
2026-06-27T08:15Z,South Africa,0.0,0.0005
2026-06-27T08:15Z,South Korea,0.0,0.0005
2026-06-27T08:15Z,Uzbekistan,0.0,0.0005
2026-06-27T08:15Z,Bosnia and Herzegovina,0.0,0.0015
2026-06-27T08:15Z,Cape Verde,0.0,0.0015
2026-06-27T08:15Z,Egypt,0.0,0.0015
2026-06-27T08:15Z,Ghana,0.0,0.0015
2026-06-27T08:15Z,Senegal,0.002,0.0045
2026-06-27T08:15Z,Sweden,0.0,0.0025
2026-06-27T08:15Z,Switzerland,0.006,0.0095
2026-06-27T08:15Z,Ivory Coast,0.0,0.0035
2026-06-27T08:15Z,Ecuador,0.002,0.0065
2026-06-27T08:15Z,Japan,0.008,0.0155
2026-06-27T08:15Z,Portugal,0.069,0.0785
2026-06-27T08:15Z,Mexico,0.0,0.0125
2026-06-27T08:15Z,England,0.087,0.1025
2026-06-27T08:15Z,Brazil,0.04,0.0565
2026-06-27T08:15Z,Norway,0.005,0.0255
2026-06-27T08:15Z,Germany,0.022,0.0455
2026-06-27T08:15Z,Netherlands,0.021,0.0455
2026-06-27T08:15Z,United States,0.001,0.0255
2026-06-27T08:15Z,France,0.111,0.2155
2026-06-27T10:27Z,Spain,0.239,0.1235
2026-06-27T10:27Z,Argentina,0.292,0.1825
2026-06-27T10:27Z,Morocco,0.034,0.0145
2026-06-27T10:27Z,Belgium,0.029,0.0135
2026-06-27T10:27Z,Colombia,0.021,0.0135
2026-06-27T10:27Z,Australia,0.003,0.0015
2026-06-27T10:27Z,Austria,0.002,0.0015
2026-06-27T10:27Z,Curaçao,0.0,0.0
2026-06-27T10:27Z,Czech Republic,0.0,0.0
2026-06-27T10:27Z,Haiti,0.0,0.0
2026-06-27T10:27Z,Iraq,0.0,0.0
2026-06-27T10:27Z,Jordan,0.0,0.0
2026-06-27T10:27Z,New Zealand,0.0,0.0
2026-06-27T10:27Z,Panama,0.0,0.0
2026-06-27T10:27Z,Qatar,0.0,0.0
2026-06-27T10:27Z,Saudi Arabia,0.0,0.0
2026-06-27T10:27Z,Tunisia,0.0,0.0
2026-06-27T10:27Z,Uruguay,0.0,0.0
2026-06-27T10:27Z,Croatia,0.004,0.0045
2026-06-27T10:27Z,Canada,0.002,0.0025
2026-06-27T10:27Z,Algeria,0.0,0.0005
2026-06-27T10:27Z,DR Congo,0.0,0.0005
2026-06-27T10:27Z,Iran,0.0,0.0005
2026-06-27T10:27Z,Paraguay,0.0,0.0005
2026-06-27T10:27Z,Scotland,0.0,0.0005
2026-06-27T10:27Z,South Africa,0.0,0.0005
2026-06-27T10:27Z,South Korea,0.0,0.0005
2026-06-27T10:27Z,Uzbekistan,0.0,0.0005
2026-06-27T10:27Z,Bosnia and Herzegovina,0.0,0.0015
2026-06-27T10:27Z,Cape Verde,0.0,0.0015
2026-06-27T10:27Z,Egypt,0.0,0.0015
2026-06-27T10:27Z,Ghana,0.0,0.0015
2026-06-27T10:27Z,Senegal,0.002,0.0045
2026-06-27T10:27Z,Sweden,0.0,0.0025
2026-06-27T10:27Z,Switzerland,0.006,0.0095
2026-06-27T10:27Z,Ivory Coast,0.0,0.0035
2026-06-27T10:27Z,Ecuador,0.002,0.0065
2026-06-27T10:27Z,Japan,0.008,0.0155
2026-06-27T10:27Z,Portugal,0.069,0.0795
2026-06-27T10:27Z,Mexico,0.0,0.0125
2026-06-27T10:27Z,England,0.087,0.1025
2026-06-27T10:27Z,Brazil,0.04,0.0565
2026-06-27T10:27Z,Norway,0.005,0.0255
2026-06-27T10:27Z,Germany,0.022,0.0435
2026-06-27T10:27Z,Netherlands,0.021,0.0445
2026-06-27T10:27Z,United States,0.001,0.0245
2026-06-27T10:27Z,France,0.111,0.2165
2026-06-27T12:01Z,Spain,0.239,0.1225
2026-06-27T12:01Z,Argentina,0.292,0.1845
2026-06-27T12:01Z,Morocco,0.034,0.0145
2026-06-27T12:01Z,Belgium,0.029,0.0135
2026-06-27T12:01Z,Colombia,0.021,0.0135
2026-06-27T12:01Z,Australia,0.003,0.0015
2026-06-27T12:01Z,Austria,0.002,0.0015
2026-06-27T12:01Z,Curaçao,0.0,0.0
2026-06-27T12:01Z,Czech Republic,0.0,0.0
2026-06-27T12:01Z,Haiti,0.0,0.0
2026-06-27T12:01Z,Iraq,0.0,0.0
2026-06-27T12:01Z,Jordan,0.0,0.0
2026-06-27T12:01Z,New Zealand,0.0,0.0
2026-06-27T12:01Z,Panama,0.0,0.0
2026-06-27T12:01Z,Qatar,0.0,0.0
2026-06-27T12:01Z,Saudi Arabia,0.0,0.0
2026-06-27T12:01Z,Tunisia,0.0,0.0
2026-06-27T12:01Z,Uruguay,0.0,0.0
2026-06-27T12:01Z,Croatia,0.004,0.0045
2026-06-27T12:01Z,Canada,0.002,0.0025
2026-06-27T12:01Z,Algeria,0.0,0.0005
2026-06-27T12:01Z,Cape Verde,0.0,0.0005
2026-06-27T12:01Z,DR Congo,0.0,0.0005
2026-06-27T12:01Z,Iran,0.0,0.0005
2026-06-27T12:01Z,Paraguay,0.0,0.0005
2026-06-27T12:01Z,Scotland,0.0,0.0005
2026-06-27T12:01Z,South Africa,0.0,0.0005
2026-06-27T12:01Z,South Korea,0.0,0.0005
2026-06-27T12:01Z,Uzbekistan,0.0,0.0005
2026-06-27T12:01Z,Bosnia and Herzegovina,0.0,0.0015
2026-06-27T12:01Z,Egypt,0.0,0.0015
2026-06-27T12:01Z,Ghana,0.0,0.0015
2026-06-27T12:01Z,Sweden,0.0,0.0015
2026-06-27T12:01Z,Senegal,0.002,0.0045
2026-06-27T12:01Z,Ivory Coast,0.0,0.0025
2026-06-27T12:01Z,Switzerland,0.006,0.0095
2026-06-27T12:01Z,Ecuador,0.002,0.0055
2026-06-27T12:01Z,Japan,0.008,0.0145
2026-06-27T12:01Z,Portugal,0.069,0.0805
2026-06-27T12:01Z,Mexico,0.0,0.0125
2026-06-27T12:01Z,England,0.087,0.1025
2026-06-27T12:01Z,Brazil,0.04,0.0565
2026-06-27T12:01Z,Norway,0.005,0.0245
2026-06-27T12:01Z,Germany,0.022,0.0435
2026-06-27T12:01Z,United States,0.001,0.0235
2026-06-27T12:01Z,Netherlands,0.021,0.0455
2026-06-27T12:01Z,France,0.111,0.2165
2026-06-27T13:49Z,Spain,0.239,0.1195
2026-06-27T13:49Z,Argentina,0.292,0.1865
2026-06-27T13:49Z,Morocco,0.034,0.0145
2026-06-27T13:49Z,Belgium,0.029,0.0135
2026-06-27T13:49Z,Colombia,0.021,0.0125
2026-06-27T13:49Z,Australia,0.003,0.0015
2026-06-27T13:49Z,Austria,0.002,0.0015
2026-06-27T13:49Z,Curaçao,0.0,0.0
2026-06-27T13:49Z,Czech Republic,0.0,0.0
2026-06-27T13:49Z,Haiti,0.0,0.0
2026-06-27T13:49Z,Iraq,0.0,0.0
2026-06-27T13:49Z,Jordan,0.0,0.0
2026-06-27T13:49Z,New Zealand,0.0,0.0
2026-06-27T13:49Z,Panama,0.0,0.0
2026-06-27T13:49Z,Qatar,0.0,0.0
2026-06-27T13:49Z,Saudi Arabia,0.0,0.0
2026-06-27T13:49Z,Tunisia,0.0,0.0
2026-06-27T13:49Z,Uruguay,0.0,0.0
2026-06-27T13:49Z,Croatia,0.004,0.0045
2026-06-27T13:49Z,Canada,0.002,0.0025
2026-06-27T13:49Z,Algeria,0.0,0.0005
2026-06-27T13:49Z,Cape Verde,0.0,0.0005
2026-06-27T13:49Z,DR Congo,0.0,0.0005
2026-06-27T13:49Z,Iran,0.0,0.0005
2026-06-27T13:49Z,Paraguay,0.0,0.0005
2026-06-27T13:49Z,Scotland,0.0,0.0005
2026-06-27T13:49Z,South Africa,0.0,0.0005
2026-06-27T13:49Z,South Korea,0.0,0.0005
2026-06-27T13:49Z,Uzbekistan,0.0,0.0005
2026-06-27T13:49Z,Bosnia and Herzegovina,0.0,0.0015
2026-06-27T13:49Z,Egypt,0.0,0.0015
2026-06-27T13:49Z,Ghana,0.0,0.0015
2026-06-27T13:49Z,Sweden,0.0,0.0015
2026-06-27T13:49Z,Senegal,0.002,0.0045
2026-06-27T13:49Z,Ivory Coast,0.0,0.0025
2026-06-27T13:49Z,Switzerland,0.006,0.0095
2026-06-27T13:49Z,Ecuador,0.002,0.0055
2026-06-27T13:49Z,Japan,0.008,0.0145
2026-06-27T13:49Z,Portugal,0.069,0.0805
2026-06-27T13:49Z,Mexico,0.0,0.0125
2026-06-27T13:49Z,England,0.087,0.1025
2026-06-27T13:49Z,Brazil,0.04,0.0565
2026-06-27T13:49Z,Norway,0.005,0.0245
2026-06-27T13:49Z,Germany,0.022,0.0425
2026-06-27T13:49Z,United States,0.001,0.0235
2026-06-27T13:49Z,Netherlands,0.021,0.0445
2026-06-27T13:49Z,France,0.111,0.2185
2026-06-27T15:12Z,Spain,0.239,0.1185
2026-06-27T15:12Z,Argentina,0.292,0.1895
2026-06-27T15:12Z,Morocco,0.034,0.0145
2026-06-27T15:12Z,Belgium,0.029,0.0135
2026-06-27T15:12Z,Colombia,0.021,0.0125
2026-06-27T15:12Z,Australia,0.003,0.0015
2026-06-27T15:12Z,Austria,0.002,0.0015
2026-06-27T15:12Z,Curaçao,0.0,0.0
2026-06-27T15:12Z,Czech Republic,0.0,0.0
2026-06-27T15:12Z,Haiti,0.0,0.0
2026-06-27T15:12Z,Iraq,0.0,0.0
2026-06-27T15:12Z,Jordan,0.0,0.0
2026-06-27T15:12Z,New Zealand,0.0,0.0
2026-06-27T15:12Z,Panama,0.0,0.0
2026-06-27T15:12Z,Qatar,0.0,0.0
2026-06-27T15:12Z,Saudi Arabia,0.0,0.0
2026-06-27T15:12Z,Tunisia,0.0,0.0
2026-06-27T15:12Z,Uruguay,0.0,0.0
2026-06-27T15:12Z,Croatia,0.004,0.0045
2026-06-27T15:12Z,Canada,0.002,0.0025
2026-06-27T15:12Z,Algeria,0.0,0.0005
2026-06-27T15:12Z,Cape Verde,0.0,0.0005
2026-06-27T15:12Z,DR Congo,0.0,0.0005
2026-06-27T15:12Z,Iran,0.0,0.0005
2026-06-27T15:12Z,Paraguay,0.0,0.0005
2026-06-27T15:12Z,Scotland,0.0,0.0005
2026-06-27T15:12Z,South Africa,0.0,0.0005
2026-06-27T15:12Z,South Korea,0.0,0.0005
2026-06-27T15:12Z,Uzbekistan,0.0,0.0005
2026-06-27T15:12Z,Bosnia and Herzegovina,0.0,0.0015
2026-06-27T15:12Z,Egypt,0.0,0.0015
2026-06-27T15:12Z,Ghana,0.0,0.0015
2026-06-27T15:12Z,Sweden,0.0,0.0015
2026-06-27T15:12Z,Senegal,0.002,0.0045
2026-06-27T15:12Z,Ivory Coast,0.0,0.0025
2026-06-27T15:12Z,Switzerland,0.006,0.0095
2026-06-27T15:12Z,Ecuador,0.002,0.0055
2026-06-27T15:12Z,Japan,0.008,0.0145
2026-06-27T15:12Z,Portugal,0.069,0.0805
2026-06-27T15:12Z,Mexico,0.0,0.0125
2026-06-27T15:12Z,England,0.087,0.1015
2026-06-27T15:12Z,Brazil,0.04,0.0565
2026-06-27T15:12Z,Germany,0.022,0.0395
2026-06-27T15:12Z,Norway,0.005,0.0245
2026-06-27T15:12Z,United States,0.001,0.0235
2026-06-27T15:12Z,Netherlands,0.021,0.0445
2026-06-27T15:12Z,France,0.111,0.2285
2026-06-27T16:35Z,Spain,0.239,0.1175
2026-06-27T16:35Z,Argentina,0.292,0.1895
2026-06-27T16:35Z,Morocco,0.034,0.0145
2026-06-27T16:35Z,Belgium,0.029,0.0135
2026-06-27T16:35Z,Colombia,0.021,0.0135
2026-06-27T16:35Z,Australia,0.003,0.0015
2026-06-27T16:35Z,Austria,0.002,0.0015
2026-06-27T16:35Z,Curaçao,0.0,0.0
2026-06-27T16:35Z,Czech Republic,0.0,0.0
2026-06-27T16:35Z,Haiti,0.0,0.0
2026-06-27T16:35Z,Iraq,0.0,0.0
2026-06-27T16:35Z,Jordan,0.0,0.0
2026-06-27T16:35Z,New Zealand,0.0,0.0
2026-06-27T16:35Z,Panama,0.0,0.0
2026-06-27T16:35Z,Qatar,0.0,0.0
2026-06-27T16:35Z,Saudi Arabia,0.0,0.0
2026-06-27T16:35Z,Tunisia,0.0,0.0
2026-06-27T16:35Z,Uruguay,0.0,0.0
2026-06-27T16:35Z,Croatia,0.004,0.0045
2026-06-27T16:35Z,Canada,0.002,0.0025
2026-06-27T16:35Z,Algeria,0.0,0.0005
2026-06-27T16:35Z,Cape Verde,0.0,0.0005
2026-06-27T16:35Z,DR Congo,0.0,0.0005
2026-06-27T16:35Z,Iran,0.0,0.0005
2026-06-27T16:35Z,Paraguay,0.0,0.0005
2026-06-27T16:35Z,Scotland,0.0,0.0005
2026-06-27T16:35Z,South Africa,0.0,0.0005
2026-06-27T16:35Z,South Korea,0.0,0.0005
2026-06-27T16:35Z,Uzbekistan,0.0,0.0005
2026-06-27T16:35Z,Bosnia and Herzegovina,0.0,0.0015
2026-06-27T16:35Z,Egypt,0.0,0.0015
2026-06-27T16:35Z,Ghana,0.0,0.0015
2026-06-27T16:35Z,Sweden,0.0,0.0015
2026-06-27T16:35Z,Senegal,0.002,0.0045
2026-06-27T16:35Z,Ivory Coast,0.0,0.0025
2026-06-27T16:35Z,Switzerland,0.006,0.0095
2026-06-27T16:35Z,Ecuador,0.002,0.0055
2026-06-27T16:35Z,Japan,0.008,0.0145
2026-06-27T16:35Z,Portugal,0.069,0.0805
2026-06-27T16:35Z,Mexico,0.0,0.0115
2026-06-27T16:35Z,England,0.087,0.1015
2026-06-27T16:35Z,Brazil,0.04,0.0565
2026-06-27T16:35Z,Germany,0.022,0.0395
2026-06-27T16:35Z,Norway,0.005,0.0245
2026-06-27T16:35Z,United States,0.001,0.0225
2026-06-27T16:35Z,Netherlands,0.021,0.0455
2026-06-27T16:35Z,France,0.111,0.2295
2026-06-27T17:44Z,Spain,0.239,0.1175
2026-06-27T17:44Z,Argentina,0.292,0.1895
2026-06-27T17:44Z,Morocco,0.034,0.0145
2026-06-27T17:44Z,Belgium,0.029,0.0135
2026-06-27T17:44Z,Colombia,0.021,0.0135
2026-06-27T17:44Z,Australia,0.003,0.0015
2026-06-27T17:44Z,Austria,0.002,0.0015
2026-06-27T17:44Z,Curaçao,0.0,0.0
2026-06-27T17:44Z,Czech Republic,0.0,0.0
2026-06-27T17:44Z,Haiti,0.0,0.0
2026-06-27T17:44Z,Iraq,0.0,0.0
2026-06-27T17:44Z,Jordan,0.0,0.0
2026-06-27T17:44Z,New Zealand,0.0,0.0
2026-06-27T17:44Z,Panama,0.0,0.0
2026-06-27T17:44Z,Qatar,0.0,0.0
2026-06-27T17:44Z,Saudi Arabia,0.0,0.0
2026-06-27T17:44Z,Tunisia,0.0,0.0
2026-06-27T17:44Z,Uruguay,0.0,0.0
2026-06-27T17:44Z,Croatia,0.004,0.0045
2026-06-27T17:44Z,Canada,0.002,0.0025
2026-06-27T17:44Z,Algeria,0.0,0.0005
2026-06-27T17:44Z,Cape Verde,0.0,0.0005
2026-06-27T17:44Z,DR Congo,0.0,0.0005
2026-06-27T17:44Z,Iran,0.0,0.0005
2026-06-27T17:44Z,Paraguay,0.0,0.0005
2026-06-27T17:44Z,Scotland,0.0,0.0005
2026-06-27T17:44Z,South Africa,0.0,0.0005
2026-06-27T17:44Z,South Korea,0.0,0.0005
2026-06-27T17:44Z,Uzbekistan,0.0,0.0005
2026-06-27T17:44Z,Bosnia and Herzegovina,0.0,0.0015
2026-06-27T17:44Z,Egypt,0.0,0.0015
2026-06-27T17:44Z,Ghana,0.0,0.0015
2026-06-27T17:44Z,Sweden,0.0,0.0015
2026-06-27T17:44Z,Senegal,0.002,0.0045
2026-06-27T17:44Z,Ivory Coast,0.0,0.0025
2026-06-27T17:44Z,Switzerland,0.006,0.0095
2026-06-27T17:44Z,Ecuador,0.002,0.0055
2026-06-27T17:44Z,Japan,0.008,0.0145
2026-06-27T17:44Z,Mexico,0.0,0.0115
2026-06-27T17:44Z,Portugal,0.069,0.0825
2026-06-27T17:44Z,England,0.087,0.1015
2026-06-27T17:44Z,Brazil,0.04,0.0565
2026-06-27T17:44Z,Germany,0.022,0.0395
2026-06-27T17:44Z,Norway,0.005,0.0245
2026-06-27T17:44Z,United States,0.001,0.0225
2026-06-27T17:44Z,Netherlands,0.021,0.0455
2026-06-27T17:44Z,France,0.111,0.2295
2026-06-27T19:09Z,Spain,0.239,0.1155
2026-06-27T19:09Z,Argentina,0.292,0.1895
2026-06-27T19:09Z,Morocco,0.034,0.0145
2026-06-27T19:09Z,Belgium,0.029,0.0135
2026-06-27T19:09Z,Colombia,0.021,0.0145
2026-06-27T19:09Z,Australia,0.003,0.0015
2026-06-27T19:09Z,Austria,0.002,0.0015
2026-06-27T19:09Z,Curaçao,0.0,0.0
2026-06-27T19:09Z,Czech Republic,0.0,0.0
2026-06-27T19:09Z,Haiti,0.0,0.0
2026-06-27T19:09Z,Iraq,0.0,0.0
2026-06-27T19:09Z,Jordan,0.0,0.0
2026-06-27T19:09Z,New Zealand,0.0,0.0
2026-06-27T19:09Z,Panama,0.0,0.0
2026-06-27T19:09Z,Qatar,0.0,0.0
2026-06-27T19:09Z,Saudi Arabia,0.0,0.0
2026-06-27T19:09Z,Tunisia,0.0,0.0
2026-06-27T19:09Z,Uruguay,0.0,0.0
2026-06-27T19:09Z,Croatia,0.004,0.0045
2026-06-27T19:09Z,Canada,0.002,0.0025
2026-06-27T19:09Z,Algeria,0.0,0.0005
2026-06-27T19:09Z,Cape Verde,0.0,0.0005
2026-06-27T19:09Z,DR Congo,0.0,0.0005
2026-06-27T19:09Z,Iran,0.0,0.0005
2026-06-27T19:09Z,Paraguay,0.0,0.0005
2026-06-27T19:09Z,Scotland,0.0,0.0005
2026-06-27T19:09Z,South Africa,0.0,0.0005
2026-06-27T19:09Z,South Korea,0.0,0.0005
2026-06-27T19:09Z,Uzbekistan,0.0,0.0005
2026-06-27T19:09Z,Bosnia and Herzegovina,0.0,0.0015
2026-06-27T19:09Z,Egypt,0.0,0.0015
2026-06-27T19:09Z,Ghana,0.0,0.0015
2026-06-27T19:09Z,Sweden,0.0,0.0015
2026-06-27T19:09Z,Senegal,0.002,0.0045
2026-06-27T19:09Z,Ivory Coast,0.0,0.0025
2026-06-27T19:09Z,Switzerland,0.006,0.0095
2026-06-27T19:09Z,Ecuador,0.002,0.0055
2026-06-27T19:09Z,Japan,0.008,0.0145
2026-06-27T19:09Z,Mexico,0.0,0.0115
2026-06-27T19:09Z,Portugal,0.069,0.0825
2026-06-27T19:09Z,England,0.087,0.1015
2026-06-27T19:09Z,Brazil,0.04,0.0565
2026-06-27T19:09Z,Germany,0.022,0.0395
2026-06-27T19:09Z,Norway,0.005,0.0245
2026-06-27T19:09Z,United States,0.001,0.0225
2026-06-27T19:09Z,Netherlands,0.021,0.0455
2026-06-27T19:09Z,France,0.111,0.2295
2026-06-27T20:36Z,Spain,0.239,0.1145
2026-06-27T20:36Z,Argentina,0.292,0.1895
2026-06-27T20:36Z,Morocco,0.034,0.0145
2026-06-27T20:36Z,Belgium,0.029,0.0135
2026-06-27T20:36Z,Colombia,0.021,0.0145
2026-06-27T20:36Z,Australia,0.003,0.0015
2026-06-27T20:36Z,Austria,0.002,0.0015
2026-06-27T20:36Z,Canada,0.002,0.0015
2026-06-27T20:36Z,Curaçao,0.0,0.0
2026-06-27T20:36Z,Czech Republic,0.0,0.0
2026-06-27T20:36Z,Haiti,0.0,0.0
2026-06-27T20:36Z,Iraq,0.0,0.0
2026-06-27T20:36Z,Jordan,0.0,0.0
2026-06-27T20:36Z,New Zealand,0.0,0.0
2026-06-27T20:36Z,Panama,0.0,0.0
2026-06-27T20:36Z,Qatar,0.0,0.0
2026-06-27T20:36Z,Saudi Arabia,0.0,0.0
2026-06-27T20:36Z,Tunisia,0.0,0.0
2026-06-27T20:36Z,Uruguay,0.0,0.0
2026-06-27T20:36Z,Croatia,0.004,0.0045
2026-06-27T20:36Z,Algeria,0.0,0.0005
2026-06-27T20:36Z,Cape Verde,0.0,0.0005
2026-06-27T20:36Z,DR Congo,0.0,0.0005
2026-06-27T20:36Z,Iran,0.0,0.0005
2026-06-27T20:36Z,Paraguay,0.0,0.0005
2026-06-27T20:36Z,Scotland,0.0,0.0005
2026-06-27T20:36Z,South Africa,0.0,0.0005
2026-06-27T20:36Z,South Korea,0.0,0.0005
2026-06-27T20:36Z,Uzbekistan,0.0,0.0005
2026-06-27T20:36Z,Bosnia and Herzegovina,0.0,0.0015
2026-06-27T20:36Z,Egypt,0.0,0.0015
2026-06-27T20:36Z,Ghana,0.0,0.0015
2026-06-27T20:36Z,Sweden,0.0,0.0015
2026-06-27T20:36Z,Senegal,0.002,0.0045
2026-06-27T20:36Z,Ivory Coast,0.0,0.0025
2026-06-27T20:36Z,Switzerland,0.006,0.0095
2026-06-27T20:36Z,Ecuador,0.002,0.0055
2026-06-27T20:36Z,Japan,0.008,0.0145
2026-06-27T20:36Z,Mexico,0.0,0.0115
2026-06-27T20:36Z,England,0.087,0.1015
2026-06-27T20:36Z,Portugal,0.069,0.0845
2026-06-27T20:36Z,Brazil,0.04,0.0565
2026-06-27T20:36Z,Germany,0.022,0.0395
2026-06-27T20:36Z,Norway,0.005,0.0245
2026-06-27T20:36Z,United States,0.001,0.0225
2026-06-27T20:36Z,Netherlands,0.021,0.0475
2026-06-27T20:36Z,France,0.111,0.2295
2026-06-27T21:43Z,Spain,0.239,0.1135
2026-06-27T21:43Z,Argentina,0.292,0.1875
2026-06-27T21:43Z,Morocco,0.034,0.0145
2026-06-27T21:43Z,Belgium,0.029,0.0135
2026-06-27T21:43Z,Colombia,0.021,0.0135
2026-06-27T21:43Z,Australia,0.003,0.0015
2026-06-27T21:43Z,Croatia,0.004,0.0035
2026-06-27T21:43Z,Austria,0.002,0.0015
2026-06-27T21:43Z,Canada,0.002,0.0015
2026-06-27T21:43Z,Curaçao,0.0,0.0
2026-06-27T21:43Z,Czech Republic,0.0,0.0
2026-06-27T21:43Z,Haiti,0.0,0.0
2026-06-27T21:43Z,Iraq,0.0,0.0
2026-06-27T21:43Z,Jordan,0.0,0.0
2026-06-27T21:43Z,New Zealand,0.0,0.0
2026-06-27T21:43Z,Panama,0.0,0.0
2026-06-27T21:43Z,Qatar,0.0,0.0
2026-06-27T21:43Z,Saudi Arabia,0.0,0.0
2026-06-27T21:43Z,Tunisia,0.0,0.0
2026-06-27T21:43Z,Uruguay,0.0,0.0
2026-06-27T21:43Z,Algeria,0.0,0.0005
2026-06-27T21:43Z,Cape Verde,0.0,0.0005
2026-06-27T21:43Z,DR Congo,0.0,0.0005
2026-06-27T21:43Z,Ghana,0.0,0.0005
2026-06-27T21:43Z,Iran,0.0,0.0005
2026-06-27T21:43Z,Paraguay,0.0,0.0005
2026-06-27T21:43Z,Scotland,0.0,0.0005
2026-06-27T21:43Z,South Africa,0.0,0.0005
2026-06-27T21:43Z,South Korea,0.0,0.0005
2026-06-27T21:43Z,Uzbekistan,0.0,0.0005
2026-06-27T21:43Z,Bosnia and Herzegovina,0.0,0.0015
2026-06-27T21:43Z,Egypt,0.0,0.0015
2026-06-27T21:43Z,Sweden,0.0,0.0015
2026-06-27T21:43Z,Senegal,0.002,0.0045
2026-06-27T21:43Z,Ivory Coast,0.0,0.0025
2026-06-27T21:43Z,Switzerland,0.006,0.0095
2026-06-27T21:43Z,Ecuador,0.002,0.0055
2026-06-27T21:43Z,Japan,0.008,0.0145
2026-06-27T21:43Z,Mexico,0.0,0.0115
2026-06-27T21:43Z,England,0.087,0.1015
2026-06-27T21:43Z,Brazil,0.04,0.0565
2026-06-27T21:43Z,Germany,0.022,0.0395
2026-06-27T21:43Z,Portugal,0.069,0.0875
2026-06-27T21:43Z,Norway,0.005,0.0245
2026-06-27T21:43Z,United States,0.001,0.0225
2026-06-27T21:43Z,Netherlands,0.021,0.0475
2026-06-27T21:43Z,France,0.111,0.2295
2026-06-27T22:59Z,Argentina,0.299,0.1795
2026-06-27T22:59Z,Spain,0.211,0.1135
2026-06-27T22:59Z,Belgium,0.035,0.0135
2026-06-27T22:59Z,Colombia,0.025,0.0145
2026-06-27T22:59Z,Morocco,0.024,0.0145
2026-06-27T22:59Z,Austria,0.002,0.0015
2026-06-27T22:59Z,Curaçao,0.0,0.0
2026-06-27T22:59Z,Czech Republic,0.0,0.0
2026-06-27T22:59Z,Haiti,0.0,0.0
2026-06-27T22:59Z,Iraq,0.0,0.0
2026-06-27T22:59Z,Jordan,0.0,0.0
2026-06-27T22:59Z,New Zealand,0.0,0.0
2026-06-27T22:59Z,Panama,0.0,0.0
2026-06-27T22:59Z,Qatar,0.0,0.0
2026-06-27T22:59Z,Saudi Arabia,0.0,0.0
2026-06-27T22:59Z,Tunisia,0.0,0.0
2026-06-27T22:59Z,Uruguay,0.0,0.0
2026-06-27T22:59Z,Ivory Coast,0.002,0.0025
2026-06-27T22:59Z,Canada,0.001,0.0015
2026-06-27T22:59Z,Egypt,0.001,0.0015
2026-06-27T22:59Z,Algeria,0.0,0.0005
2026-06-27T22:59Z,Cape Verde,0.0,0.0005
2026-06-27T22:59Z,DR Congo,0.0,0.0005
2026-06-27T22:59Z,Ghana,0.0,0.0005
2026-06-27T22:59Z,Iran,0.0,0.0005
2026-06-27T22:59Z,Paraguay,0.0,0.0005
2026-06-27T22:59Z,Scotland,0.0,0.0005
2026-06-27T22:59Z,South Africa,0.0,0.0005
2026-06-27T22:59Z,South Korea,0.0,0.0005
2026-06-27T22:59Z,Uzbekistan,0.0,0.0005
2026-06-27T22:59Z,Australia,0.0,0.0015
2026-06-27T22:59Z,Bosnia and Herzegovina,0.0,0.0015
2026-06-27T22:59Z,Sweden,0.0,0.0015
2026-06-27T22:59Z,Croatia,0.003,0.0055
2026-06-27T22:59Z,Ecuador,0.003,0.0055
2026-06-27T22:59Z,Senegal,0.001,0.0045
2026-06-27T22:59Z,Switzerland,0.003,0.0095
2026-06-27T22:59Z,Japan,0.008,0.0145
2026-06-27T22:59Z,Brazil,0.048,0.0565
2026-06-27T22:59Z,Portugal,0.072,0.0825
2026-06-27T22:59Z,Mexico,0.0,0.0115
2026-06-27T22:59Z,Germany,0.023,0.0395
2026-06-27T22:59Z,Norway,0.004,0.0235
2026-06-27T22:59Z,England,0.084,0.1045
2026-06-27T22:59Z,United States,0.001,0.0225
2026-06-27T22:59Z,Netherlands,0.024,0.0475
2026-06-27T22:59Z,France,0.126,0.2365
2026-06-28T00:01Z,Argentina,0.333,0.1795
2026-06-28T00:01Z,Spain,0.239,0.1135
2026-06-28T00:01Z,Belgium,0.026,0.0135
2026-06-28T00:01Z,Morocco,0.019,0.0145
2026-06-28T00:01Z,Colombia,0.021,0.0195
2026-06-28T00:01Z,Paraguay,0.001,0.0005
2026-06-28T00:01Z,Curaçao,0.0,0.0
2026-06-28T00:01Z,Czech Republic,0.0,0.0
2026-06-28T00:01Z,Haiti,0.0,0.0
2026-06-28T00:01Z,Iraq,0.0,0.0
2026-06-28T00:01Z,Jordan,0.0,0.0
2026-06-28T00:01Z,New Zealand,0.0,0.0
2026-06-28T00:01Z,Panama,0.0,0.0
2026-06-28T00:01Z,Qatar,0.0,0.0
2026-06-28T00:01Z,Saudi Arabia,0.0,0.0
2026-06-28T00:01Z,Tunisia,0.0,0.0
2026-06-28T00:01Z,Uruguay,0.0,0.0
2026-06-28T00:01Z,Algeria,0.0,0.0005
2026-06-28T00:01Z,Cape Verde,0.0,0.0005
2026-06-28T00:01Z,DR Congo,0.0,0.0005
2026-06-28T00:01Z,Ghana,0.0,0.0005
2026-06-28T00:01Z,Iran,0.0,0.0005
2026-06-28T00:01Z,Scotland,0.0,0.0005
2026-06-28T00:01Z,South Africa,0.0,0.0005
2026-06-28T00:01Z,South Korea,0.0,0.0005
2026-06-28T00:01Z,Uzbekistan,0.0,0.0005
2026-06-28T00:01Z,Ivory Coast,0.001,0.0025
2026-06-28T00:01Z,Australia,0.0,0.0015
2026-06-28T00:01Z,Austria,0.0,0.0015
2026-06-28T00:01Z,Bosnia and Herzegovina,0.0,0.0015
2026-06-28T00:01Z,Canada,0.0,0.0015
2026-06-28T00:01Z,Egypt,0.0,0.0015
2026-06-28T00:01Z,Sweden,0.0,0.0015
2026-06-28T00:01Z,Ecuador,0.003,0.0065
2026-06-28T00:01Z,Croatia,0.001,0.0045
2026-06-28T00:01Z,Senegal,0.001,0.0045
2026-06-28T00:01Z,England,0.096,0.0995
2026-06-28T00:01Z,Switzerland,0.004,0.0095
2026-06-28T00:01Z,Japan,0.006,0.0145
2026-06-28T00:01Z,Mexico,0.001,0.0115
2026-06-28T00:01Z,Germany,0.02,0.0395
2026-06-28T00:01Z,Norway,0.003,0.0235
2026-06-28T00:01Z,Brazil,0.036,0.0565
2026-06-28T00:01Z,Netherlands,0.026,0.0475
2026-06-28T00:01Z,United States,0.0,0.0225
2026-06-28T00:01Z,Portugal,0.056,0.083
2026-06-28T00:01Z,France,0.107,0.2365
2026-06-28T04:09Z,Spain,0.216,0.1055
2026-06-28T04:09Z,Argentina,0.309,0.201
2026-06-28T04:09Z,Morocco,0.026,0.0135
2026-06-28T04:09Z,Belgium,0.025,0.0135
2026-06-28T04:09Z,England,0.111,0.1045
2026-06-28T04:09Z,Portugal,0.061,0.0555
2026-06-28T04:09Z,Australia,0.002,0.0015
2026-06-28T04:09Z,Algeria,0.001,0.0005
2026-06-28T04:09Z,Colombia,0.024,0.024
2026-06-28T04:09Z,Curaçao,0.0,0.0
2026-06-28T04:09Z,Czech Republic,0.0,0.0
2026-06-28T04:09Z,Haiti,0.0,0.0
2026-06-28T04:09Z,Iraq,0.0,0.0
2026-06-28T04:09Z,Jordan,0.0,0.0
2026-06-28T04:09Z,New Zealand,0.0,0.0
2026-06-28T04:09Z,Panama,0.0,0.0
2026-06-28T04:09Z,Qatar,0.0,0.0
2026-06-28T04:09Z,Saudi Arabia,0.0,0.0
2026-06-28T04:09Z,Scotland,0.0,0.0
2026-06-28T04:09Z,Tunisia,0.0,0.0
2026-06-28T04:09Z,Uruguay,0.0,0.0
2026-06-28T04:09Z,Cape Verde,0.0,0.0005
2026-06-28T04:09Z,DR Congo,0.0,0.0005
2026-06-28T04:09Z,Iran,0.0,0.0005
2026-06-28T04:09Z,Paraguay,0.0,0.0005
2026-06-28T04:09Z,South Africa,0.0,0.0005
2026-06-28T04:09Z,South Korea,0.0,0.0005
2026-06-28T04:09Z,Uzbekistan,0.0,0.0005
2026-06-28T04:09Z,Senegal,0.003,0.0045
2026-06-28T04:09Z,Croatia,0.002,0.0035
2026-06-28T04:09Z,Ivory Coast,0.001,0.0025
2026-06-28T04:09Z,Austria,0.0,0.0015
2026-06-28T04:09Z,Bosnia and Herzegovina,0.0,0.0015
2026-06-28T04:09Z,Canada,0.0,0.0015
2026-06-28T04:09Z,Egypt,0.0,0.0015
2026-06-28T04:09Z,Ghana,0.0,0.0015
2026-06-28T04:09Z,Sweden,0.0,0.0015
2026-06-28T04:09Z,Ecuador,0.003,0.0055
2026-06-28T04:09Z,Switzerland,0.004,0.0095
2026-06-28T04:09Z,Japan,0.006,0.0145
2026-06-28T04:09Z,Mexico,0.003,0.0115
2026-06-28T04:09Z,Germany,0.026,0.0365
2026-06-28T04:09Z,Norway,0.005,0.0225
2026-06-28T04:09Z,Brazil,0.039,0.0565
2026-06-28T04:09Z,United States,0.0,0.0215
2026-06-28T04:09Z,Netherlands,0.019,0.0425
2026-06-28T04:09Z,France,0.114,0.2375
2026-06-28T08:01Z,Spain,0.216,0.1055
2026-06-28T08:01Z,Argentina,0.309,0.2095
2026-06-28T08:01Z,Morocco,0.026,0.0135
2026-06-28T08:01Z,Belgium,0.025,0.0135
2026-06-28T08:01Z,Portugal,0.061,0.0495
2026-06-28T08:01Z,England,0.111,0.1025
2026-06-28T08:01Z,Colombia,0.024,0.0235
2026-06-28T08:01Z,Australia,0.002,0.0015
2026-06-28T08:01Z,Curaçao,0.0,0.0
2026-06-28T08:01Z,Czech Republic,0.0,0.0
2026-06-28T08:01Z,Haiti,0.0,0.0
2026-06-28T08:01Z,Iran,0.0,0.0
2026-06-28T08:01Z,Iraq,0.0,0.0
2026-06-28T08:01Z,Jordan,0.0,0.0
2026-06-28T08:01Z,New Zealand,0.0,0.0
2026-06-28T08:01Z,Panama,0.0,0.0
2026-06-28T08:01Z,Qatar,0.0,0.0
2026-06-28T08:01Z,Saudi Arabia,0.0,0.0
2026-06-28T08:01Z,Scotland,0.0,0.0
2026-06-28T08:01Z,South Korea,0.0,0.0
2026-06-28T08:01Z,Tunisia,0.0,0.0
2026-06-28T08:01Z,Uruguay,0.0,0.0
2026-06-28T08:01Z,Uzbekistan,0.0,0.0
2026-06-28T08:01Z,Algeria,0.001,0.0015
2026-06-28T08:01Z,DR Congo,0.0,0.0005
2026-06-28T08:01Z,Paraguay,0.0,0.0005
2026-06-28T08:01Z,South Africa,0.0,0.0005
2026-06-28T08:01Z,Senegal,0.003,0.0045
2026-06-28T08:01Z,Croatia,0.002,0.0035
2026-06-28T08:01Z,Ivory Coast,0.001,0.0025
2026-06-28T08:01Z,Austria,0.0,0.0015
2026-06-28T08:01Z,Bosnia and Herzegovina,0.0,0.0015
2026-06-28T08:01Z,Canada,0.0,0.0015
2026-06-28T08:01Z,Cape Verde,0.0,0.0015
2026-06-28T08:01Z,Egypt,0.0,0.0015
2026-06-28T08:01Z,Ghana,0.0,0.0015
2026-06-28T08:01Z,Sweden,0.0,0.0015
2026-06-28T08:01Z,Ecuador,0.003,0.0055
2026-06-28T08:01Z,Japan,0.006,0.0115
2026-06-28T08:01Z,Switzerland,0.004,0.0095
2026-06-28T08:01Z,Mexico,0.003,0.0115
2026-06-28T08:01Z,Germany,0.026,0.0365
2026-06-28T08:01Z,Norway,0.005,0.0205
2026-06-28T08:01Z,Brazil,0.039,0.0565
2026-06-28T08:01Z,United States,0.0,0.0215
2026-06-28T08:01Z,Netherlands,0.019,0.0505
2026-06-28T08:01Z,France,0.114,0.2295
2026-06-28T10:31Z,Spain,0.216,0.1055
2026-06-28T10:31Z,Argentina,0.309,0.2105
2026-06-28T10:31Z,Morocco,0.026,0.0135
2026-06-28T10:31Z,Belgium,0.025,0.0135
2026-06-28T10:31Z,England,0.111,0.1025
2026-06-28T10:31Z,Colombia,0.024,0.0235
2026-06-28T10:31Z,Australia,0.002,0.0015
2026-06-28T10:31Z,Curaçao,0.0,0.0
2026-06-28T10:31Z,Czech Republic,0.0,0.0
2026-06-28T10:31Z,Haiti,0.0,0.0
2026-06-28T10:31Z,Iran,0.0,0.0
2026-06-28T10:31Z,Iraq,0.0,0.0
2026-06-28T10:31Z,Jordan,0.0,0.0
2026-06-28T10:31Z,New Zealand,0.0,0.0
2026-06-28T10:31Z,Panama,0.0,0.0
2026-06-28T10:31Z,Qatar,0.0,0.0
2026-06-28T10:31Z,Saudi Arabia,0.0,0.0
2026-06-28T10:31Z,Scotland,0.0,0.0
2026-06-28T10:31Z,South Korea,0.0,0.0
2026-06-28T10:31Z,Tunisia,0.0,0.0
2026-06-28T10:31Z,Uruguay,0.0,0.0
2026-06-28T10:31Z,Uzbekistan,0.0,0.0
2026-06-28T10:31Z,Algeria,0.001,0.0015
2026-06-28T10:31Z,Cape Verde,0.0,0.0005
2026-06-28T10:31Z,DR Congo,0.0,0.0005
2026-06-28T10:31Z,Paraguay,0.0,0.0005
2026-06-28T10:31Z,South Africa,0.0,0.0005
2026-06-28T10:31Z,Senegal,0.003,0.0045
2026-06-28T10:31Z,Croatia,0.002,0.0035
2026-06-28T10:31Z,Ivory Coast,0.001,0.0025
2026-06-28T10:31Z,Austria,0.0,0.0015
2026-06-28T10:31Z,Bosnia and Herzegovina,0.0,0.0015
2026-06-28T10:31Z,Canada,0.0,0.0015
2026-06-28T10:31Z,Egypt,0.0,0.0015
2026-06-28T10:31Z,Ghana,0.0,0.0015
2026-06-28T10:31Z,Sweden,0.0,0.0015
2026-06-28T10:31Z,Portugal,0.061,0.0625
2026-06-28T10:31Z,Ecuador,0.003,0.0055
2026-06-28T10:31Z,Japan,0.006,0.0115
2026-06-28T10:31Z,Switzerland,0.004,0.0095
2026-06-28T10:31Z,Mexico,0.003,0.0115
2026-06-28T10:31Z,Germany,0.026,0.0365
2026-06-28T10:31Z,Norway,0.005,0.0205
2026-06-28T10:31Z,Brazil,0.039,0.0555
2026-06-28T10:31Z,United States,0.0,0.0215
2026-06-28T10:31Z,Netherlands,0.019,0.0505
2026-06-28T10:31Z,France,0.114,0.2295
2026-06-28T12:09Z,Spain,0.216,0.1055
2026-06-28T12:09Z,Argentina,0.309,0.2115
2026-06-28T12:09Z,Morocco,0.026,0.0135
2026-06-28T12:09Z,Belgium,0.025,0.0135
2026-06-28T12:09Z,England,0.111,0.1025
2026-06-28T12:09Z,Colombia,0.024,0.0235
2026-06-28T12:09Z,Australia,0.002,0.0015
2026-06-28T12:09Z,Curaçao,0.0,0.0
2026-06-28T12:09Z,Czech Republic,0.0,0.0
2026-06-28T12:09Z,Haiti,0.0,0.0
2026-06-28T12:09Z,Iran,0.0,0.0
2026-06-28T12:09Z,Iraq,0.0,0.0
2026-06-28T12:09Z,Jordan,0.0,0.0
2026-06-28T12:09Z,New Zealand,0.0,0.0
2026-06-28T12:09Z,Panama,0.0,0.0
2026-06-28T12:09Z,Qatar,0.0,0.0
2026-06-28T12:09Z,Saudi Arabia,0.0,0.0
2026-06-28T12:09Z,Scotland,0.0,0.0
2026-06-28T12:09Z,South Korea,0.0,0.0
2026-06-28T12:09Z,Tunisia,0.0,0.0
2026-06-28T12:09Z,Uruguay,0.0,0.0
2026-06-28T12:09Z,Uzbekistan,0.0,0.0
2026-06-28T12:09Z,Algeria,0.001,0.0015
2026-06-28T12:09Z,Cape Verde,0.0,0.0005
2026-06-28T12:09Z,DR Congo,0.0,0.0005
2026-06-28T12:09Z,Paraguay,0.0,0.0005
2026-06-28T12:09Z,South Africa,0.0,0.0005
2026-06-28T12:09Z,Portugal,0.061,0.0615
2026-06-28T12:09Z,Senegal,0.003,0.0045
2026-06-28T12:09Z,Croatia,0.002,0.0035
2026-06-28T12:09Z,Ivory Coast,0.001,0.0025
2026-06-28T12:09Z,Austria,0.0,0.0015
2026-06-28T12:09Z,Bosnia and Herzegovina,0.0,0.0015
2026-06-28T12:09Z,Canada,0.0,0.0015
2026-06-28T12:09Z,Egypt,0.0,0.0015
2026-06-28T12:09Z,Ghana,0.0,0.0015
2026-06-28T12:09Z,Sweden,0.0,0.0015
2026-06-28T12:09Z,Ecuador,0.003,0.0055
2026-06-28T12:09Z,Japan,0.006,0.0115
2026-06-28T12:09Z,Switzerland,0.004,0.0095
2026-06-28T12:09Z,Mexico,0.003,0.0115
2026-06-28T12:09Z,Germany,0.026,0.0365
2026-06-28T12:09Z,Brazil,0.039,0.0535
2026-06-28T12:09Z,Norway,0.005,0.0205
2026-06-28T12:09Z,United States,0.0,0.0215
2026-06-28T12:09Z,Netherlands,0.019,0.0505
2026-06-28T12:09Z,France,0.114,0.2295
2026-06-28T14:19Z,Spain,0.216,0.1055
2026-06-28T14:19Z,Argentina,0.309,0.204
2026-06-28T14:19Z,Belgium,0.025,0.0125
2026-06-28T14:19Z,Morocco,0.026,0.0135
2026-06-28T14:19Z,England,0.111,0.1025
2026-06-28T14:19Z,Portugal,0.061,0.056
2026-06-28T14:19Z,Australia,0.002,0.0015
2026-06-28T14:19Z,Curaçao,0.0,0.0
2026-06-28T14:19Z,Czech Republic,0.0,0.0
2026-06-28T14:19Z,Haiti,0.0,0.0
2026-06-28T14:19Z,Iran,0.0,0.0
2026-06-28T14:19Z,Iraq,0.0,0.0
2026-06-28T14:19Z,Jordan,0.0,0.0
2026-06-28T14:19Z,New Zealand,0.0,0.0
2026-06-28T14:19Z,Panama,0.0,0.0
2026-06-28T14:19Z,Qatar,0.0,0.0
2026-06-28T14:19Z,Saudi Arabia,0.0,0.0
2026-06-28T14:19Z,Scotland,0.0,0.0
2026-06-28T14:19Z,South Korea,0.0,0.0
2026-06-28T14:19Z,Tunisia,0.0,0.0
2026-06-28T14:19Z,Uruguay,0.0,0.0
2026-06-28T14:19Z,Uzbekistan,0.0,0.0
2026-06-28T14:19Z,Algeria,0.001,0.0015
2026-06-28T14:19Z,Cape Verde,0.0,0.0005
2026-06-28T14:19Z,DR Congo,0.0,0.0005
2026-06-28T14:19Z,Paraguay,0.0,0.0005
2026-06-28T14:19Z,South Africa,0.0,0.0005
2026-06-28T14:19Z,Colombia,0.024,0.0255
2026-06-28T14:19Z,Senegal,0.003,0.0045
2026-06-28T14:19Z,Croatia,0.002,0.0035
2026-06-28T14:19Z,Ivory Coast,0.001,0.0025
2026-06-28T14:19Z,Austria,0.0,0.0015
2026-06-28T14:19Z,Bosnia and Herzegovina,0.0,0.0015
2026-06-28T14:19Z,Canada,0.0,0.0015
2026-06-28T14:19Z,Egypt,0.0,0.0015
2026-06-28T14:19Z,Ghana,0.0,0.0015
2026-06-28T14:19Z,Sweden,0.0,0.0015
2026-06-28T14:19Z,Ecuador,0.003,0.0055
2026-06-28T14:19Z,Japan,0.006,0.0115
2026-06-28T14:19Z,Switzerland,0.004,0.0095
2026-06-28T14:19Z,Mexico,0.003,0.0115
2026-06-28T14:19Z,Germany,0.026,0.0365
2026-06-28T14:19Z,Brazil,0.039,0.0535
2026-06-28T14:19Z,Norway,0.005,0.0205
2026-06-28T14:19Z,United States,0.0,0.0215
2026-06-28T14:19Z,Netherlands,0.019,0.0505
2026-06-28T14:19Z,France,0.114,0.2295
2026-06-28T15:45Z,Spain,0.216,0.1055
2026-06-28T15:45Z,Argentina,0.309,0.2085
2026-06-28T15:45Z,Morocco,0.026,0.0135
2026-06-28T15:45Z,Belgium,0.025,0.0135
2026-06-28T15:45Z,England,0.111,0.1025
2026-06-28T15:45Z,Portugal,0.061,0.0595
2026-06-28T15:45Z,Australia,0.002,0.0015
2026-06-28T15:45Z,Curaçao,0.0,0.0
2026-06-28T15:45Z,Czech Republic,0.0,0.0
2026-06-28T15:45Z,Haiti,0.0,0.0
2026-06-28T15:45Z,Iran,0.0,0.0
2026-06-28T15:45Z,Iraq,0.0,0.0
2026-06-28T15:45Z,Jordan,0.0,0.0
2026-06-28T15:45Z,New Zealand,0.0,0.0
2026-06-28T15:45Z,Panama,0.0,0.0
2026-06-28T15:45Z,Qatar,0.0,0.0
2026-06-28T15:45Z,Saudi Arabia,0.0,0.0
2026-06-28T15:45Z,Scotland,0.0,0.0
2026-06-28T15:45Z,South Korea,0.0,0.0
2026-06-28T15:45Z,Tunisia,0.0,0.0
2026-06-28T15:45Z,Uruguay,0.0,0.0
2026-06-28T15:45Z,Uzbekistan,0.0,0.0
2026-06-28T15:45Z,Algeria,0.001,0.0015
2026-06-28T15:45Z,DR Congo,0.0,0.0005
2026-06-28T15:45Z,Paraguay,0.0,0.0005
2026-06-28T15:45Z,South Africa,0.0,0.0005
2026-06-28T15:45Z,Senegal,0.003,0.0045
2026-06-28T15:45Z,Croatia,0.002,0.0035
2026-06-28T15:45Z,Ivory Coast,0.001,0.0025
2026-06-28T15:45Z,Austria,0.0,0.0015
2026-06-28T15:45Z,Bosnia and Herzegovina,0.0,0.0015
2026-06-28T15:45Z,Canada,0.0,0.0015
2026-06-28T15:45Z,Cape Verde,0.0,0.0015
2026-06-28T15:45Z,Egypt,0.0,0.0015
2026-06-28T15:45Z,Ghana,0.0,0.0015
2026-06-28T15:45Z,Sweden,0.0,0.0015
2026-06-28T15:45Z,Colombia,0.024,0.0265
2026-06-28T15:45Z,Ecuador,0.003,0.0055
2026-06-28T15:45Z,Japan,0.006,0.0105
2026-06-28T15:45Z,Switzerland,0.004,0.0095
2026-06-28T15:45Z,Mexico,0.003,0.0115
2026-06-28T15:45Z,Germany,0.026,0.0365
2026-06-28T15:45Z,Norway,0.005,0.0205
2026-06-28T15:45Z,Brazil,0.039,0.0575
2026-06-28T15:45Z,United States,0.0,0.0215
2026-06-28T15:45Z,Netherlands,0.019,0.0535
2026-06-28T15:45Z,France,0.114,0.2295
2026-06-28T17:04Z,Spain,0.216,0.1055
2026-06-28T17:04Z,Argentina,0.309,0.2085
2026-06-28T17:04Z,Morocco,0.026,0.0135
2026-06-28T17:04Z,Belgium,0.025,0.0135
2026-06-28T17:04Z,England,0.111,0.1025
2026-06-28T17:04Z,Portugal,0.061,0.0585
2026-06-28T17:04Z,Australia,0.002,0.0015
2026-06-28T17:04Z,Curaçao,0.0,0.0
2026-06-28T17:04Z,Czech Republic,0.0,0.0
2026-06-28T17:04Z,Haiti,0.0,0.0
2026-06-28T17:04Z,Iran,0.0,0.0
2026-06-28T17:04Z,Iraq,0.0,0.0
2026-06-28T17:04Z,Jordan,0.0,0.0
2026-06-28T17:04Z,New Zealand,0.0,0.0
2026-06-28T17:04Z,Panama,0.0,0.0
2026-06-28T17:04Z,Qatar,0.0,0.0
2026-06-28T17:04Z,Saudi Arabia,0.0,0.0
2026-06-28T17:04Z,Scotland,0.0,0.0
2026-06-28T17:04Z,South Korea,0.0,0.0
2026-06-28T17:04Z,Tunisia,0.0,0.0
2026-06-28T17:04Z,Uruguay,0.0,0.0
2026-06-28T17:04Z,Uzbekistan,0.0,0.0
2026-06-28T17:04Z,Algeria,0.001,0.0015
2026-06-28T17:04Z,DR Congo,0.0,0.0005
2026-06-28T17:04Z,Paraguay,0.0,0.0005
2026-06-28T17:04Z,South Africa,0.0,0.0005
2026-06-28T17:04Z,Senegal,0.003,0.0045
2026-06-28T17:04Z,Croatia,0.002,0.0035
2026-06-28T17:04Z,Ivory Coast,0.001,0.0025
2026-06-28T17:04Z,Austria,0.0,0.0015
2026-06-28T17:04Z,Bosnia and Herzegovina,0.0,0.0015
2026-06-28T17:04Z,Canada,0.0,0.0015
2026-06-28T17:04Z,Cape Verde,0.0,0.0015
2026-06-28T17:04Z,Egypt,0.0,0.0015
2026-06-28T17:04Z,Ghana,0.0,0.0015
2026-06-28T17:04Z,Sweden,0.0,0.0015
2026-06-28T17:04Z,Colombia,0.024,0.0265
2026-06-28T17:04Z,Ecuador,0.003,0.0055
2026-06-28T17:04Z,Japan,0.006,0.0105
2026-06-28T17:04Z,Switzerland,0.004,0.0095
2026-06-28T17:04Z,Mexico,0.003,0.0115
2026-06-28T17:04Z,Germany,0.026,0.0375
2026-06-28T17:04Z,Norway,0.005,0.0205
2026-06-28T17:04Z,Brazil,0.039,0.0575
2026-06-28T17:04Z,United States,0.0,0.0215
2026-06-28T17:04Z,Netherlands,0.019,0.0515
2026-06-28T17:04Z,France,0.114,0.2295
2026-06-28T18:21Z,Spain,0.216,0.1065
2026-06-28T18:21Z,Argentina,0.309,0.2085
2026-06-28T18:21Z,Morocco,0.026,0.0135
2026-06-28T18:21Z,Belgium,0.025,0.0135
2026-06-28T18:21Z,England,0.111,0.1025
2026-06-28T18:21Z,Portugal,0.061,0.0595
2026-06-28T18:21Z,Australia,0.002,0.0015
2026-06-28T18:21Z,Curaçao,0.0,0.0
2026-06-28T18:21Z,Czech Republic,0.0,0.0
2026-06-28T18:21Z,Haiti,0.0,0.0
2026-06-28T18:21Z,Iran,0.0,0.0
2026-06-28T18:21Z,Iraq,0.0,0.0
2026-06-28T18:21Z,Jordan,0.0,0.0
2026-06-28T18:21Z,New Zealand,0.0,0.0
2026-06-28T18:21Z,Panama,0.0,0.0
2026-06-28T18:21Z,Qatar,0.0,0.0
2026-06-28T18:21Z,Saudi Arabia,0.0,0.0
2026-06-28T18:21Z,Scotland,0.0,0.0
2026-06-28T18:21Z,South Korea,0.0,0.0
2026-06-28T18:21Z,Tunisia,0.0,0.0
2026-06-28T18:21Z,Uruguay,0.0,0.0
2026-06-28T18:21Z,Uzbekistan,0.0,0.0
2026-06-28T18:21Z,Algeria,0.001,0.0015
2026-06-28T18:21Z,DR Congo,0.0,0.0005
2026-06-28T18:21Z,Paraguay,0.0,0.0005
2026-06-28T18:21Z,South Africa,0.0,0.0005
2026-06-28T18:21Z,Senegal,0.003,0.0045
2026-06-28T18:21Z,Croatia,0.002,0.0035
2026-06-28T18:21Z,Ivory Coast,0.001,0.0025
2026-06-28T18:21Z,Austria,0.0,0.0015
2026-06-28T18:21Z,Bosnia and Herzegovina,0.0,0.0015
2026-06-28T18:21Z,Canada,0.0,0.0015
2026-06-28T18:21Z,Cape Verde,0.0,0.0015
2026-06-28T18:21Z,Egypt,0.0,0.0015
2026-06-28T18:21Z,Ghana,0.0,0.0015
2026-06-28T18:21Z,Sweden,0.0,0.0015
2026-06-28T18:21Z,Colombia,0.024,0.0265
2026-06-28T18:21Z,Ecuador,0.003,0.0055
2026-06-28T18:21Z,Japan,0.006,0.0105
2026-06-28T18:21Z,Switzerland,0.004,0.0095
2026-06-28T18:21Z,Mexico,0.003,0.0115
2026-06-28T18:21Z,Germany,0.026,0.0405
2026-06-28T18:21Z,Norway,0.005,0.0205
2026-06-28T18:21Z,Brazil,0.039,0.0595
2026-06-28T18:21Z,United States,0.0,0.0215
2026-06-28T18:21Z,Netherlands,0.019,0.0515
2026-06-28T18:21Z,France,0.114,0.2295
2026-06-28T19:51Z,Spain,0.216,0.1115
2026-06-28T19:51Z,Argentina,0.309,0.2085
2026-06-28T19:51Z,Morocco,0.026,0.0135
2026-06-28T19:51Z,Belgium,0.025,0.0135
2026-06-28T19:51Z,England,0.111,0.1025
2026-06-28T19:51Z,Portugal,0.061,0.0575
2026-06-28T19:51Z,Australia,0.002,0.0015
2026-06-28T19:51Z,Curaçao,0.0,0.0
2026-06-28T19:51Z,Czech Republic,0.0,0.0
2026-06-28T19:51Z,Haiti,0.0,0.0
2026-06-28T19:51Z,Iran,0.0,0.0
2026-06-28T19:51Z,Iraq,0.0,0.0
2026-06-28T19:51Z,Jordan,0.0,0.0
2026-06-28T19:51Z,New Zealand,0.0,0.0
2026-06-28T19:51Z,Panama,0.0,0.0
2026-06-28T19:51Z,Qatar,0.0,0.0
2026-06-28T19:51Z,Saudi Arabia,0.0,0.0
2026-06-28T19:51Z,Scotland,0.0,0.0
2026-06-28T19:51Z,South Korea,0.0,0.0
2026-06-28T19:51Z,Tunisia,0.0,0.0
2026-06-28T19:51Z,Uruguay,0.0,0.0
2026-06-28T19:51Z,Uzbekistan,0.0,0.0
2026-06-28T19:51Z,Algeria,0.001,0.0015
2026-06-28T19:51Z,DR Congo,0.0,0.0005
2026-06-28T19:51Z,Paraguay,0.0,0.0005
2026-06-28T19:51Z,South Africa,0.0,0.0005
2026-06-28T19:51Z,Senegal,0.003,0.0045
2026-06-28T19:51Z,Croatia,0.002,0.0035
2026-06-28T19:51Z,Ivory Coast,0.001,0.0025
2026-06-28T19:51Z,Austria,0.0,0.0015
2026-06-28T19:51Z,Bosnia and Herzegovina,0.0,0.0015
2026-06-28T19:51Z,Canada,0.0,0.0015
2026-06-28T19:51Z,Cape Verde,0.0,0.0015
2026-06-28T19:51Z,Egypt,0.0,0.0015
2026-06-28T19:51Z,Ghana,0.0,0.0015
2026-06-28T19:51Z,Sweden,0.0,0.0015
2026-06-28T19:51Z,Colombia,0.024,0.0265
2026-06-28T19:51Z,Ecuador,0.003,0.0055
2026-06-28T19:51Z,Japan,0.006,0.0105
2026-06-28T19:51Z,Switzerland,0.004,0.0095
2026-06-28T19:51Z,Mexico,0.003,0.0115
2026-06-28T19:51Z,Germany,0.026,0.0395
2026-06-28T19:51Z,Norway,0.005,0.0195
2026-06-28T19:51Z,Brazil,0.039,0.0605
2026-06-28T19:51Z,United States,0.0,0.0225
2026-06-28T19:51Z,Netherlands,0.019,0.0515
2026-06-28T19:51Z,France,0.114,0.2295
2026-06-28T20:55Z,Spain,0.216,0.1115
2026-06-28T20:55Z,Argentina,0.309,0.2085
2026-06-28T20:55Z,Morocco,0.026,0.0135
2026-06-28T20:55Z,Belgium,0.025,0.0135
2026-06-28T20:55Z,England,0.111,0.1025
2026-06-28T20:55Z,Portugal,0.061,0.0575
2026-06-28T20:55Z,Australia,0.002,0.0015
2026-06-28T20:55Z,Curaçao,0.0,0.0
2026-06-28T20:55Z,Czech Republic,0.0,0.0
2026-06-28T20:55Z,Haiti,0.0,0.0
2026-06-28T20:55Z,Iran,0.0,0.0
2026-06-28T20:55Z,Iraq,0.0,0.0
2026-06-28T20:55Z,Jordan,0.0,0.0
2026-06-28T20:55Z,New Zealand,0.0,0.0
2026-06-28T20:55Z,Panama,0.0,0.0
2026-06-28T20:55Z,Qatar,0.0,0.0
2026-06-28T20:55Z,Saudi Arabia,0.0,0.0
2026-06-28T20:55Z,Scotland,0.0,0.0
2026-06-28T20:55Z,South Korea,0.0,0.0
2026-06-28T20:55Z,Tunisia,0.0,0.0
2026-06-28T20:55Z,Uruguay,0.0,0.0
2026-06-28T20:55Z,Uzbekistan,0.0,0.0
2026-06-28T20:55Z,Algeria,0.001,0.0015
2026-06-28T20:55Z,Cape Verde,0.0,0.0005
2026-06-28T20:55Z,DR Congo,0.0,0.0005
2026-06-28T20:55Z,Paraguay,0.0,0.0005
2026-06-28T20:55Z,South Africa,0.0,0.0005
2026-06-28T20:55Z,Senegal,0.003,0.0045
2026-06-28T20:55Z,Croatia,0.002,0.0035
2026-06-28T20:55Z,Ivory Coast,0.001,0.0025
2026-06-28T20:55Z,Austria,0.0,0.0015
2026-06-28T20:55Z,Bosnia and Herzegovina,0.0,0.0015
2026-06-28T20:55Z,Canada,0.0,0.0015
2026-06-28T20:55Z,Egypt,0.0,0.0015
2026-06-28T20:55Z,Ghana,0.0,0.0015
2026-06-28T20:55Z,Sweden,0.0,0.0015
2026-06-28T20:55Z,Colombia,0.024,0.0265
2026-06-28T20:55Z,Ecuador,0.003,0.0055
2026-06-28T20:55Z,Japan,0.006,0.0105
2026-06-28T20:55Z,Switzerland,0.004,0.0095
2026-06-28T20:55Z,Mexico,0.003,0.0115
2026-06-28T20:55Z,Germany,0.026,0.0395
2026-06-28T20:55Z,Norway,0.005,0.0195
2026-06-28T20:55Z,Brazil,0.039,0.0605
2026-06-28T20:55Z,United States,0.0,0.0225
2026-06-28T20:55Z,Netherlands,0.019,0.0515
2026-06-28T20:55Z,France,0.114,0.2295
2026-06-28T21:59Z,Spain,0.218,0.1105
2026-06-28T21:59Z,Argentina,0.314,0.2085
2026-06-28T21:59Z,Morocco,0.03,0.0135
2026-06-28T21:59Z,Portugal,0.065,0.0575
2026-06-28T21:59Z,Belgium,0.02,0.0135
2026-06-28T21:59Z,England,0.103,0.1025
2026-06-28T21:59Z,Australia,0.002,0.0015
2026-06-28T21:59Z,Curaçao,0.0,0.0
2026-06-28T21:59Z,Czech Republic,0.0,0.0
2026-06-28T21:59Z,Haiti,0.0,0.0
2026-06-28T21:59Z,Iran,0.0,0.0
2026-06-28T21:59Z,Iraq,0.0,0.0
2026-06-28T21:59Z,Jordan,0.0,0.0
2026-06-28T21:59Z,New Zealand,0.0,0.0
2026-06-28T21:59Z,Panama,0.0,0.0
2026-06-28T21:59Z,Qatar,0.0,0.0
2026-06-28T21:59Z,Saudi Arabia,0.0,0.0
2026-06-28T21:59Z,Scotland,0.0,0.0
2026-06-28T21:59Z,South Korea,0.0,0.0
2026-06-28T21:59Z,Tunisia,0.0,0.0
2026-06-28T21:59Z,Uruguay,0.0,0.0
2026-06-28T21:59Z,Uzbekistan,0.0,0.0
2026-06-28T21:59Z,Senegal,0.004,0.0045
2026-06-28T21:59Z,Cape Verde,0.0,0.0005
2026-06-28T21:59Z,DR Congo,0.0,0.0005
2026-06-28T21:59Z,Paraguay,0.0,0.0005
2026-06-28T21:59Z,South Africa,0.0,0.0005
2026-06-28T21:59Z,Ecuador,0.004,0.0055
2026-06-28T21:59Z,Canada,0.001,0.0025
2026-06-28T21:59Z,Ivory Coast,0.001,0.0025
2026-06-28T21:59Z,Algeria,0.0,0.0015
2026-06-28T21:59Z,Austria,0.0,0.0015
2026-06-28T21:59Z,Bosnia and Herzegovina,0.0,0.0015
2026-06-28T21:59Z,Egypt,0.0,0.0015
2026-06-28T21:59Z,Ghana,0.0,0.0015
2026-06-28T21:59Z,Sweden,0.0,0.0015
2026-06-28T21:59Z,Colombia,0.024,0.0265
2026-06-28T21:59Z,Croatia,0.0,0.0035
2026-06-28T21:59Z,Japan,0.006,0.0105
2026-06-28T21:59Z,Switzerland,0.003,0.0095
2026-06-28T21:59Z,Mexico,0.002,0.0115
2026-06-28T21:59Z,Germany,0.025,0.0385
2026-06-28T21:59Z,Norway,0.005,0.0185
2026-06-28T21:59Z,Brazil,0.044,0.0605
2026-06-28T21:59Z,United States,0.0,0.0225
2026-06-28T21:59Z,Netherlands,0.021,0.0515
2026-06-28T21:59Z,France,0.108,0.2295
2026-06-28T23:01Z,Argentina,0.314,0.2075
2026-06-28T23:01Z,Spain,0.218,0.1115
2026-06-28T23:01Z,Morocco,0.03,0.0135
2026-06-28T23:01Z,Portugal,0.065,0.0575
2026-06-28T23:01Z,Belgium,0.02,0.0135
2026-06-28T23:01Z,England,0.103,0.1025
2026-06-28T23:01Z,Australia,0.002,0.0015
2026-06-28T23:01Z,Curaçao,0.0,0.0
2026-06-28T23:01Z,Czech Republic,0.0,0.0
2026-06-28T23:01Z,Haiti,0.0,0.0
2026-06-28T23:01Z,Iran,0.0,0.0
2026-06-28T23:01Z,Iraq,0.0,0.0
2026-06-28T23:01Z,Jordan,0.0,0.0
2026-06-28T23:01Z,New Zealand,0.0,0.0
2026-06-28T23:01Z,Panama,0.0,0.0
2026-06-28T23:01Z,Qatar,0.0,0.0
2026-06-28T23:01Z,Saudi Arabia,0.0,0.0
2026-06-28T23:01Z,Scotland,0.0,0.0
2026-06-28T23:01Z,South Korea,0.0,0.0
2026-06-28T23:01Z,Tunisia,0.0,0.0
2026-06-28T23:01Z,Uruguay,0.0,0.0
2026-06-28T23:01Z,Uzbekistan,0.0,0.0
2026-06-28T23:01Z,Senegal,0.004,0.0045
2026-06-28T23:01Z,Cape Verde,0.0,0.0005
2026-06-28T23:01Z,DR Congo,0.0,0.0005
2026-06-28T23:01Z,Paraguay,0.0,0.0005
2026-06-28T23:01Z,South Africa,0.0,0.0005
2026-06-28T23:01Z,Ecuador,0.004,0.0055
2026-06-28T23:01Z,Canada,0.001,0.0025
2026-06-28T23:01Z,Ivory Coast,0.001,0.0025
2026-06-28T23:01Z,Algeria,0.0,0.0015
2026-06-28T23:01Z,Austria,0.0,0.0015
2026-06-28T23:01Z,Bosnia and Herzegovina,0.0,0.0015
2026-06-28T23:01Z,Egypt,0.0,0.0015
2026-06-28T23:01Z,Ghana,0.0,0.0015
2026-06-28T23:01Z,Sweden,0.0,0.0015
2026-06-28T23:01Z,Colombia,0.024,0.0265
2026-06-28T23:01Z,Croatia,0.0,0.0035
2026-06-28T23:01Z,Japan,0.006,0.0105
2026-06-28T23:01Z,Switzerland,0.003,0.0095
2026-06-28T23:01Z,Mexico,0.002,0.0115
2026-06-28T23:01Z,Germany,0.025,0.0375
2026-06-28T23:01Z,Norway,0.005,0.0195
2026-06-28T23:01Z,Brazil,0.044,0.0605
2026-06-28T23:01Z,United States,0.0,0.0225
2026-06-28T23:01Z,Netherlands,0.021,0.0515
2026-06-28T23:01Z,France,0.108,0.2295
2026-06-29T00:14Z,Argentina,0.314,0.2065
2026-06-29T00:14Z,Spain,0.218,0.1115
2026-06-29T00:14Z,Morocco,0.03,0.0135
2026-06-29T00:14Z,Portugal,0.065,0.0575
2026-06-29T00:14Z,Belgium,0.02,0.0135
2026-06-29T00:14Z,England,0.103,0.1025
2026-06-29T00:14Z,Australia,0.002,0.0015
2026-06-29T00:14Z,Curaçao,0.0,0.0
2026-06-29T00:14Z,Czech Republic,0.0,0.0
2026-06-29T00:14Z,Haiti,0.0,0.0
2026-06-29T00:14Z,Iran,0.0,0.0
2026-06-29T00:14Z,Iraq,0.0,0.0
2026-06-29T00:14Z,Jordan,0.0,0.0
2026-06-29T00:14Z,New Zealand,0.0,0.0
2026-06-29T00:14Z,Panama,0.0,0.0
2026-06-29T00:14Z,Qatar,0.0,0.0
2026-06-29T00:14Z,Saudi Arabia,0.0,0.0
2026-06-29T00:14Z,Scotland,0.0,0.0
2026-06-29T00:14Z,South Africa,0.0,0.0
2026-06-29T00:14Z,South Korea,0.0,0.0
2026-06-29T00:14Z,Tunisia,0.0,0.0
2026-06-29T00:14Z,Uruguay,0.0,0.0
2026-06-29T00:14Z,Uzbekistan,0.0,0.0
2026-06-29T00:14Z,Senegal,0.004,0.0045
2026-06-29T00:14Z,Cape Verde,0.0,0.0005
2026-06-29T00:14Z,DR Congo,0.0,0.0005
2026-06-29T00:14Z,Paraguay,0.0,0.0005
2026-06-29T00:14Z,Ecuador,0.004,0.0055
2026-06-29T00:14Z,Canada,0.001,0.0025
2026-06-29T00:14Z,Ivory Coast,0.001,0.0025
2026-06-29T00:14Z,Algeria,0.0,0.0015
2026-06-29T00:14Z,Austria,0.0,0.0015
2026-06-29T00:14Z,Bosnia and Herzegovina,0.0,0.0015
2026-06-29T00:14Z,Egypt,0.0,0.0015
2026-06-29T00:14Z,Ghana,0.0,0.0015
2026-06-29T00:14Z,Sweden,0.0,0.0015
2026-06-29T00:14Z,Colombia,0.024,0.0265
2026-06-29T00:14Z,Croatia,0.0,0.0035
2026-06-29T00:14Z,Japan,0.006,0.0105
2026-06-29T00:14Z,Switzerland,0.003,0.0095
2026-06-29T00:14Z,Mexico,0.002,0.0115
2026-06-29T00:14Z,Germany,0.025,0.0385
2026-06-29T00:14Z,Norway,0.005,0.0195
2026-06-29T00:14Z,Brazil,0.044,0.0595
2026-06-29T00:14Z,United States,0.0,0.0235
2026-06-29T00:14Z,Netherlands,0.021,0.0505
2026-06-29T00:14Z,France,0.108,0.2295
2026-06-29T05:02Z,Argentina,0.314,0.2075
2026-06-29T05:02Z,Spain,0.218,0.1115
2026-06-29T05:02Z,Morocco,0.03,0.0135
2026-06-29T05:02Z,Portugal,0.065,0.0575
2026-06-29T05:02Z,Belgium,0.02,0.0135
2026-06-29T05:02Z,England,0.103,0.1025
2026-06-29T05:02Z,Australia,0.002,0.0015
2026-06-29T05:02Z,Curaçao,0.0,0.0
2026-06-29T05:02Z,Czech Republic,0.0,0.0
2026-06-29T05:02Z,Haiti,0.0,0.0
2026-06-29T05:02Z,Iran,0.0,0.0
2026-06-29T05:02Z,Iraq,0.0,0.0
2026-06-29T05:02Z,Jordan,0.0,0.0
2026-06-29T05:02Z,New Zealand,0.0,0.0
2026-06-29T05:02Z,Panama,0.0,0.0
2026-06-29T05:02Z,Qatar,0.0,0.0
2026-06-29T05:02Z,Saudi Arabia,0.0,0.0
2026-06-29T05:02Z,Scotland,0.0,0.0
2026-06-29T05:02Z,South Africa,0.0,0.0
2026-06-29T05:02Z,South Korea,0.0,0.0
2026-06-29T05:02Z,Tunisia,0.0,0.0
2026-06-29T05:02Z,Uruguay,0.0,0.0
2026-06-29T05:02Z,Uzbekistan,0.0,0.0
2026-06-29T05:02Z,Senegal,0.004,0.0045
2026-06-29T05:02Z,DR Congo,0.0,0.0005
2026-06-29T05:02Z,Paraguay,0.0,0.0005
2026-06-29T05:02Z,Ecuador,0.004,0.0055
2026-06-29T05:02Z,Canada,0.001,0.0025
2026-06-29T05:02Z,Ivory Coast,0.001,0.0025
2026-06-29T05:02Z,Algeria,0.0,0.0015
2026-06-29T05:02Z,Austria,0.0,0.0015
2026-06-29T05:02Z,Bosnia and Herzegovina,0.0,0.0015
2026-06-29T05:02Z,Cape Verde,0.0,0.0015
2026-06-29T05:02Z,Egypt,0.0,0.0015
2026-06-29T05:02Z,Ghana,0.0,0.0015
2026-06-29T05:02Z,Sweden,0.0,0.0015
2026-06-29T05:02Z,Colombia,0.024,0.0265
2026-06-29T05:02Z,Croatia,0.0,0.0035
2026-06-29T05:02Z,Japan,0.006,0.0105
2026-06-29T05:02Z,Switzerland,0.003,0.0095
2026-06-29T05:02Z,Mexico,0.002,0.0125
2026-06-29T05:02Z,Brazil,0.044,0.0575
2026-06-29T05:02Z,Germany,0.025,0.0395
2026-06-29T05:02Z,Norway,0.005,0.0195
2026-06-29T05:02Z,United States,0.0,0.0245
2026-06-29T05:02Z,Netherlands,0.021,0.0505
2026-06-29T05:02Z,France,0.108,0.2295
2026-06-29T10:02Z,Spain,0.218,0.1105
2026-06-29T10:02Z,Argentina,0.314,0.2085
2026-06-29T10:02Z,Morocco,0.03,0.0135
2026-06-29T10:02Z,Belgium,0.02,0.0135
2026-06-29T10:02Z,Portugal,0.065,0.062
2026-06-29T10:02Z,England,0.103,0.1025
2026-06-29T10:02Z,Australia,0.002,0.0015
2026-06-29T10:02Z,Curaçao,0.0,0.0
2026-06-29T10:02Z,Czech Republic,0.0,0.0
2026-06-29T10:02Z,Haiti,0.0,0.0
2026-06-29T10:02Z,Iran,0.0,0.0
2026-06-29T10:02Z,Iraq,0.0,0.0
2026-06-29T10:02Z,Jordan,0.0,0.0
2026-06-29T10:02Z,New Zealand,0.0,0.0
2026-06-29T10:02Z,Panama,0.0,0.0
2026-06-29T10:02Z,Qatar,0.0,0.0
2026-06-29T10:02Z,Saudi Arabia,0.0,0.0
2026-06-29T10:02Z,Scotland,0.0,0.0
2026-06-29T10:02Z,South Africa,0.0,0.0
2026-06-29T10:02Z,South Korea,0.0,0.0
2026-06-29T10:02Z,Tunisia,0.0,0.0
2026-06-29T10:02Z,Uruguay,0.0,0.0
2026-06-29T10:02Z,Uzbekistan,0.0,0.0
2026-06-29T10:02Z,Senegal,0.004,0.0045
2026-06-29T10:02Z,Bosnia and Herzegovina,0.0,0.0005
2026-06-29T10:02Z,Cape Verde,0.0,0.0005
2026-06-29T10:02Z,DR Congo,0.0,0.0005
2026-06-29T10:02Z,Paraguay,0.0,0.0005
2026-06-29T10:02Z,Colombia,0.024,0.0255
2026-06-29T10:02Z,Ecuador,0.004,0.0055
2026-06-29T10:02Z,Canada,0.001,0.0025
2026-06-29T10:02Z,Ivory Coast,0.001,0.0025
2026-06-29T10:02Z,Algeria,0.0,0.0015
2026-06-29T10:02Z,Austria,0.0,0.0015
2026-06-29T10:02Z,Egypt,0.0,0.0015
2026-06-29T10:02Z,Ghana,0.0,0.0015
2026-06-29T10:02Z,Sweden,0.0,0.0015
2026-06-29T10:02Z,Croatia,0.0,0.0035
2026-06-29T10:02Z,Switzerland,0.003,0.0095
2026-06-29T10:02Z,Japan,0.006,0.0125
2026-06-29T10:02Z,Mexico,0.002,0.0115
2026-06-29T10:02Z,Brazil,0.044,0.0565
2026-06-29T10:02Z,Germany,0.025,0.0395
2026-06-29T10:02Z,Norway,0.005,0.0195
2026-06-29T10:02Z,United States,0.0,0.0235
2026-06-29T10:02Z,Netherlands,0.021,0.0505
2026-06-29T10:02Z,France,0.108,0.2325
2026-06-29T14:12Z,Spain,0.218,0.1115
2026-06-29T14:12Z,Argentina,0.314,0.2085
2026-06-29T14:12Z,Morocco,0.03,0.0135
2026-06-29T14:12Z,Belgium,0.02,0.0135
2026-06-29T14:12Z,Portugal,0.065,0.0585
2026-06-29T14:12Z,England,0.103,0.1025
2026-06-29T14:12Z,Australia,0.002,0.0015
2026-06-29T14:12Z,Curaçao,0.0,0.0
2026-06-29T14:12Z,Czech Republic,0.0,0.0
2026-06-29T14:12Z,Haiti,0.0,0.0
2026-06-29T14:12Z,Iran,0.0,0.0
2026-06-29T14:12Z,Iraq,0.0,0.0
2026-06-29T14:12Z,Jordan,0.0,0.0
2026-06-29T14:12Z,New Zealand,0.0,0.0
2026-06-29T14:12Z,Panama,0.0,0.0
2026-06-29T14:12Z,Qatar,0.0,0.0
2026-06-29T14:12Z,Saudi Arabia,0.0,0.0
2026-06-29T14:12Z,Scotland,0.0,0.0
2026-06-29T14:12Z,South Africa,0.0,0.0
2026-06-29T14:12Z,South Korea,0.0,0.0
2026-06-29T14:12Z,Tunisia,0.0,0.0
2026-06-29T14:12Z,Uruguay,0.0,0.0
2026-06-29T14:12Z,Uzbekistan,0.0,0.0
2026-06-29T14:12Z,Senegal,0.004,0.0045
2026-06-29T14:12Z,Bosnia and Herzegovina,0.0,0.0005
2026-06-29T14:12Z,Cape Verde,0.0,0.0005
2026-06-29T14:12Z,DR Congo,0.0,0.0005
2026-06-29T14:12Z,Paraguay,0.0,0.0005
2026-06-29T14:12Z,Colombia,0.024,0.0245
2026-06-29T14:12Z,Ecuador,0.004,0.0055
2026-06-29T14:12Z,Canada,0.001,0.0025
2026-06-29T14:12Z,Ivory Coast,0.001,0.0025
2026-06-29T14:12Z,Algeria,0.0,0.0015
2026-06-29T14:12Z,Austria,0.0,0.0015
2026-06-29T14:12Z,Egypt,0.0,0.0015
2026-06-29T14:12Z,Ghana,0.0,0.0015
2026-06-29T14:12Z,Sweden,0.0,0.0015
2026-06-29T14:12Z,Croatia,0.0,0.0035
2026-06-29T14:12Z,Japan,0.006,0.0105
2026-06-29T14:12Z,Switzerland,0.003,0.0095
2026-06-29T14:12Z,Mexico,0.002,0.0115
2026-06-29T14:12Z,Norway,0.005,0.0185
2026-06-29T14:12Z,Brazil,0.044,0.0585
2026-06-29T14:12Z,Germany,0.025,0.0405
2026-06-29T14:12Z,United States,0.0,0.0225
2026-06-29T14:12Z,Netherlands,0.021,0.0505
2026-06-29T14:12Z,France,0.108,0.2345
2026-06-29T17:15Z,Spain,0.218,0.1115
2026-06-29T17:15Z,Argentina,0.314,0.2085
2026-06-29T17:15Z,Morocco,0.03,0.0125
2026-06-29T17:15Z,Portugal,0.065,0.0575
2026-06-29T17:15Z,Belgium,0.02,0.0135
2026-06-29T17:15Z,England,0.103,0.1025
2026-06-29T17:15Z,Australia,0.002,0.0015
2026-06-29T17:15Z,Curaçao,0.0,0.0
2026-06-29T17:15Z,Czech Republic,0.0,0.0
2026-06-29T17:15Z,Haiti,0.0,0.0
2026-06-29T17:15Z,Iran,0.0,0.0
2026-06-29T17:15Z,Iraq,0.0,0.0
2026-06-29T17:15Z,Jordan,0.0,0.0
2026-06-29T17:15Z,New Zealand,0.0,0.0
2026-06-29T17:15Z,Panama,0.0,0.0
2026-06-29T17:15Z,Qatar,0.0,0.0
2026-06-29T17:15Z,Saudi Arabia,0.0,0.0
2026-06-29T17:15Z,Scotland,0.0,0.0
2026-06-29T17:15Z,South Africa,0.0,0.0
2026-06-29T17:15Z,South Korea,0.0,0.0
2026-06-29T17:15Z,Tunisia,0.0,0.0
2026-06-29T17:15Z,Uruguay,0.0,0.0
2026-06-29T17:15Z,Uzbekistan,0.0,0.0
2026-06-29T17:15Z,Senegal,0.004,0.0045
2026-06-29T17:15Z,Algeria,0.0,0.0005
2026-06-29T17:15Z,Bosnia and Herzegovina,0.0,0.0005
2026-06-29T17:15Z,Cape Verde,0.0,0.0005
2026-06-29T17:15Z,DR Congo,0.0,0.0005
2026-06-29T17:15Z,Ghana,0.0,0.0005
2026-06-29T17:15Z,Paraguay,0.0,0.0005
2026-06-29T17:15Z,Colombia,0.024,0.0245
2026-06-29T17:15Z,Ecuador,0.004,0.0055
2026-06-29T17:15Z,Canada,0.001,0.0025
2026-06-29T17:15Z,Ivory Coast,0.001,0.0025
2026-06-29T17:15Z,Austria,0.0,0.0015
2026-06-29T17:15Z,Egypt,0.0,0.0015
2026-06-29T17:15Z,Sweden,0.0,0.0015
2026-06-29T17:15Z,Croatia,0.0,0.0035
2026-06-29T17:15Z,Japan,0.006,0.0115
2026-06-29T17:15Z,Switzerland,0.003,0.0085
2026-06-29T17:15Z,Mexico,0.002,0.0115
2026-06-29T17:15Z,Norway,0.005,0.0185
2026-06-29T17:15Z,Brazil,0.044,0.0605
2026-06-29T17:15Z,Germany,0.025,0.0445
2026-06-29T17:15Z,United States,0.0,0.0235
2026-06-29T17:15Z,Netherlands,0.021,0.0505
2026-06-29T17:15Z,France,0.108,0.2355
2026-06-29T19:18Z,Spain,0.226,0.1105
2026-06-29T19:18Z,Argentina,0.311,0.1965
2026-06-29T19:18Z,Morocco,0.035,0.0125
2026-06-29T19:18Z,Belgium,0.024,0.0135
2026-06-29T19:18Z,Colombia,0.034,0.0245
2026-06-29T19:18Z,Japan,0.004,0.0005
2026-06-29T19:18Z,Curaçao,0.0,0.0
2026-06-29T19:18Z,Czech Republic,0.0,0.0
2026-06-29T19:18Z,Haiti,0.0,0.0
2026-06-29T19:18Z,Iran,0.0,0.0
2026-06-29T19:18Z,Iraq,0.0,0.0
2026-06-29T19:18Z,Jordan,0.0,0.0
2026-06-29T19:18Z,New Zealand,0.0,0.0
2026-06-29T19:18Z,Panama,0.0,0.0
2026-06-29T19:18Z,Qatar,0.0,0.0
2026-06-29T19:18Z,Saudi Arabia,0.0,0.0
2026-06-29T19:18Z,Scotland,0.0,0.0
2026-06-29T19:18Z,South Africa,0.0,0.0
2026-06-29T19:18Z,South Korea,0.0,0.0
2026-06-29T19:18Z,Tunisia,0.0,0.0
2026-06-29T19:18Z,Uruguay,0.0,0.0
2026-06-29T19:18Z,Uzbekistan,0.0,0.0
2026-06-29T19:18Z,Australia,0.001,0.0015
2026-06-29T19:18Z,Bosnia and Herzegovina,0.0,0.0005
2026-06-29T19:18Z,Cape Verde,0.0,0.0005
2026-06-29T19:18Z,DR Congo,0.0,0.0005
2026-06-29T19:18Z,Ghana,0.0,0.0005
2026-06-29T19:18Z,Paraguay,0.0,0.0005
2026-06-29T19:18Z,Switzerland,0.008,0.0085
2026-06-29T19:18Z,Senegal,0.003,0.0045
2026-06-29T19:18Z,Croatia,0.002,0.0035
2026-06-29T19:18Z,Algeria,0.0,0.0015
2026-06-29T19:18Z,Austria,0.0,0.0015
2026-06-29T19:18Z,Egypt,0.0,0.0015
2026-06-29T19:18Z,Sweden,0.0,0.0015
2026-06-29T19:18Z,Ecuador,0.003,0.0055
2026-06-29T19:18Z,Canada,0.0,0.0025
2026-06-29T19:18Z,Ivory Coast,0.0,0.0025
2026-06-29T19:18Z,Portugal,0.058,0.0635
2026-06-29T19:18Z,England,0.094,0.1025
2026-06-29T19:18Z,Mexico,0.001,0.0125
2026-06-29T19:18Z,Norway,0.006,0.0215
2026-06-29T19:18Z,Germany,0.021,0.0445
2026-06-29T19:18Z,United States,0.0,0.0235
2026-06-29T19:18Z,Brazil,0.047,0.0715
2026-06-29T19:18Z,Netherlands,0.02,0.0505
2026-06-29T19:18Z,France,0.102,0.2355
2026-06-29T21:00Z,Argentina,0.311,0.1955
2026-06-29T21:00Z,Spain,0.226,0.1115
2026-06-29T21:00Z,Morocco,0.035,0.0125
2026-06-29T21:00Z,Belgium,0.024,0.0135
2026-06-29T21:00Z,Colombia,0.034,0.0245
2026-06-29T21:00Z,Japan,0.004,0.0005
2026-06-29T21:00Z,Curaçao,0.0,0.0
2026-06-29T21:00Z,Czech Republic,0.0,0.0
2026-06-29T21:00Z,Haiti,0.0,0.0
2026-06-29T21:00Z,Iran,0.0,0.0
2026-06-29T21:00Z,Iraq,0.0,0.0
2026-06-29T21:00Z,Jordan,0.0,0.0
2026-06-29T21:00Z,New Zealand,0.0,0.0
2026-06-29T21:00Z,Panama,0.0,0.0
2026-06-29T21:00Z,Qatar,0.0,0.0
2026-06-29T21:00Z,Saudi Arabia,0.0,0.0
2026-06-29T21:00Z,Scotland,0.0,0.0
2026-06-29T21:00Z,South Africa,0.0,0.0
2026-06-29T21:00Z,South Korea,0.0,0.0
2026-06-29T21:00Z,Tunisia,0.0,0.0
2026-06-29T21:00Z,Uruguay,0.0,0.0
2026-06-29T21:00Z,Uzbekistan,0.0,0.0
2026-06-29T21:00Z,Australia,0.001,0.0015
2026-06-29T21:00Z,Bosnia and Herzegovina,0.0,0.0005
2026-06-29T21:00Z,Cape Verde,0.0,0.0005
2026-06-29T21:00Z,DR Congo,0.0,0.0005
2026-06-29T21:00Z,Ghana,0.0,0.0005
2026-06-29T21:00Z,Paraguay,0.0,0.0005
2026-06-29T21:00Z,Switzerland,0.008,0.0085
2026-06-29T21:00Z,Senegal,0.003,0.0045
2026-06-29T21:00Z,Croatia,0.002,0.0035
2026-06-29T21:00Z,Algeria,0.0,0.0015
2026-06-29T21:00Z,Austria,0.0,0.0015
2026-06-29T21:00Z,Egypt,0.0,0.0015
2026-06-29T21:00Z,Sweden,0.0,0.0015
2026-06-29T21:00Z,Ecuador,0.003,0.0055
2026-06-29T21:00Z,Canada,0.0,0.0025
2026-06-29T21:00Z,Ivory Coast,0.0,0.0025
2026-06-29T21:00Z,Portugal,0.058,0.0635
2026-06-29T21:00Z,England,0.094,0.1025
2026-06-29T21:00Z,Mexico,0.001,0.0125
2026-06-29T21:00Z,Norway,0.006,0.0215
2026-06-29T21:00Z,Germany,0.021,0.0435
2026-06-29T21:00Z,Brazil,0.047,0.0705
2026-06-29T21:00Z,United States,0.0,0.0235
2026-06-29T21:00Z,Netherlands,0.02,0.0505
2026-06-29T21:00Z,France,0.102,0.2345
2026-06-29T22:10Z,Argentina,0.311,0.1945
2026-06-29T22:10Z,Spain,0.226,0.1115
2026-06-29T22:10Z,Morocco,0.035,0.0125
2026-06-29T22:10Z,Belgium,0.024,0.0135
2026-06-29T22:10Z,Colombia,0.034,0.0245
2026-06-29T22:10Z,Japan,0.004,0.0005
2026-06-29T22:10Z,Curaçao,0.0,0.0
2026-06-29T22:10Z,Czech Republic,0.0,0.0
2026-06-29T22:10Z,Haiti,0.0,0.0
2026-06-29T22:10Z,Iran,0.0,0.0
2026-06-29T22:10Z,Iraq,0.0,0.0
2026-06-29T22:10Z,Jordan,0.0,0.0
2026-06-29T22:10Z,New Zealand,0.0,0.0
2026-06-29T22:10Z,Panama,0.0,0.0
2026-06-29T22:10Z,Qatar,0.0,0.0
2026-06-29T22:10Z,Saudi Arabia,0.0,0.0
2026-06-29T22:10Z,Scotland,0.0,0.0
2026-06-29T22:10Z,South Africa,0.0,0.0
2026-06-29T22:10Z,South Korea,0.0,0.0
2026-06-29T22:10Z,Tunisia,0.0,0.0
2026-06-29T22:10Z,Uruguay,0.0,0.0
2026-06-29T22:10Z,Uzbekistan,0.0,0.0
2026-06-29T22:10Z,Australia,0.001,0.0015
2026-06-29T22:10Z,Bosnia and Herzegovina,0.0,0.0005
2026-06-29T22:10Z,Cape Verde,0.0,0.0005
2026-06-29T22:10Z,DR Congo,0.0,0.0005
2026-06-29T22:10Z,Ghana,0.0,0.0005
2026-06-29T22:10Z,Paraguay,0.0,0.0005
2026-06-29T22:10Z,Switzerland,0.008,0.0085
2026-06-29T22:10Z,Senegal,0.003,0.0045
2026-06-29T22:10Z,Algeria,0.0,0.0015
2026-06-29T22:10Z,Austria,0.0,0.0015
2026-06-29T22:10Z,Egypt,0.0,0.0015
2026-06-29T22:10Z,Sweden,0.0,0.0015
2026-06-29T22:10Z,Ecuador,0.003,0.0055
2026-06-29T22:10Z,Croatia,0.002,0.0045
2026-06-29T22:10Z,Canada,0.0,0.0025
2026-06-29T22:10Z,Ivory Coast,0.0,0.0025
2026-06-29T22:10Z,Portugal,0.058,0.0635
2026-06-29T22:10Z,England,0.094,0.1025
2026-06-29T22:10Z,Mexico,0.001,0.0125
2026-06-29T22:10Z,Norway,0.006,0.0205
2026-06-29T22:10Z,Germany,0.021,0.0395
2026-06-29T22:10Z,Brazil,0.047,0.0705
2026-06-29T22:10Z,United States,0.0,0.0235
2026-06-29T22:10Z,Netherlands,0.02,0.0505
2026-06-29T22:10Z,France,0.102,0.2295
2026-06-29T23:19Z,Argentina,0.311,0.1955
2026-06-29T23:19Z,Spain,0.226,0.1145
2026-06-29T23:19Z,Morocco,0.035,0.0115
2026-06-29T23:19Z,Belgium,0.024,0.0135
2026-06-29T23:19Z,Colombia,0.034,0.0245
2026-06-29T23:19Z,Germany,0.021,0.0165
2026-06-29T23:19Z,Japan,0.004,0.0
2026-06-29T23:19Z,Curaçao,0.0,0.0
2026-06-29T23:19Z,Czech Republic,0.0,0.0
2026-06-29T23:19Z,Haiti,0.0,0.0
2026-06-29T23:19Z,Iran,0.0,0.0
2026-06-29T23:19Z,Iraq,0.0,0.0
2026-06-29T23:19Z,Jordan,0.0,0.0
2026-06-29T23:19Z,New Zealand,0.0,0.0
2026-06-29T23:19Z,Panama,0.0,0.0
2026-06-29T23:19Z,Qatar,0.0,0.0
2026-06-29T23:19Z,Saudi Arabia,0.0,0.0
2026-06-29T23:19Z,Scotland,0.0,0.0
2026-06-29T23:19Z,South Africa,0.0,0.0
2026-06-29T23:19Z,South Korea,0.0,0.0
2026-06-29T23:19Z,Tunisia,0.0,0.0
2026-06-29T23:19Z,Uruguay,0.0,0.0
2026-06-29T23:19Z,Uzbekistan,0.0,0.0
2026-06-29T23:19Z,Australia,0.001,0.0015
2026-06-29T23:19Z,Bosnia and Herzegovina,0.0,0.0005
2026-06-29T23:19Z,Cape Verde,0.0,0.0005
2026-06-29T23:19Z,DR Congo,0.0,0.0005
2026-06-29T23:19Z,Ghana,0.0,0.0005
2026-06-29T23:19Z,Switzerland,0.008,0.0085
2026-06-29T23:19Z,Senegal,0.003,0.0045
2026-06-29T23:19Z,Algeria,0.0,0.0015
2026-06-29T23:19Z,Austria,0.0,0.0015
2026-06-29T23:19Z,Egypt,0.0,0.0015
2026-06-29T23:19Z,Paraguay,0.0,0.0015
2026-06-29T23:19Z,Sweden,0.0,0.0015
2026-06-29T23:19Z,Ecuador,0.003,0.0055
2026-06-29T23:19Z,Croatia,0.002,0.0045
2026-06-29T23:19Z,Canada,0.0,0.0025
2026-06-29T23:19Z,Ivory Coast,0.0,0.0025
2026-06-29T23:19Z,Portugal,0.058,0.0635
2026-06-29T23:19Z,England,0.094,0.1025
2026-06-29T23:19Z,Mexico,0.001,0.0125
2026-06-29T23:19Z,Norway,0.006,0.0205
2026-06-29T23:19Z,United States,0.0,0.0225
2026-06-29T23:19Z,Brazil,0.047,0.0705
2026-06-29T23:19Z,Netherlands,0.02,0.0445
2026-06-29T23:19Z,France,0.102,0.2355
2026-06-30T01:29Z,Spain,0.226,0.1135
2026-06-30T01:29Z,Argentina,0.311,0.2035
2026-06-30T01:29Z,Germany,0.021,0.0005
2026-06-30T01:29Z,Morocco,0.035,0.019
2026-06-30T01:29Z,Belgium,0.024,0.0135
2026-06-30T01:29Z,Portugal,0.058,0.0495
2026-06-30T01:29Z,Colombia,0.034,0.0265
2026-06-30T01:29Z,Japan,0.004,0.0
2026-06-30T01:29Z,Curaçao,0.0,0.0
2026-06-30T01:29Z,Czech Republic,0.0,0.0
2026-06-30T01:29Z,Haiti,0.0,0.0
2026-06-30T01:29Z,Iran,0.0,0.0
2026-06-30T01:29Z,Iraq,0.0,0.0
2026-06-30T01:29Z,Jordan,0.0,0.0
2026-06-30T01:29Z,New Zealand,0.0,0.0
2026-06-30T01:29Z,Panama,0.0,0.0
2026-06-30T01:29Z,Qatar,0.0,0.0
2026-06-30T01:29Z,Saudi Arabia,0.0,0.0
2026-06-30T01:29Z,Scotland,0.0,0.0
2026-06-30T01:29Z,South Africa,0.0,0.0
2026-06-30T01:29Z,South Korea,0.0,0.0
2026-06-30T01:29Z,Tunisia,0.0,0.0
2026-06-30T01:29Z,Uruguay,0.0,0.0
2026-06-30T01:29Z,Uzbekistan,0.0,0.0
2026-06-30T01:29Z,Australia,0.001,0.0015
2026-06-30T01:29Z,Bosnia and Herzegovina,0.0,0.0005
2026-06-30T01:29Z,Cape Verde,0.0,0.0005
2026-06-30T01:29Z,DR Congo,0.0,0.0005
2026-06-30T01:29Z,Ghana,0.0,0.0005
2026-06-30T01:29Z,Switzerland,0.008,0.0085
2026-06-30T01:29Z,Senegal,0.003,0.0045
2026-06-30T01:29Z,Croatia,0.002,0.0035
2026-06-30T01:29Z,Algeria,0.0,0.0015
2026-06-30T01:29Z,Austria,0.0,0.0015
2026-06-30T01:29Z,Egypt,0.0,0.0015
2026-06-30T01:29Z,Sweden,0.0,0.0015
2026-06-30T01:29Z,Ecuador,0.003,0.0055
2026-06-30T01:29Z,Canada,0.0,0.0025
2026-06-30T01:29Z,Ivory Coast,0.0,0.0025
2026-06-30T01:29Z,Paraguay,0.0,0.0025
2026-06-30T01:29Z,England,0.094,0.1015
2026-06-30T01:29Z,Mexico,0.001,0.0125
2026-06-30T01:29Z,Norway,0.006,0.0225
2026-06-30T01:29Z,Brazil,0.047,0.0705
2026-06-30T01:29Z,United States,0.0,0.0235
2026-06-30T01:29Z,Netherlands,0.02,0.0465
2026-06-30T01:29Z,France,0.102,0.2705
2026-06-30T05:53Z,Argentina,0.311,0.1955
2026-06-30T05:53Z,Spain,0.226,0.1125
2026-06-30T05:53Z,Germany,0.021,0.0
2026-06-30T05:53Z,Netherlands,0.02,0.0005
2026-06-30T05:53Z,Belgium,0.024,0.0135
2026-06-30T05:53Z,Colombia,0.034,0.0275
2026-06-30T05:53Z,Japan,0.004,0.0
2026-06-30T05:53Z,Curaçao,0.0,0.0
2026-06-30T05:53Z,Czech Republic,0.0,0.0
2026-06-30T05:53Z,Haiti,0.0,0.0
2026-06-30T05:53Z,Iran,0.0,0.0
2026-06-30T05:53Z,Iraq,0.0,0.0
2026-06-30T05:53Z,Jordan,0.0,0.0
2026-06-30T05:53Z,New Zealand,0.0,0.0
2026-06-30T05:53Z,Panama,0.0,0.0
2026-06-30T05:53Z,Qatar,0.0,0.0
2026-06-30T05:53Z,Saudi Arabia,0.0,0.0
2026-06-30T05:53Z,Scotland,0.0,0.0
2026-06-30T05:53Z,South Africa,0.0,0.0
2026-06-30T05:53Z,South Korea,0.0,0.0
2026-06-30T05:53Z,Tunisia,0.0,0.0
2026-06-30T05:53Z,Uruguay,0.0,0.0
2026-06-30T05:53Z,Uzbekistan,0.0,0.0
2026-06-30T05:53Z,Australia,0.001,0.0015
2026-06-30T05:53Z,Bosnia and Herzegovina,0.0,0.0005
2026-06-30T05:53Z,Cape Verde,0.0,0.0005
2026-06-30T05:53Z,DR Congo,0.0,0.0005
2026-06-30T05:53Z,Ghana,0.0,0.0005
2026-06-30T05:53Z,Switzerland,0.008,0.0085
2026-06-30T05:53Z,Senegal,0.003,0.0045
2026-06-30T05:53Z,Croatia,0.002,0.0035
2026-06-30T05:53Z,Algeria,0.0,0.0015
2026-06-30T05:53Z,Austria,0.0,0.0015
2026-06-30T05:53Z,Egypt,0.0,0.0015
2026-06-30T05:53Z,Sweden,0.0,0.0015
2026-06-30T05:53Z,Portugal,0.058,0.0605
2026-06-30T05:53Z,Ecuador,0.003,0.0055
2026-06-30T05:53Z,Canada,0.0,0.0025
2026-06-30T05:53Z,Paraguay,0.0,0.0025
2026-06-30T05:53Z,Ivory Coast,0.0,0.0035
2026-06-30T05:53Z,Morocco,0.035,0.0405
2026-06-30T05:53Z,England,0.094,0.1015
2026-06-30T05:53Z,Mexico,0.001,0.0145
2026-06-30T05:53Z,Norway,0.006,0.0215
2026-06-30T05:53Z,Brazil,0.047,0.0705
2026-06-30T05:53Z,United States,0.0,0.0275
2026-06-30T05:53Z,France,0.102,0.2765
2026-06-30T09:01Z,Argentina,0.311,0.1935
2026-06-30T09:01Z,Spain,0.226,0.1125
2026-06-30T09:01Z,Germany,0.021,0.0
2026-06-30T09:01Z,Netherlands,0.02,0.0
2026-06-30T09:01Z,Belgium,0.024,0.0135
2026-06-30T09:01Z,Colombia,0.034,0.0275
2026-06-30T09:01Z,Japan,0.004,0.0
2026-06-30T09:01Z,Curaçao,0.0,0.0
2026-06-30T09:01Z,Czech Republic,0.0,0.0
2026-06-30T09:01Z,Haiti,0.0,0.0
2026-06-30T09:01Z,Iran,0.0,0.0
2026-06-30T09:01Z,Iraq,0.0,0.0
2026-06-30T09:01Z,Jordan,0.0,0.0
2026-06-30T09:01Z,New Zealand,0.0,0.0
2026-06-30T09:01Z,Panama,0.0,0.0
2026-06-30T09:01Z,Qatar,0.0,0.0
2026-06-30T09:01Z,Saudi Arabia,0.0,0.0
2026-06-30T09:01Z,Scotland,0.0,0.0
2026-06-30T09:01Z,South Africa,0.0,0.0
2026-06-30T09:01Z,South Korea,0.0,0.0
2026-06-30T09:01Z,Tunisia,0.0,0.0
2026-06-30T09:01Z,Uruguay,0.0,0.0
2026-06-30T09:01Z,Uzbekistan,0.0,0.0
2026-06-30T09:01Z,Australia,0.001,0.0015
2026-06-30T09:01Z,Bosnia and Herzegovina,0.0,0.0005
2026-06-30T09:01Z,Cape Verde,0.0,0.0005
2026-06-30T09:01Z,DR Congo,0.0,0.0005
2026-06-30T09:01Z,Egypt,0.0,0.0005
2026-06-30T09:01Z,Ghana,0.0,0.0005
2026-06-30T09:01Z,Switzerland,0.008,0.0085
2026-06-30T09:01Z,Senegal,0.003,0.0045
2026-06-30T09:01Z,Algeria,0.0,0.0015
2026-06-30T09:01Z,Austria,0.0,0.0015
2026-06-30T09:01Z,Sweden,0.0,0.0015
2026-06-30T09:01Z,Morocco,0.035,0.0375
2026-06-30T09:01Z,Ecuador,0.003,0.0055
2026-06-30T09:01Z,Croatia,0.002,0.0045
2026-06-30T09:01Z,Canada,0.0,0.0025
2026-06-30T09:01Z,Paraguay,0.0,0.0025
2026-06-30T09:01Z,Ivory Coast,0.0,0.0035
2026-06-30T09:01Z,Portugal,0.058,0.0645
2026-06-30T09:01Z,England,0.094,0.1005
2026-06-30T09:01Z,Norway,0.006,0.0185
2026-06-30T09:01Z,Mexico,0.001,0.0175
2026-06-30T09:01Z,Brazil,0.047,0.0705
2026-06-30T09:01Z,United States,0.0,0.0275
2026-06-30T09:01Z,France,0.102,0.2885
2026-06-30T11:49Z,Argentina,0.311,0.1935
2026-06-30T11:49Z,Spain,0.226,0.1125
2026-06-30T11:49Z,Germany,0.021,0.0
2026-06-30T11:49Z,Netherlands,0.02,0.0
2026-06-30T11:49Z,Belgium,0.024,0.0135
2026-06-30T11:49Z,Colombia,0.034,0.0275
2026-06-30T11:49Z,Japan,0.004,0.0
2026-06-30T11:49Z,Curaçao,0.0,0.0
2026-06-30T11:49Z,Czech Republic,0.0,0.0
2026-06-30T11:49Z,Haiti,0.0,0.0
2026-06-30T11:49Z,Iran,0.0,0.0
2026-06-30T11:49Z,Iraq,0.0,0.0
2026-06-30T11:49Z,Jordan,0.0,0.0
2026-06-30T11:49Z,New Zealand,0.0,0.0
2026-06-30T11:49Z,Panama,0.0,0.0
2026-06-30T11:49Z,Qatar,0.0,0.0
2026-06-30T11:49Z,Saudi Arabia,0.0,0.0
2026-06-30T11:49Z,Scotland,0.0,0.0
2026-06-30T11:49Z,South Africa,0.0,0.0
2026-06-30T11:49Z,South Korea,0.0,0.0
2026-06-30T11:49Z,Tunisia,0.0,0.0
2026-06-30T11:49Z,Uruguay,0.0,0.0
2026-06-30T11:49Z,Uzbekistan,0.0,0.0
2026-06-30T11:49Z,Australia,0.001,0.0015
2026-06-30T11:49Z,Bosnia and Herzegovina,0.0,0.0005
2026-06-30T11:49Z,Cape Verde,0.0,0.0005
2026-06-30T11:49Z,DR Congo,0.0,0.0005
2026-06-30T11:49Z,Ghana,0.0,0.0005
2026-06-30T11:49Z,Switzerland,0.008,0.0085
2026-06-30T11:49Z,Senegal,0.003,0.0045
2026-06-30T11:49Z,Algeria,0.0,0.0015
2026-06-30T11:49Z,Austria,0.0,0.0015
2026-06-30T11:49Z,Egypt,0.0,0.0015
2026-06-30T11:49Z,Sweden,0.0,0.0015
2026-06-30T11:49Z,Morocco,0.035,0.0375
2026-06-30T11:49Z,Ecuador,0.003,0.0055
2026-06-30T11:49Z,Croatia,0.002,0.0045
2026-06-30T11:49Z,Canada,0.0,0.0025
2026-06-30T11:49Z,Paraguay,0.0,0.0025
2026-06-30T11:49Z,Portugal,0.058,0.0615
2026-06-30T11:49Z,Ivory Coast,0.0,0.0035
2026-06-30T11:49Z,England,0.094,0.1005
2026-06-30T11:49Z,Norway,0.006,0.0195
2026-06-30T11:49Z,Mexico,0.001,0.017
2026-06-30T11:49Z,Brazil,0.047,0.0705
2026-06-30T11:49Z,United States,0.0,0.0275
2026-06-30T11:49Z,France,0.102,0.2885
2026-06-30T14:04Z,Argentina,0.311,0.1935
2026-06-30T14:04Z,Spain,0.226,0.1135
2026-06-30T14:04Z,Germany,0.021,0.0
2026-06-30T14:04Z,Netherlands,0.02,0.0
2026-06-30T14:04Z,Belgium,0.024,0.0135
2026-06-30T14:04Z,Colombia,0.034,0.0275
2026-06-30T14:04Z,Japan,0.004,0.0
2026-06-30T14:04Z,Portugal,0.058,0.0575
2026-06-30T14:04Z,Curaçao,0.0,0.0
2026-06-30T14:04Z,Czech Republic,0.0,0.0
2026-06-30T14:04Z,Haiti,0.0,0.0
2026-06-30T14:04Z,Iran,0.0,0.0
2026-06-30T14:04Z,Iraq,0.0,0.0
2026-06-30T14:04Z,Jordan,0.0,0.0
2026-06-30T14:04Z,New Zealand,0.0,0.0
2026-06-30T14:04Z,Panama,0.0,0.0
2026-06-30T14:04Z,Qatar,0.0,0.0
2026-06-30T14:04Z,Saudi Arabia,0.0,0.0
2026-06-30T14:04Z,Scotland,0.0,0.0
2026-06-30T14:04Z,South Africa,0.0,0.0
2026-06-30T14:04Z,South Korea,0.0,0.0
2026-06-30T14:04Z,Tunisia,0.0,0.0
2026-06-30T14:04Z,Uruguay,0.0,0.0
2026-06-30T14:04Z,Uzbekistan,0.0,0.0
2026-06-30T14:04Z,Australia,0.001,0.0015
2026-06-30T14:04Z,Bosnia and Herzegovina,0.0,0.0005
2026-06-30T14:04Z,Cape Verde,0.0,0.0005
2026-06-30T14:04Z,DR Congo,0.0,0.0005
2026-06-30T14:04Z,Ghana,0.0,0.0005
2026-06-30T14:04Z,Switzerland,0.008,0.0085
2026-06-30T14:04Z,Senegal,0.003,0.0045
2026-06-30T14:04Z,Algeria,0.0,0.0015
2026-06-30T14:04Z,Austria,0.0,0.0015
2026-06-30T14:04Z,Egypt,0.0,0.0015
2026-06-30T14:04Z,Sweden,0.0,0.0015
2026-06-30T14:04Z,Morocco,0.035,0.0375
2026-06-30T14:04Z,Ecuador,0.003,0.0055
2026-06-30T14:04Z,Croatia,0.002,0.0045
2026-06-30T14:04Z,Canada,0.0,0.0025
2026-06-30T14:04Z,Paraguay,0.0,0.0025
2026-06-30T14:04Z,Ivory Coast,0.0,0.0035
2026-06-30T14:04Z,England,0.094,0.0995
2026-06-30T14:04Z,Norway,0.006,0.0195
2026-06-30T14:04Z,Mexico,0.001,0.0165
2026-06-30T14:04Z,Brazil,0.047,0.0705
2026-06-30T14:04Z,United States,0.0,0.0275
2026-06-30T14:04Z,France,0.102,0.2805
2026-06-30T16:35Z,Argentina,0.311,0.1935
2026-06-30T16:35Z,Spain,0.226,0.1135
2026-06-30T16:35Z,Germany,0.021,0.0
2026-06-30T16:35Z,Netherlands,0.02,0.0
2026-06-30T16:35Z,Belgium,0.024,0.0125
2026-06-30T16:35Z,Colombia,0.034,0.0275
2026-06-30T16:35Z,Japan,0.004,0.0
2026-06-30T16:35Z,Curaçao,0.0,0.0
2026-06-30T16:35Z,Czech Republic,0.0,0.0
2026-06-30T16:35Z,Haiti,0.0,0.0
2026-06-30T16:35Z,Iran,0.0,0.0
2026-06-30T16:35Z,Iraq,0.0,0.0
2026-06-30T16:35Z,Jordan,0.0,0.0
2026-06-30T16:35Z,New Zealand,0.0,0.0
2026-06-30T16:35Z,Panama,0.0,0.0
2026-06-30T16:35Z,Qatar,0.0,0.0
2026-06-30T16:35Z,Saudi Arabia,0.0,0.0
2026-06-30T16:35Z,Scotland,0.0,0.0
2026-06-30T16:35Z,South Africa,0.0,0.0
2026-06-30T16:35Z,South Korea,0.0,0.0
2026-06-30T16:35Z,Tunisia,0.0,0.0
2026-06-30T16:35Z,Uruguay,0.0,0.0
2026-06-30T16:35Z,Uzbekistan,0.0,0.0
2026-06-30T16:35Z,Australia,0.001,0.0015
2026-06-30T16:35Z,Bosnia and Herzegovina,0.0,0.0005
2026-06-30T16:35Z,Cape Verde,0.0,0.0005
2026-06-30T16:35Z,DR Congo,0.0,0.0005
2026-06-30T16:35Z,Switzerland,0.008,0.0085
2026-06-30T16:35Z,Ghana,0.0,0.001
2026-06-30T16:35Z,Senegal,0.003,0.0045
2026-06-30T16:35Z,Algeria,0.0,0.0015
2026-06-30T16:35Z,Austria,0.0,0.0015
2026-06-30T16:35Z,Egypt,0.0,0.0015
2026-06-30T16:35Z,Sweden,0.0,0.0015
2026-06-30T16:35Z,Morocco,0.035,0.0375
2026-06-30T16:35Z,Ecuador,0.003,0.0055
2026-06-30T16:35Z,Croatia,0.002,0.0045
2026-06-30T16:35Z,Canada,0.0,0.0025
2026-06-30T16:35Z,Paraguay,0.0,0.0025
2026-06-30T16:35Z,Portugal,0.058,0.061
2026-06-30T16:35Z,Ivory Coast,0.0,0.0035
2026-06-30T16:35Z,England,0.094,0.0995
2026-06-30T16:35Z,Norway,0.006,0.0205
2026-06-30T16:35Z,Mexico,0.001,0.0165
2026-06-30T16:35Z,Brazil,0.047,0.0705
2026-06-30T16:35Z,United States,0.0,0.0275
2026-06-30T16:35Z,France,0.102,0.2805
2026-06-30T18:23Z,Argentina,0.311,0.1935
2026-06-30T18:23Z,Spain,0.226,0.1135
2026-06-30T18:23Z,Germany,0.021,0.0
2026-06-30T18:23Z,Netherlands,0.02,0.0
2026-06-30T18:23Z,Belgium,0.024,0.0125
2026-06-30T18:23Z,Colombia,0.034,0.0275
2026-06-30T18:23Z,Japan,0.004,0.0
2026-06-30T18:23Z,Curaçao,0.0,0.0
2026-06-30T18:23Z,Czech Republic,0.0,0.0
2026-06-30T18:23Z,Haiti,0.0,0.0
2026-06-30T18:23Z,Iran,0.0,0.0
2026-06-30T18:23Z,Iraq,0.0,0.0
2026-06-30T18:23Z,Jordan,0.0,0.0
2026-06-30T18:23Z,New Zealand,0.0,0.0
2026-06-30T18:23Z,Panama,0.0,0.0
2026-06-30T18:23Z,Qatar,0.0,0.0
2026-06-30T18:23Z,Saudi Arabia,0.0,0.0
2026-06-30T18:23Z,Scotland,0.0,0.0
2026-06-30T18:23Z,South Africa,0.0,0.0
2026-06-30T18:23Z,South Korea,0.0,0.0
2026-06-30T18:23Z,Tunisia,0.0,0.0
2026-06-30T18:23Z,Uruguay,0.0,0.0
2026-06-30T18:23Z,Uzbekistan,0.0,0.0
2026-06-30T18:23Z,Australia,0.001,0.0015
2026-06-30T18:23Z,Bosnia and Herzegovina,0.0,0.0005
2026-06-30T18:23Z,Cape Verde,0.0,0.0005
2026-06-30T18:23Z,DR Congo,0.0,0.0005
2026-06-30T18:23Z,Ghana,0.0,0.0005
2026-06-30T18:23Z,Switzerland,0.008,0.0085
2026-06-30T18:23Z,Portugal,0.058,0.0595
2026-06-30T18:23Z,Senegal,0.003,0.0045
2026-06-30T18:23Z,Algeria,0.0,0.0015
2026-06-30T18:23Z,Austria,0.0,0.0015
2026-06-30T18:23Z,Egypt,0.0,0.0015
2026-06-30T18:23Z,Sweden,0.0,0.0015
2026-06-30T18:23Z,Ivory Coast,0.0,0.002
2026-06-30T18:23Z,Morocco,0.035,0.0375
2026-06-30T18:23Z,Ecuador,0.003,0.0055
2026-06-30T18:23Z,Croatia,0.002,0.0045
2026-06-30T18:23Z,Canada,0.0,0.0025
2026-06-30T18:23Z,Paraguay,0.0,0.0025
2026-06-30T18:23Z,England,0.094,0.0995
2026-06-30T18:23Z,Mexico,0.001,0.0165
2026-06-30T18:23Z,Norway,0.006,0.0245
2026-06-30T18:23Z,Brazil,0.047,0.0705
2026-06-30T18:23Z,United States,0.0,0.0275
2026-06-30T18:23Z,France,0.102,0.2845
2026-06-30T20:34Z,Argentina,0.319,0.1935
2026-06-30T20:34Z,Spain,0.215,0.1115
2026-06-30T20:34Z,Netherlands,0.024,0.0
2026-06-30T20:34Z,Germany,0.02,0.0
2026-06-30T20:34Z,Belgium,0.021,0.0125
2026-06-30T20:34Z,England,0.104,0.0995
2026-06-30T20:34Z,Japan,0.004,0.0
2026-06-30T20:34Z,Australia,0.002,0.0015
2026-06-30T20:34Z,Austria,0.002,0.0015
2026-06-30T20:34Z,Curaçao,0.0,0.0
2026-06-30T20:34Z,Czech Republic,0.0,0.0
2026-06-30T20:34Z,Haiti,0.0,0.0
2026-06-30T20:34Z,Iran,0.0,0.0
2026-06-30T20:34Z,Iraq,0.0,0.0
2026-06-30T20:34Z,Jordan,0.0,0.0
2026-06-30T20:34Z,New Zealand,0.0,0.0
2026-06-30T20:34Z,Panama,0.0,0.0
2026-06-30T20:34Z,Qatar,0.0,0.0
2026-06-30T20:34Z,Saudi Arabia,0.0,0.0
2026-06-30T20:34Z,Scotland,0.0,0.0
2026-06-30T20:34Z,South Africa,0.0,0.0
2026-06-30T20:34Z,South Korea,0.0,0.0
2026-06-30T20:34Z,Tunisia,0.0,0.0
2026-06-30T20:34Z,Uruguay,0.0,0.0
2026-06-30T20:34Z,Uzbekistan,0.0,0.0
2026-06-30T20:34Z,Croatia,0.004,0.0045
2026-06-30T20:34Z,Bosnia and Herzegovina,0.0,0.0005
2026-06-30T20:34Z,Cape Verde,0.0,0.0005
2026-06-30T20:34Z,DR Congo,0.0,0.0005
2026-06-30T20:34Z,Ghana,0.0,0.0005
2026-06-30T20:34Z,Ivory Coast,0.0,0.0005
2026-06-30T20:34Z,Algeria,0.0,0.0015
2026-06-30T20:34Z,Egypt,0.0,0.0015
2026-06-30T20:34Z,Sweden,0.0,0.0015
2026-06-30T20:34Z,Senegal,0.003,0.0055
2026-06-30T20:34Z,Canada,0.0,0.0025
2026-06-30T20:34Z,Paraguay,0.0,0.0025
2026-06-30T20:34Z,Morocco,0.034,0.0375
2026-06-30T20:34Z,Ecuador,0.002,0.0055
2026-06-30T20:34Z,Portugal,0.054,0.0575
2026-06-30T20:34Z,Switzerland,0.003,0.0085
2026-06-30T20:34Z,Colombia,0.021,0.0275
2026-06-30T20:34Z,Norway,0.007,0.0245
2026-06-30T20:34Z,Brazil,0.052,0.0705
2026-06-30T20:34Z,Mexico,0.001,0.0195
2026-06-30T20:34Z,United States,0.0,0.0305
2026-06-30T20:34Z,France,0.108,0.286
2026-06-30T22:03Z,Argentina,0.319,0.1935
2026-06-30T22:03Z,Spain,0.215,0.1115
2026-06-30T22:03Z,Netherlands,0.024,0.0
2026-06-30T22:03Z,Germany,0.02,0.0
2026-06-30T22:03Z,Belgium,0.021,0.0115
2026-06-30T22:03Z,England,0.104,0.0995
2026-06-30T22:03Z,Japan,0.004,0.0
2026-06-30T22:03Z,Australia,0.002,0.0015
2026-06-30T22:03Z,Austria,0.002,0.0015
2026-06-30T22:03Z,Curaçao,0.0,0.0
2026-06-30T22:03Z,Czech Republic,0.0,0.0
2026-06-30T22:03Z,Haiti,0.0,0.0
2026-06-30T22:03Z,Iran,0.0,0.0
2026-06-30T22:03Z,Iraq,0.0,0.0
2026-06-30T22:03Z,Jordan,0.0,0.0
2026-06-30T22:03Z,New Zealand,0.0,0.0
2026-06-30T22:03Z,Panama,0.0,0.0
2026-06-30T22:03Z,Qatar,0.0,0.0
2026-06-30T22:03Z,Saudi Arabia,0.0,0.0
2026-06-30T22:03Z,Scotland,0.0,0.0
2026-06-30T22:03Z,South Africa,0.0,0.0
2026-06-30T22:03Z,South Korea,0.0,0.0
2026-06-30T22:03Z,Tunisia,0.0,0.0
2026-06-30T22:03Z,Uruguay,0.0,0.0
2026-06-30T22:03Z,Uzbekistan,0.0,0.0
2026-06-30T22:03Z,Croatia,0.004,0.0045
2026-06-30T22:03Z,Bosnia and Herzegovina,0.0,0.0005
2026-06-30T22:03Z,Cape Verde,0.0,0.0005
2026-06-30T22:03Z,DR Congo,0.0,0.0005
2026-06-30T22:03Z,Ghana,0.0,0.0005
2026-06-30T22:03Z,Ivory Coast,0.0,0.0005
2026-06-30T22:03Z,Sweden,0.0,0.0005
2026-06-30T22:03Z,Algeria,0.0,0.0015
2026-06-30T22:03Z,Egypt,0.0,0.0015
2026-06-30T22:03Z,Portugal,0.054,0.0555
2026-06-30T22:03Z,Morocco,0.034,0.0365
2026-06-30T22:03Z,Senegal,0.003,0.0055
2026-06-30T22:03Z,Paraguay,0.0,0.0025
2026-06-30T22:03Z,Ecuador,0.002,0.0055
2026-06-30T22:03Z,Canada,0.0,0.0035
2026-06-30T22:03Z,Switzerland,0.003,0.0085
2026-06-30T22:03Z,Colombia,0.021,0.0275
2026-06-30T22:03Z,Norway,0.007,0.0225
2026-06-30T22:03Z,Brazil,0.052,0.0705
2026-06-30T22:03Z,Mexico,0.001,0.0215
2026-06-30T22:03Z,United States,0.0,0.0305
2026-06-30T22:03Z,France,0.108,0.3015
2026-06-30T23:40Z,Argentina,0.304,0.1925
2026-06-30T23:40Z,Spain,0.216,0.1085
2026-06-30T23:40Z,Netherlands,0.022,0.0
2026-06-30T23:40Z,Germany,0.02,0.0
2026-06-30T23:40Z,England,0.111,0.0975
2026-06-30T23:40Z,Japan,0.008,0.0
2026-06-30T23:40Z,Portugal,0.057,0.0525
2026-06-30T23:40Z,Morocco,0.034,0.0315
2026-06-30T23:40Z,Belgium,0.014,0.0115
2026-06-30T23:40Z,Colombia,0.03,0.0275
2026-06-30T23:40Z,Ivory Coast,0.002,0.0
2026-06-30T23:40Z,Australia,0.002,0.0015
2026-06-30T23:40Z,Curaçao,0.0,0.0
2026-06-30T23:40Z,Czech Republic,0.0,0.0
2026-06-30T23:40Z,Haiti,0.0,0.0
2026-06-30T23:40Z,Iran,0.0,0.0
2026-06-30T23:40Z,Iraq,0.0,0.0
2026-06-30T23:40Z,Jordan,0.0,0.0
2026-06-30T23:40Z,New Zealand,0.0,0.0
2026-06-30T23:40Z,Panama,0.0,0.0
2026-06-30T23:40Z,Qatar,0.0,0.0
2026-06-30T23:40Z,Saudi Arabia,0.0,0.0
2026-06-30T23:40Z,Scotland,0.0,0.0
2026-06-30T23:40Z,South Africa,0.0,0.0
2026-06-30T23:40Z,South Korea,0.0,0.0
2026-06-30T23:40Z,Tunisia,0.0,0.0
2026-06-30T23:40Z,Uruguay,0.0,0.0
2026-06-30T23:40Z,Uzbekistan,0.0,0.0
2026-06-30T23:40Z,Ecuador,0.004,0.0045
2026-06-30T23:40Z,Algeria,0.001,0.0015
2026-06-30T23:40Z,Bosnia and Herzegovina,0.0,0.0005
2026-06-30T23:40Z,Cape Verde,0.0,0.0005
2026-06-30T23:40Z,DR Congo,0.0,0.0005
2026-06-30T23:40Z,Ghana,0.0,0.0005
2026-06-30T23:40Z,Sweden,0.0,0.0005
2026-06-30T23:40Z,Croatia,0.003,0.0045
2026-06-30T23:40Z,Canada,0.001,0.0025
2026-06-30T23:40Z,Austria,0.0,0.0015
2026-06-30T23:40Z,Egypt,0.0,0.0015
2026-06-30T23:40Z,Senegal,0.003,0.0055
2026-06-30T23:40Z,Paraguay,0.0,0.0025
2026-06-30T23:40Z,Switzerland,0.005,0.0085
2026-06-30T23:40Z,Norway,0.008,0.0195
2026-06-30T23:40Z,Mexico,0.001,0.0175
2026-06-30T23:40Z,Brazil,0.052,0.0705
2026-06-30T23:40Z,United States,0.0,0.0305
2026-06-30T23:40Z,France,0.102,0.3245
2026-07-01T01:56Z,Argentina,0.304,0.1805
2026-07-01T01:56Z,Spain,0.216,0.1005
2026-07-01T01:56Z,Netherlands,0.022,0.0
2026-07-01T01:56Z,Germany,0.02,0.0
2026-07-01T01:56Z,England,0.111,0.0975
2026-07-01T01:56Z,Japan,0.008,0.0
2026-07-01T01:56Z,Morocco,0.034,0.0315
2026-07-01T01:56Z,Belgium,0.014,0.0115
2026-07-01T01:56Z,Colombia,0.03,0.0275
2026-07-01T01:56Z,Ivory Coast,0.002,0.0
2026-07-01T01:56Z,Portugal,0.057,0.0555
2026-07-01T01:56Z,Australia,0.002,0.0015
2026-07-01T01:56Z,Curaçao,0.0,0.0
2026-07-01T01:56Z,Czech Republic,0.0,0.0
2026-07-01T01:56Z,Haiti,0.0,0.0
2026-07-01T01:56Z,Iran,0.0,0.0
2026-07-01T01:56Z,Iraq,0.0,0.0
2026-07-01T01:56Z,Jordan,0.0,0.0
2026-07-01T01:56Z,New Zealand,0.0,0.0
2026-07-01T01:56Z,Panama,0.0,0.0
2026-07-01T01:56Z,Qatar,0.0,0.0
2026-07-01T01:56Z,Saudi Arabia,0.0,0.0
2026-07-01T01:56Z,Scotland,0.0,0.0
2026-07-01T01:56Z,South Africa,0.0,0.0
2026-07-01T01:56Z,South Korea,0.0,0.0
2026-07-01T01:56Z,Tunisia,0.0,0.0
2026-07-01T01:56Z,Uruguay,0.0,0.0
2026-07-01T01:56Z,Uzbekistan,0.0,0.0
2026-07-01T01:56Z,Ecuador,0.004,0.0045
2026-07-01T01:56Z,Algeria,0.001,0.0015
2026-07-01T01:56Z,Bosnia and Herzegovina,0.0,0.0005
2026-07-01T01:56Z,Cape Verde,0.0,0.0005
2026-07-01T01:56Z,DR Congo,0.0,0.0005
2026-07-01T01:56Z,Ghana,0.0,0.0005
2026-07-01T01:56Z,Sweden,0.0,0.0005
2026-07-01T01:56Z,Croatia,0.003,0.0045
2026-07-01T01:56Z,Canada,0.001,0.0025
2026-07-01T01:56Z,Austria,0.0,0.0015
2026-07-01T01:56Z,Egypt,0.0,0.0015
2026-07-01T01:56Z,Senegal,0.003,0.0055
2026-07-01T01:56Z,Paraguay,0.0,0.0025
2026-07-01T01:56Z,Switzerland,0.005,0.0085
2026-07-01T01:56Z,Norway,0.008,0.0195
2026-07-01T01:56Z,Brazil,0.052,0.0665
2026-07-01T01:56Z,Mexico,0.001,0.02
2026-07-01T01:56Z,United States,0.0,0.0305
2026-07-01T01:56Z,France,0.102,0.3325
2026-07-01T06:21Z,Argentina,0.311,0.1835
2026-07-01T06:21Z,Spain,0.203,0.1005
2026-07-01T06:21Z,Netherlands,0.032,0.0
2026-07-01T06:21Z,Germany,0.022,0.0
2026-07-01T06:21Z,Belgium,0.021,0.0115
2026-07-01T06:21Z,Portugal,0.063,0.058
2026-07-01T06:21Z,England,0.096,0.0935
2026-07-01T06:21Z,Colombia,0.031,0.0285
2026-07-01T06:21Z,Canada,0.004,0.0025
2026-07-01T06:21Z,Australia,0.003,0.0015
2026-07-01T06:21Z,Ecuador,0.002,0.0005
2026-07-01T06:21Z,Japan,0.001,0.0
2026-07-01T06:21Z,Curaçao,0.0,0.0
2026-07-01T06:21Z,Czech Republic,0.0,0.0
2026-07-01T06:21Z,Haiti,0.0,0.0
2026-07-01T06:21Z,Iran,0.0,0.0
2026-07-01T06:21Z,Iraq,0.0,0.0
2026-07-01T06:21Z,Ivory Coast,0.0,0.0
2026-07-01T06:21Z,Jordan,0.0,0.0
2026-07-01T06:21Z,New Zealand,0.0,0.0
2026-07-01T06:21Z,Panama,0.0,0.0
2026-07-01T06:21Z,Qatar,0.0,0.0
2026-07-01T06:21Z,Saudi Arabia,0.0,0.0
2026-07-01T06:21Z,Scotland,0.0,0.0
2026-07-01T06:21Z,South Africa,0.0,0.0
2026-07-01T06:21Z,South Korea,0.0,0.0
2026-07-01T06:21Z,Sweden,0.0,0.0
2026-07-01T06:21Z,Tunisia,0.0,0.0
2026-07-01T06:21Z,Uruguay,0.0,0.0
2026-07-01T06:21Z,Uzbekistan,0.0,0.0
2026-07-01T06:21Z,Austria,0.001,0.0015
2026-07-01T06:21Z,Bosnia and Herzegovina,0.0,0.0005
2026-07-01T06:21Z,Cape Verde,0.0,0.0005
2026-07-01T06:21Z,DR Congo,0.0,0.0005
2026-07-01T06:21Z,Ghana,0.0,0.0005
2026-07-01T06:21Z,Morocco,0.031,0.0315
2026-07-01T06:21Z,Algeria,0.0,0.0015
2026-07-01T06:21Z,Egypt,0.0,0.0015
2026-07-01T06:21Z,Senegal,0.003,0.0055
2026-07-01T06:21Z,Paraguay,0.0,0.0025
2026-07-01T06:21Z,Switzerland,0.006,0.0085
2026-07-01T06:21Z,Croatia,0.001,0.0045
2026-07-01T06:21Z,Norway,0.009,0.0185
2026-07-01T06:21Z,Brazil,0.043,0.0665
2026-07-01T06:21Z,United States,0.0,0.0245
2026-07-01T06:21Z,Mexico,0.001,0.0325
2026-07-01T06:21Z,France,0.116,0.3275
2026-07-01T10:19Z,Argentina,0.311,0.1895
2026-07-01T10:19Z,Spain,0.203,0.1035
2026-07-01T10:19Z,Netherlands,0.032,0.0
2026-07-01T10:19Z,Germany,0.022,0.0
2026-07-01T10:19Z,Belgium,0.021,0.0115
2026-07-01T10:19Z,Morocco,0.031,0.0235
2026-07-01T10:19Z,England,0.096,0.0935
2026-07-01T10:19Z,Portugal,0.063,0.0605
2026-07-01T10:19Z,Colombia,0.031,0.0285
2026-07-01T10:19Z,Ecuador,0.002,0.0
2026-07-01T10:19Z,Canada,0.004,0.0025
2026-07-01T10:19Z,Australia,0.003,0.0015
2026-07-01T10:19Z,Japan,0.001,0.0
2026-07-01T10:19Z,Curaçao,0.0,0.0
2026-07-01T10:19Z,Czech Republic,0.0,0.0
2026-07-01T10:19Z,Haiti,0.0,0.0
2026-07-01T10:19Z,Iran,0.0,0.0
2026-07-01T10:19Z,Iraq,0.0,0.0
2026-07-01T10:19Z,Ivory Coast,0.0,0.0
2026-07-01T10:19Z,Jordan,0.0,0.0
2026-07-01T10:19Z,New Zealand,0.0,0.0
2026-07-01T10:19Z,Panama,0.0,0.0
2026-07-01T10:19Z,Qatar,0.0,0.0
2026-07-01T10:19Z,Saudi Arabia,0.0,0.0
2026-07-01T10:19Z,Scotland,0.0,0.0
2026-07-01T10:19Z,South Africa,0.0,0.0
2026-07-01T10:19Z,South Korea,0.0,0.0
2026-07-01T10:19Z,Sweden,0.0,0.0
2026-07-01T10:19Z,Tunisia,0.0,0.0
2026-07-01T10:19Z,Uruguay,0.0,0.0
2026-07-01T10:19Z,Uzbekistan,0.0,0.0
2026-07-01T10:19Z,Austria,0.001,0.0015
2026-07-01T10:19Z,Algeria,0.0,0.0005
2026-07-01T10:19Z,Bosnia and Herzegovina,0.0,0.0005
2026-07-01T10:19Z,Cape Verde,0.0,0.0005
2026-07-01T10:19Z,DR Congo,0.0,0.0005
2026-07-01T10:19Z,Ghana,0.0,0.0005
2026-07-01T10:19Z,Egypt,0.0,0.0015
2026-07-01T10:19Z,Paraguay,0.0,0.0015
2026-07-01T10:19Z,Senegal,0.003,0.0055
2026-07-01T10:19Z,Croatia,0.001,0.0035
2026-07-01T10:19Z,Switzerland,0.006,0.0085
2026-07-01T10:19Z,Norway,0.009,0.0175
2026-07-01T10:19Z,Brazil,0.043,0.0665
2026-07-01T10:19Z,Mexico,0.001,0.0265
2026-07-01T10:19Z,United States,0.0,0.0285
2026-07-01T10:19Z,France,0.116,0.3275
2026-07-01T13:15Z,Argentina,0.311,0.1935
2026-07-01T13:15Z,Spain,0.203,0.1035
2026-07-01T13:15Z,Netherlands,0.032,0.0
2026-07-01T13:15Z,Germany,0.022,0.0
2026-07-01T13:15Z,Belgium,0.021,0.0115
2026-07-01T13:15Z,Morocco,0.031,0.0255
2026-07-01T13:15Z,Portugal,0.063,0.0595
2026-07-01T13:15Z,Colombia,0.031,0.0275
2026-07-01T13:15Z,England,0.096,0.0935
2026-07-01T13:15Z,Ecuador,0.002,0.0
2026-07-01T13:15Z,Canada,0.004,0.0025
2026-07-01T13:15Z,Australia,0.003,0.0015
2026-07-01T13:15Z,Japan,0.001,0.0
2026-07-01T13:15Z,Curaçao,0.0,0.0
2026-07-01T13:15Z,Czech Republic,0.0,0.0
2026-07-01T13:15Z,Haiti,0.0,0.0
2026-07-01T13:15Z,Iran,0.0,0.0
2026-07-01T13:15Z,Iraq,0.0,0.0
2026-07-01T13:15Z,Ivory Coast,0.0,0.0
2026-07-01T13:15Z,Jordan,0.0,0.0
2026-07-01T13:15Z,New Zealand,0.0,0.0
2026-07-01T13:15Z,Panama,0.0,0.0
2026-07-01T13:15Z,Qatar,0.0,0.0
2026-07-01T13:15Z,Saudi Arabia,0.0,0.0
2026-07-01T13:15Z,Scotland,0.0,0.0
2026-07-01T13:15Z,South Africa,0.0,0.0
2026-07-01T13:15Z,South Korea,0.0,0.0
2026-07-01T13:15Z,Sweden,0.0,0.0
2026-07-01T13:15Z,Tunisia,0.0,0.0
2026-07-01T13:15Z,Uruguay,0.0,0.0
2026-07-01T13:15Z,Uzbekistan,0.0,0.0
2026-07-01T13:15Z,Austria,0.001,0.0015
2026-07-01T13:15Z,Algeria,0.0,0.0005
2026-07-01T13:15Z,Bosnia and Herzegovina,0.0,0.0005
2026-07-01T13:15Z,Cape Verde,0.0,0.0005
2026-07-01T13:15Z,DR Congo,0.0,0.0005
2026-07-01T13:15Z,Ghana,0.0,0.0005
2026-07-01T13:15Z,Switzerland,0.006,0.0075
2026-07-01T13:15Z,Egypt,0.0,0.0015
2026-07-01T13:15Z,Paraguay,0.0,0.0015
2026-07-01T13:15Z,Senegal,0.003,0.0055
2026-07-01T13:15Z,Croatia,0.001,0.0035
2026-07-01T13:15Z,Norway,0.009,0.0175
2026-07-01T13:15Z,Brazil,0.043,0.0665
2026-07-01T13:15Z,Mexico,0.001,0.0265
2026-07-01T13:15Z,United States,0.0,0.0285
2026-07-01T13:15Z,France,0.116,0.3265
2026-07-01T15:52Z,Argentina,0.311,0.1915
2026-07-01T15:52Z,Spain,0.203,0.1035
2026-07-01T15:52Z,Netherlands,0.032,0.0
2026-07-01T15:52Z,Germany,0.022,0.0
2026-07-01T15:52Z,Belgium,0.021,0.0125
2026-07-01T15:52Z,Portugal,0.063,0.0555
2026-07-01T15:52Z,Morocco,0.031,0.0235
2026-07-01T15:52Z,Colombia,0.031,0.0275
2026-07-01T15:52Z,Ecuador,0.002,0.0
2026-07-01T15:52Z,Canada,0.004,0.0025
2026-07-01T15:52Z,Australia,0.003,0.0015
2026-07-01T15:52Z,Japan,0.001,0.0
2026-07-01T15:52Z,England,0.096,0.0955
2026-07-01T15:52Z,Curaçao,0.0,0.0
2026-07-01T15:52Z,Czech Republic,0.0,0.0
2026-07-01T15:52Z,Haiti,0.0,0.0
2026-07-01T15:52Z,Iran,0.0,0.0
2026-07-01T15:52Z,Iraq,0.0,0.0
2026-07-01T15:52Z,Ivory Coast,0.0,0.0
2026-07-01T15:52Z,Jordan,0.0,0.0
2026-07-01T15:52Z,New Zealand,0.0,0.0
2026-07-01T15:52Z,Panama,0.0,0.0
2026-07-01T15:52Z,Qatar,0.0,0.0
2026-07-01T15:52Z,Saudi Arabia,0.0,0.0
2026-07-01T15:52Z,Scotland,0.0,0.0
2026-07-01T15:52Z,South Africa,0.0,0.0
2026-07-01T15:52Z,South Korea,0.0,0.0
2026-07-01T15:52Z,Sweden,0.0,0.0
2026-07-01T15:52Z,Tunisia,0.0,0.0
2026-07-01T15:52Z,Uruguay,0.0,0.0
2026-07-01T15:52Z,Uzbekistan,0.0,0.0
2026-07-01T15:52Z,Austria,0.001,0.0015
2026-07-01T15:52Z,Algeria,0.0,0.0005
2026-07-01T15:52Z,Bosnia and Herzegovina,0.0,0.0005
2026-07-01T15:52Z,Cape Verde,0.0,0.0005
2026-07-01T15:52Z,DR Congo,0.0,0.0005
2026-07-01T15:52Z,Ghana,0.0,0.0005
2026-07-01T15:52Z,Switzerland,0.006,0.0075
2026-07-01T15:52Z,Egypt,0.0,0.0015
2026-07-01T15:52Z,Paraguay,0.0,0.0015
2026-07-01T15:52Z,Senegal,0.003,0.0055
2026-07-01T15:52Z,Croatia,0.001,0.0035
2026-07-01T15:52Z,Norway,0.009,0.0185
2026-07-01T15:52Z,Brazil,0.043,0.0675
2026-07-01T15:52Z,Mexico,0.001,0.0285
2026-07-01T15:52Z,United States,0.0,0.0305
2026-07-01T15:52Z,France,0.116,0.3275
2026-07-01T17:49Z,Argentina,0.311,0.1935
2026-07-01T17:49Z,Spain,0.203,0.1025
2026-07-01T17:49Z,Netherlands,0.032,0.0
2026-07-01T17:49Z,Germany,0.022,0.0
2026-07-01T17:49Z,England,0.096,0.077
2026-07-01T17:49Z,Belgium,0.021,0.0105
2026-07-01T17:49Z,Morocco,0.031,0.0255
2026-07-01T17:49Z,Portugal,0.063,0.0595
2026-07-01T17:49Z,Colombia,0.031,0.0275
2026-07-01T17:49Z,Ecuador,0.002,0.0
2026-07-01T17:49Z,Canada,0.004,0.0025
2026-07-01T17:49Z,Australia,0.003,0.0015
2026-07-01T17:49Z,Japan,0.001,0.0
2026-07-01T17:49Z,Curaçao,0.0,0.0
2026-07-01T17:49Z,Czech Republic,0.0,0.0
2026-07-01T17:49Z,Haiti,0.0,0.0
2026-07-01T17:49Z,Iran,0.0,0.0
2026-07-01T17:49Z,Iraq,0.0,0.0
2026-07-01T17:49Z,Ivory Coast,0.0,0.0
2026-07-01T17:49Z,Jordan,0.0,0.0
2026-07-01T17:49Z,New Zealand,0.0,0.0
2026-07-01T17:49Z,Panama,0.0,0.0
2026-07-01T17:49Z,Qatar,0.0,0.0
2026-07-01T17:49Z,Saudi Arabia,0.0,0.0
2026-07-01T17:49Z,Scotland,0.0,0.0
2026-07-01T17:49Z,South Africa,0.0,0.0
2026-07-01T17:49Z,South Korea,0.0,0.0
2026-07-01T17:49Z,Sweden,0.0,0.0
2026-07-01T17:49Z,Tunisia,0.0,0.0
2026-07-01T17:49Z,Uruguay,0.0,0.0
2026-07-01T17:49Z,Uzbekistan,0.0,0.0
2026-07-01T17:49Z,Austria,0.001,0.0015
2026-07-01T17:49Z,Algeria,0.0,0.0005
2026-07-01T17:49Z,Bosnia and Herzegovina,0.0,0.0005
2026-07-01T17:49Z,Cape Verde,0.0,0.0005
2026-07-01T17:49Z,DR Congo,0.0,0.0005
2026-07-01T17:49Z,Ghana,0.0,0.0005
2026-07-01T17:49Z,Switzerland,0.006,0.0075
2026-07-01T17:49Z,Senegal,0.003,0.0045
2026-07-01T17:49Z,Egypt,0.0,0.0015
2026-07-01T17:49Z,Paraguay,0.0,0.0015
2026-07-01T17:49Z,Croatia,0.001,0.0045
2026-07-01T17:49Z,Norway,0.009,0.0195
2026-07-01T17:49Z,Brazil,0.043,0.0675
2026-07-01T17:49Z,Mexico,0.001,0.0315
2026-07-01T17:49Z,United States,0.0,0.0325
2026-07-01T17:49Z,France,0.116,0.3345
2026-07-01T19:45Z,Argentina,0.299,0.1835
2026-07-01T19:45Z,Spain,0.202,0.1005
2026-07-01T19:45Z,Netherlands,0.038,0.0
2026-07-01T19:45Z,Germany,0.018,0.0
2026-07-01T19:45Z,Belgium,0.03,0.0135
2026-07-01T19:45Z,Colombia,0.029,0.0255
2026-07-01T19:45Z,Morocco,0.028,0.0245
2026-07-01T19:45Z,Japan,0.003,0.0
2026-07-01T19:45Z,Portugal,0.056,0.0535
2026-07-01T19:45Z,Australia,0.003,0.0015
2026-07-01T19:45Z,Ecuador,0.001,0.0
2026-07-01T19:45Z,Switzerland,0.008,0.0075
2026-07-01T19:45Z,Algeria,0.001,0.0005
2026-07-01T19:45Z,Curaçao,0.0,0.0
2026-07-01T19:45Z,Czech Republic,0.0,0.0
2026-07-01T19:45Z,Haiti,0.0,0.0
2026-07-01T19:45Z,Iran,0.0,0.0
2026-07-01T19:45Z,Iraq,0.0,0.0
2026-07-01T19:45Z,Ivory Coast,0.0,0.0
2026-07-01T19:45Z,Jordan,0.0,0.0
2026-07-01T19:45Z,New Zealand,0.0,0.0
2026-07-01T19:45Z,Panama,0.0,0.0
2026-07-01T19:45Z,Qatar,0.0,0.0
2026-07-01T19:45Z,Saudi Arabia,0.0,0.0
2026-07-01T19:45Z,Scotland,0.0,0.0
2026-07-01T19:45Z,South Africa,0.0,0.0
2026-07-01T19:45Z,South Korea,0.0,0.0
2026-07-01T19:45Z,Sweden,0.0,0.0
2026-07-01T19:45Z,Tunisia,0.0,0.0
2026-07-01T19:45Z,Uruguay,0.0,0.0
2026-07-01T19:45Z,Uzbekistan,0.0,0.0
2026-07-01T19:45Z,Croatia,0.003,0.0035
2026-07-01T19:45Z,Bosnia and Herzegovina,0.0,0.0005
2026-07-01T19:45Z,Cape Verde,0.0,0.0005
2026-07-01T19:45Z,DR Congo,0.0,0.0005
2026-07-01T19:45Z,Ghana,0.0,0.0005
2026-07-01T19:45Z,Senegal,0.003,0.0045
2026-07-01T19:45Z,Canada,0.001,0.0025
2026-07-01T19:45Z,Austria,0.0,0.0015
2026-07-01T19:45Z,Egypt,0.0,0.0015
2026-07-01T19:45Z,Paraguay,0.0,0.0015
2026-07-01T19:45Z,England,0.084,0.0855
2026-07-01T19:45Z,Norway,0.008,0.0225
2026-07-01T19:45Z,Brazil,0.05,0.0665
2026-07-01T19:45Z,United States,0.002,0.0275
2026-07-01T19:45Z,Mexico,0.0,0.0275
2026-07-01T19:45Z,France,0.133,0.3605
2026-07-01T21:23Z,Argentina,0.299,0.1825
2026-07-01T21:23Z,Spain,0.202,0.1015
2026-07-01T21:23Z,Netherlands,0.038,0.0
2026-07-01T21:23Z,Belgium,0.03,0.0015
2026-07-01T21:23Z,Germany,0.018,0.0
2026-07-01T21:23Z,Colombia,0.029,0.0255
2026-07-01T21:23Z,Morocco,0.028,0.0245
2026-07-01T21:23Z,Japan,0.003,0.0
2026-07-01T21:23Z,England,0.084,0.0815
2026-07-01T21:23Z,Australia,0.003,0.0015
2026-07-01T21:23Z,Ecuador,0.001,0.0
2026-07-01T21:23Z,Switzerland,0.008,0.0075
2026-07-01T21:23Z,Algeria,0.001,0.0005
2026-07-01T21:23Z,Curaçao,0.0,0.0
2026-07-01T21:23Z,Czech Republic,0.0,0.0
2026-07-01T21:23Z,DR Congo,0.0,0.0
2026-07-01T21:23Z,Haiti,0.0,0.0
2026-07-01T21:23Z,Iran,0.0,0.0
2026-07-01T21:23Z,Iraq,0.0,0.0
2026-07-01T21:23Z,Ivory Coast,0.0,0.0
2026-07-01T21:23Z,Jordan,0.0,0.0
2026-07-01T21:23Z,New Zealand,0.0,0.0
2026-07-01T21:23Z,Panama,0.0,0.0
2026-07-01T21:23Z,Qatar,0.0,0.0
2026-07-01T21:23Z,Saudi Arabia,0.0,0.0
2026-07-01T21:23Z,Scotland,0.0,0.0
2026-07-01T21:23Z,South Africa,0.0,0.0
2026-07-01T21:23Z,South Korea,0.0,0.0
2026-07-01T21:23Z,Sweden,0.0,0.0
2026-07-01T21:23Z,Tunisia,0.0,0.0
2026-07-01T21:23Z,Uruguay,0.0,0.0
2026-07-01T21:23Z,Uzbekistan,0.0,0.0
2026-07-01T21:23Z,Croatia,0.003,0.0035
2026-07-01T21:23Z,Bosnia and Herzegovina,0.0,0.0005
2026-07-01T21:23Z,Cape Verde,0.0,0.0005
2026-07-01T21:23Z,Ghana,0.0,0.0005
2026-07-01T21:23Z,Canada,0.001,0.0025
2026-07-01T21:23Z,Austria,0.0,0.0015
2026-07-01T21:23Z,Egypt,0.0,0.0015
2026-07-01T21:23Z,Paraguay,0.0,0.0015
2026-07-01T21:23Z,Portugal,0.056,0.0605
2026-07-01T21:23Z,Senegal,0.003,0.0115
2026-07-01T21:23Z,Norway,0.008,0.0225
2026-07-01T21:23Z,Brazil,0.05,0.0655
2026-07-01T21:23Z,United States,0.002,0.0285
2026-07-01T21:23Z,Mexico,0.0,0.0275
2026-07-01T21:23Z,France,0.133,0.3525
2026-07-01T22:52Z,Argentina,0.299,0.1815
2026-07-01T22:52Z,Spain,0.202,0.1025
2026-07-01T22:52Z,Netherlands,0.038,0.0
2026-07-01T22:52Z,Germany,0.018,0.0
2026-07-01T22:52Z,Belgium,0.03,0.014
2026-07-01T22:52Z,Morocco,0.028,0.0235
2026-07-01T22:52Z,Colombia,0.029,0.0255
2026-07-01T22:52Z,Japan,0.003,0.0
2026-07-01T22:52Z,England,0.084,0.0815
2026-07-01T22:52Z,Senegal,0.003,0.0005
2026-07-01T22:52Z,Australia,0.003,0.0015
2026-07-01T22:52Z,Ecuador,0.001,0.0
2026-07-01T22:52Z,Switzerland,0.008,0.0075
2026-07-01T22:52Z,Algeria,0.001,0.0005
2026-07-01T22:52Z,Curaçao,0.0,0.0
2026-07-01T22:52Z,Czech Republic,0.0,0.0
2026-07-01T22:52Z,DR Congo,0.0,0.0
2026-07-01T22:52Z,Haiti,0.0,0.0
2026-07-01T22:52Z,Iran,0.0,0.0
2026-07-01T22:52Z,Iraq,0.0,0.0
2026-07-01T22:52Z,Ivory Coast,0.0,0.0
2026-07-01T22:52Z,Jordan,0.0,0.0
2026-07-01T22:52Z,New Zealand,0.0,0.0
2026-07-01T22:52Z,Panama,0.0,0.0
2026-07-01T22:52Z,Qatar,0.0,0.0
2026-07-01T22:52Z,Saudi Arabia,0.0,0.0
2026-07-01T22:52Z,Scotland,0.0,0.0
2026-07-01T22:52Z,South Africa,0.0,0.0
2026-07-01T22:52Z,South Korea,0.0,0.0
2026-07-01T22:52Z,Sweden,0.0,0.0
2026-07-01T22:52Z,Tunisia,0.0,0.0
2026-07-01T22:52Z,Uruguay,0.0,0.0
2026-07-01T22:52Z,Uzbekistan,0.0,0.0
2026-07-01T22:52Z,Croatia,0.003,0.0035
2026-07-01T22:52Z,Bosnia and Herzegovina,0.0,0.0005
2026-07-01T22:52Z,Cape Verde,0.0,0.0005
2026-07-01T22:52Z,Ghana,0.0,0.0005
2026-07-01T22:52Z,Canada,0.001,0.0025
2026-07-01T22:52Z,Austria,0.0,0.0015
2026-07-01T22:52Z,Egypt,0.0,0.0015
2026-07-01T22:52Z,Paraguay,0.0,0.0015
2026-07-01T22:52Z,Portugal,0.056,0.0575
2026-07-01T22:52Z,Brazil,0.05,0.0645
2026-07-01T22:52Z,Norway,0.008,0.0225
2026-07-01T22:52Z,United States,0.002,0.0295
2026-07-01T22:52Z,Mexico,0.0,0.0275
2026-07-01T22:52Z,France,0.133,0.36
2026-07-02T00:04Z,Argentina,0.299,0.1815
2026-07-02T00:04Z,Spain,0.202,0.1025
2026-07-02T00:04Z,Netherlands,0.038,0.0
2026-07-02T00:04Z,Germany,0.018,0.0
2026-07-02T00:04Z,Belgium,0.03,0.0145
2026-07-02T00:04Z,Morocco,0.028,0.0235
2026-07-02T00:04Z,Colombia,0.029,0.0255
2026-07-02T00:04Z,Japan,0.003,0.0
2026-07-02T00:04Z,England,0.084,0.0815
2026-07-02T00:04Z,Senegal,0.003,0.0005
2026-07-02T00:04Z,Australia,0.003,0.0015
2026-07-02T00:04Z,Ecuador,0.001,0.0
2026-07-02T00:04Z,Switzerland,0.008,0.0075
2026-07-02T00:04Z,Algeria,0.001,0.0005
2026-07-02T00:04Z,Curaçao,0.0,0.0
2026-07-02T00:04Z,Czech Republic,0.0,0.0
2026-07-02T00:04Z,DR Congo,0.0,0.0
2026-07-02T00:04Z,Haiti,0.0,0.0
2026-07-02T00:04Z,Iran,0.0,0.0
2026-07-02T00:04Z,Iraq,0.0,0.0
2026-07-02T00:04Z,Ivory Coast,0.0,0.0
2026-07-02T00:04Z,Jordan,0.0,0.0
2026-07-02T00:04Z,New Zealand,0.0,0.0
2026-07-02T00:04Z,Panama,0.0,0.0
2026-07-02T00:04Z,Qatar,0.0,0.0
2026-07-02T00:04Z,Saudi Arabia,0.0,0.0
2026-07-02T00:04Z,Scotland,0.0,0.0
2026-07-02T00:04Z,South Africa,0.0,0.0
2026-07-02T00:04Z,South Korea,0.0,0.0
2026-07-02T00:04Z,Sweden,0.0,0.0
2026-07-02T00:04Z,Tunisia,0.0,0.0
2026-07-02T00:04Z,Uruguay,0.0,0.0
2026-07-02T00:04Z,Uzbekistan,0.0,0.0
2026-07-02T00:04Z,Croatia,0.003,0.0035
2026-07-02T00:04Z,Bosnia and Herzegovina,0.0,0.0005
2026-07-02T00:04Z,Cape Verde,0.0,0.0005
2026-07-02T00:04Z,Ghana,0.0,0.0005
2026-07-02T00:04Z,Canada,0.001,0.0025
2026-07-02T00:04Z,Austria,0.0,0.0015
2026-07-02T00:04Z,Egypt,0.0,0.0015
2026-07-02T00:04Z,Paraguay,0.0,0.0015
2026-07-02T00:04Z,Portugal,0.056,0.0575
2026-07-02T00:04Z,Brazil,0.05,0.0645
2026-07-02T00:04Z,Norway,0.008,0.0225
2026-07-02T00:04Z,United States,0.002,0.0275
2026-07-02T00:04Z,Mexico,0.0,0.0305
2026-07-02T00:04Z,France,0.133,0.3545
2026-07-02T04:34Z,Argentina,0.336,0.1805
2026-07-02T04:34Z,Spain,0.205,0.1005
2026-07-02T04:34Z,Netherlands,0.031,0.0
2026-07-02T04:34Z,England,0.101,0.0815
2026-07-02T04:34Z,Belgium,0.03,0.0155
2026-07-02T04:34Z,Germany,0.013,0.0
2026-07-02T04:34Z,Morocco,0.029,0.0245
2026-07-02T04:34Z,Senegal,0.004,0.0
2026-07-02T04:34Z,Japan,0.003,0.0
2026-07-02T04:34Z,Curaçao,0.0,0.0
2026-07-02T04:34Z,Czech Republic,0.0,0.0
2026-07-02T04:34Z,DR Congo,0.0,0.0
2026-07-02T04:34Z,Ecuador,0.0,0.0
2026-07-02T04:34Z,Haiti,0.0,0.0
2026-07-02T04:34Z,Iran,0.0,0.0
2026-07-02T04:34Z,Iraq,0.0,0.0
2026-07-02T04:34Z,Ivory Coast,0.0,0.0
2026-07-02T04:34Z,Jordan,0.0,0.0
2026-07-02T04:34Z,New Zealand,0.0,0.0
2026-07-02T04:34Z,Panama,0.0,0.0
2026-07-02T04:34Z,Qatar,0.0,0.0
2026-07-02T04:34Z,Saudi Arabia,0.0,0.0
2026-07-02T04:34Z,Scotland,0.0,0.0
2026-07-02T04:34Z,South Africa,0.0,0.0
2026-07-02T04:34Z,South Korea,0.0,0.0
2026-07-02T04:34Z,Sweden,0.0,0.0
2026-07-02T04:34Z,Tunisia,0.0,0.0
2026-07-02T04:34Z,Uruguay,0.0,0.0
2026-07-02T04:34Z,Uzbekistan,0.0,0.0
2026-07-02T04:34Z,Australia,0.001,0.0015
2026-07-02T04:34Z,Algeria,0.0,0.0005
2026-07-02T04:34Z,Bosnia and Herzegovina,0.0,0.0005
2026-07-02T04:34Z,Cape Verde,0.0,0.0005
2026-07-02T04:34Z,Ghana,0.0,0.0005
2026-07-02T04:34Z,Colombia,0.024,0.0245
2026-07-02T04:34Z,Switzerland,0.006,0.0075
2026-07-02T04:34Z,Croatia,0.002,0.0035
2026-07-02T04:34Z,Austria,0.0,0.0015
2026-07-02T04:34Z,Egypt,0.0,0.0015
2026-07-02T04:34Z,Paraguay,0.0,0.0015
2026-07-02T04:34Z,Canada,0.0,0.0025
2026-07-02T04:34Z,Brazil,0.061,0.0645
2026-07-02T04:34Z,Norway,0.004,0.0195
2026-07-02T04:34Z,Portugal,0.036,0.0575
2026-07-02T04:34Z,United States,0.0,0.0275
2026-07-02T04:34Z,Mexico,0.002,0.035
2026-07-02T04:34Z,France,0.112,0.3525
2026-07-02T07:55Z,Argentina,0.336,0.1805
2026-07-02T07:55Z,Spain,0.205,0.0995
2026-07-02T07:55Z,Netherlands,0.031,0.0
2026-07-02T07:55Z,England,0.101,0.0825
2026-07-02T07:55Z,Belgium,0.03,0.0155
2026-07-02T07:55Z,Germany,0.013,0.0
2026-07-02T07:55Z,Senegal,0.004,0.0
2026-07-02T07:55Z,Morocco,0.029,0.0255
2026-07-02T07:55Z,Japan,0.003,0.0
2026-07-02T07:55Z,Bosnia and Herzegovina,0.0,0.0
2026-07-02T07:55Z,Curaçao,0.0,0.0
2026-07-02T07:55Z,Czech Republic,0.0,0.0
2026-07-02T07:55Z,DR Congo,0.0,0.0
2026-07-02T07:55Z,Ecuador,0.0,0.0
2026-07-02T07:55Z,Haiti,0.0,0.0
2026-07-02T07:55Z,Iran,0.0,0.0
2026-07-02T07:55Z,Iraq,0.0,0.0
2026-07-02T07:55Z,Ivory Coast,0.0,0.0
2026-07-02T07:55Z,Jordan,0.0,0.0
2026-07-02T07:55Z,New Zealand,0.0,0.0
2026-07-02T07:55Z,Panama,0.0,0.0
2026-07-02T07:55Z,Qatar,0.0,0.0
2026-07-02T07:55Z,Saudi Arabia,0.0,0.0
2026-07-02T07:55Z,Scotland,0.0,0.0
2026-07-02T07:55Z,South Africa,0.0,0.0
2026-07-02T07:55Z,South Korea,0.0,0.0
2026-07-02T07:55Z,Sweden,0.0,0.0
2026-07-02T07:55Z,Tunisia,0.0,0.0
2026-07-02T07:55Z,Uruguay,0.0,0.0
2026-07-02T07:55Z,Uzbekistan,0.0,0.0
2026-07-02T07:55Z,Australia,0.001,0.0015
2026-07-02T07:55Z,Algeria,0.0,0.0005
2026-07-02T07:55Z,Cape Verde,0.0,0.0005
2026-07-02T07:55Z,Colombia,0.024,0.0245
2026-07-02T07:55Z,Switzerland,0.006,0.0075
2026-07-02T07:55Z,Croatia,0.002,0.0035
2026-07-02T07:55Z,Austria,0.0,0.0015
2026-07-02T07:55Z,Egypt,0.0,0.0015
2026-07-02T07:55Z,Ghana,0.0,0.0015
2026-07-02T07:55Z,Paraguay,0.0,0.0015
2026-07-02T07:55Z,Canada,0.0,0.0025
2026-07-02T07:55Z,Brazil,0.061,0.0645
2026-07-02T07:55Z,Norway,0.004,0.0195
2026-07-02T07:55Z,Portugal,0.036,0.0585
2026-07-02T07:55Z,United States,0.0,0.0275
2026-07-02T07:55Z,Mexico,0.002,0.0355
2026-07-02T07:55Z,France,0.112,0.3515
2026-07-02T10:32Z,Argentina,0.336,0.1805
2026-07-02T10:32Z,Spain,0.205,0.0995
2026-07-02T10:32Z,Netherlands,0.031,0.0
2026-07-02T10:32Z,England,0.101,0.0825
2026-07-02T10:32Z,Belgium,0.03,0.0155
2026-07-02T10:32Z,Germany,0.013,0.0
2026-07-02T10:32Z,Senegal,0.004,0.0
2026-07-02T10:32Z,Morocco,0.029,0.0255
2026-07-02T10:32Z,Japan,0.003,0.0
2026-07-02T10:32Z,Bosnia and Herzegovina,0.0,0.0
2026-07-02T10:32Z,Curaçao,0.0,0.0
2026-07-02T10:32Z,Czech Republic,0.0,0.0
2026-07-02T10:32Z,DR Congo,0.0,0.0
2026-07-02T10:32Z,Ecuador,0.0,0.0
2026-07-02T10:32Z,Haiti,0.0,0.0
2026-07-02T10:32Z,Iran,0.0,0.0
2026-07-02T10:32Z,Iraq,0.0,0.0
2026-07-02T10:32Z,Ivory Coast,0.0,0.0
2026-07-02T10:32Z,Jordan,0.0,0.0
2026-07-02T10:32Z,New Zealand,0.0,0.0
2026-07-02T10:32Z,Panama,0.0,0.0
2026-07-02T10:32Z,Qatar,0.0,0.0
2026-07-02T10:32Z,Saudi Arabia,0.0,0.0
2026-07-02T10:32Z,Scotland,0.0,0.0
2026-07-02T10:32Z,South Africa,0.0,0.0
2026-07-02T10:32Z,South Korea,0.0,0.0
2026-07-02T10:32Z,Sweden,0.0,0.0
2026-07-02T10:32Z,Tunisia,0.0,0.0
2026-07-02T10:32Z,Uruguay,0.0,0.0
2026-07-02T10:32Z,Uzbekistan,0.0,0.0
2026-07-02T10:32Z,Australia,0.001,0.0015
2026-07-02T10:32Z,Algeria,0.0,0.0005
2026-07-02T10:32Z,Cape Verde,0.0,0.0005
2026-07-02T10:32Z,Ghana,0.0,0.0005
2026-07-02T10:32Z,Colombia,0.024,0.0245
2026-07-02T10:32Z,Switzerland,0.006,0.0075
2026-07-02T10:32Z,Croatia,0.002,0.0035
2026-07-02T10:32Z,Austria,0.0,0.0015
2026-07-02T10:32Z,Egypt,0.0,0.0015
2026-07-02T10:32Z,Paraguay,0.0,0.0015
2026-07-02T10:32Z,Canada,0.0,0.0025
2026-07-02T10:32Z,Brazil,0.061,0.0645
2026-07-02T10:32Z,Norway,0.004,0.0185
2026-07-02T10:32Z,Portugal,0.036,0.0605
2026-07-02T10:32Z,United States,0.0,0.0275
2026-07-02T10:32Z,Mexico,0.002,0.0345
2026-07-02T10:32Z,France,0.112,0.3505
2026-07-02T12:33Z,Argentina,0.336,0.1835
2026-07-02T12:33Z,Spain,0.205,0.1005
2026-07-02T12:33Z,Netherlands,0.031,0.0
2026-07-02T12:33Z,England,0.101,0.0825
2026-07-02T12:33Z,Belgium,0.03,0.0155
2026-07-02T12:33Z,Germany,0.013,0.0
2026-07-02T12:33Z,Senegal,0.004,0.0
2026-07-02T12:33Z,Morocco,0.029,0.0255
2026-07-02T12:33Z,Japan,0.003,0.0
2026-07-02T12:33Z,Bosnia and Herzegovina,0.0,0.0
2026-07-02T12:33Z,Curaçao,0.0,0.0
2026-07-02T12:33Z,Czech Republic,0.0,0.0
2026-07-02T12:33Z,DR Congo,0.0,0.0
2026-07-02T12:33Z,Ecuador,0.0,0.0
2026-07-02T12:33Z,Haiti,0.0,0.0
2026-07-02T12:33Z,Iran,0.0,0.0
2026-07-02T12:33Z,Iraq,0.0,0.0
2026-07-02T12:33Z,Ivory Coast,0.0,0.0
2026-07-02T12:33Z,Jordan,0.0,0.0
2026-07-02T12:33Z,New Zealand,0.0,0.0
2026-07-02T12:33Z,Panama,0.0,0.0
2026-07-02T12:33Z,Qatar,0.0,0.0
2026-07-02T12:33Z,Saudi Arabia,0.0,0.0
2026-07-02T12:33Z,Scotland,0.0,0.0
2026-07-02T12:33Z,South Africa,0.0,0.0
2026-07-02T12:33Z,South Korea,0.0,0.0
2026-07-02T12:33Z,Sweden,0.0,0.0
2026-07-02T12:33Z,Tunisia,0.0,0.0
2026-07-02T12:33Z,Uruguay,0.0,0.0
2026-07-02T12:33Z,Uzbekistan,0.0,0.0
2026-07-02T12:33Z,Australia,0.001,0.0015
2026-07-02T12:33Z,Algeria,0.0,0.0005
2026-07-02T12:33Z,Cape Verde,0.0,0.0005
2026-07-02T12:33Z,Ghana,0.0,0.0005
2026-07-02T12:33Z,Colombia,0.024,0.0245
2026-07-02T12:33Z,Switzerland,0.006,0.0075
2026-07-02T12:33Z,Croatia,0.002,0.0035
2026-07-02T12:33Z,Austria,0.0,0.0015
2026-07-02T12:33Z,Egypt,0.0,0.0015
2026-07-02T12:33Z,Paraguay,0.0,0.0015
2026-07-02T12:33Z,Canada,0.0,0.0025
2026-07-02T12:33Z,Brazil,0.061,0.0645
2026-07-02T12:33Z,Norway,0.004,0.0185
2026-07-02T12:33Z,Portugal,0.036,0.0605
2026-07-02T12:33Z,United States,0.0,0.0265
2026-07-02T12:33Z,Mexico,0.002,0.0345
2026-07-02T12:33Z,France,0.112,0.3505
2026-07-02T14:58Z,Argentina,0.336,0.1835
2026-07-02T14:58Z,Spain,0.205,0.0995
2026-07-02T14:58Z,Netherlands,0.031,0.0
2026-07-02T14:58Z,England,0.101,0.0815
2026-07-02T14:58Z,Belgium,0.03,0.0155
2026-07-02T14:58Z,Germany,0.013,0.0
2026-07-02T14:58Z,Senegal,0.004,0.0
2026-07-02T14:58Z,Morocco,0.029,0.0255
2026-07-02T14:58Z,Japan,0.003,0.0
2026-07-02T14:58Z,Colombia,0.024,0.0235
2026-07-02T14:58Z,Bosnia and Herzegovina,0.0,0.0
2026-07-02T14:58Z,Curaçao,0.0,0.0
2026-07-02T14:58Z,Czech Republic,0.0,0.0
2026-07-02T14:58Z,DR Congo,0.0,0.0
2026-07-02T14:58Z,Ecuador,0.0,0.0
2026-07-02T14:58Z,Haiti,0.0,0.0
2026-07-02T14:58Z,Iran,0.0,0.0
2026-07-02T14:58Z,Iraq,0.0,0.0
2026-07-02T14:58Z,Ivory Coast,0.0,0.0
2026-07-02T14:58Z,Jordan,0.0,0.0
2026-07-02T14:58Z,New Zealand,0.0,0.0
2026-07-02T14:58Z,Panama,0.0,0.0
2026-07-02T14:58Z,Qatar,0.0,0.0
2026-07-02T14:58Z,Saudi Arabia,0.0,0.0
2026-07-02T14:58Z,Scotland,0.0,0.0
2026-07-02T14:58Z,South Africa,0.0,0.0
2026-07-02T14:58Z,South Korea,0.0,0.0
2026-07-02T14:58Z,Sweden,0.0,0.0
2026-07-02T14:58Z,Tunisia,0.0,0.0
2026-07-02T14:58Z,Uruguay,0.0,0.0
2026-07-02T14:58Z,Uzbekistan,0.0,0.0
2026-07-02T14:58Z,Australia,0.001,0.0015
2026-07-02T14:58Z,Algeria,0.0,0.0005
2026-07-02T14:58Z,Cape Verde,0.0,0.0005
2026-07-02T14:58Z,Ghana,0.0,0.0005
2026-07-02T14:58Z,Switzerland,0.006,0.0075
2026-07-02T14:58Z,Croatia,0.002,0.0035
2026-07-02T14:58Z,Austria,0.0,0.0015
2026-07-02T14:58Z,Egypt,0.0,0.0015
2026-07-02T14:58Z,Paraguay,0.0,0.0015
2026-07-02T14:58Z,Canada,0.0,0.0025
2026-07-02T14:58Z,Brazil,0.061,0.0645
2026-07-02T14:58Z,Norway,0.004,0.0195
2026-07-02T14:58Z,Portugal,0.036,0.0595
2026-07-02T14:58Z,United States,0.0,0.0255
2026-07-02T14:58Z,Mexico,0.002,0.0345
2026-07-02T14:58Z,France,0.112,0.3505
2026-07-02T16:49Z,Argentina,0.336,0.1845
2026-07-02T16:49Z,Spain,0.205,0.1005
2026-07-02T16:49Z,Netherlands,0.031,0.0
2026-07-02T16:49Z,England,0.101,0.0815
2026-07-02T16:49Z,Belgium,0.03,0.0155
2026-07-02T16:49Z,Germany,0.013,0.0
2026-07-02T16:49Z,Senegal,0.004,0.0
2026-07-02T16:49Z,Morocco,0.029,0.0255
2026-07-02T16:49Z,Japan,0.003,0.0
2026-07-02T16:49Z,Colombia,0.024,0.0235
2026-07-02T16:49Z,Bosnia and Herzegovina,0.0,0.0
2026-07-02T16:49Z,Curaçao,0.0,0.0
2026-07-02T16:49Z,Czech Republic,0.0,0.0
2026-07-02T16:49Z,DR Congo,0.0,0.0
2026-07-02T16:49Z,Ecuador,0.0,0.0
2026-07-02T16:49Z,Haiti,0.0,0.0
2026-07-02T16:49Z,Iran,0.0,0.0
2026-07-02T16:49Z,Iraq,0.0,0.0
2026-07-02T16:49Z,Ivory Coast,0.0,0.0
2026-07-02T16:49Z,Jordan,0.0,0.0
2026-07-02T16:49Z,New Zealand,0.0,0.0
2026-07-02T16:49Z,Panama,0.0,0.0
2026-07-02T16:49Z,Qatar,0.0,0.0
2026-07-02T16:49Z,Saudi Arabia,0.0,0.0
2026-07-02T16:49Z,Scotland,0.0,0.0
2026-07-02T16:49Z,South Africa,0.0,0.0
2026-07-02T16:49Z,South Korea,0.0,0.0
2026-07-02T16:49Z,Sweden,0.0,0.0
2026-07-02T16:49Z,Tunisia,0.0,0.0
2026-07-02T16:49Z,Uruguay,0.0,0.0
2026-07-02T16:49Z,Uzbekistan,0.0,0.0
2026-07-02T16:49Z,Australia,0.001,0.0015
2026-07-02T16:49Z,Algeria,0.0,0.0005
2026-07-02T16:49Z,Cape Verde,0.0,0.0005
2026-07-02T16:49Z,Ghana,0.0,0.0005
2026-07-02T16:49Z,Switzerland,0.006,0.0075
2026-07-02T16:49Z,Croatia,0.002,0.0035
2026-07-02T16:49Z,Austria,0.0,0.0015
2026-07-02T16:49Z,Egypt,0.0,0.0015
2026-07-02T16:49Z,Paraguay,0.0,0.0015
2026-07-02T16:49Z,Canada,0.0,0.0025
2026-07-02T16:49Z,Brazil,0.061,0.0645
2026-07-02T16:49Z,Norway,0.004,0.0185
2026-07-02T16:49Z,United States,0.0,0.0255
2026-07-02T16:49Z,Portugal,0.036,0.0635
2026-07-02T16:49Z,Mexico,0.002,0.0355
2026-07-02T16:49Z,France,0.112,0.3475
2026-07-02T18:25Z,Argentina,0.336,0.1845
2026-07-02T18:25Z,Spain,0.205,0.1105
2026-07-02T18:25Z,Netherlands,0.031,0.0
2026-07-02T18:25Z,England,0.101,0.0805
2026-07-02T18:25Z,Belgium,0.03,0.0155
2026-07-02T18:25Z,Germany,0.013,0.0
2026-07-02T18:25Z,Senegal,0.004,0.0
2026-07-02T18:25Z,Morocco,0.029,0.0255
2026-07-02T18:25Z,Japan,0.003,0.0
2026-07-02T18:25Z,Colombia,0.024,0.0235
2026-07-02T18:25Z,Bosnia and Herzegovina,0.0,0.0
2026-07-02T18:25Z,Curaçao,0.0,0.0
2026-07-02T18:25Z,Czech Republic,0.0,0.0
2026-07-02T18:25Z,DR Congo,0.0,0.0
2026-07-02T18:25Z,Ecuador,0.0,0.0
2026-07-02T18:25Z,Haiti,0.0,0.0
2026-07-02T18:25Z,Iran,0.0,0.0
2026-07-02T18:25Z,Iraq,0.0,0.0
2026-07-02T18:25Z,Ivory Coast,0.0,0.0
2026-07-02T18:25Z,Jordan,0.0,0.0
2026-07-02T18:25Z,New Zealand,0.0,0.0
2026-07-02T18:25Z,Panama,0.0,0.0
2026-07-02T18:25Z,Qatar,0.0,0.0
2026-07-02T18:25Z,Saudi Arabia,0.0,0.0
2026-07-02T18:25Z,Scotland,0.0,0.0
2026-07-02T18:25Z,South Africa,0.0,0.0
2026-07-02T18:25Z,South Korea,0.0,0.0
2026-07-02T18:25Z,Sweden,0.0,0.0
2026-07-02T18:25Z,Tunisia,0.0,0.0
2026-07-02T18:25Z,Uruguay,0.0,0.0
2026-07-02T18:25Z,Uzbekistan,0.0,0.0
2026-07-02T18:25Z,Australia,0.001,0.0015
2026-07-02T18:25Z,Algeria,0.0,0.0005
2026-07-02T18:25Z,Cape Verde,0.0,0.0005
2026-07-02T18:25Z,Ghana,0.0,0.0005
2026-07-02T18:25Z,Switzerland,0.006,0.0075
2026-07-02T18:25Z,Croatia,0.002,0.0035
2026-07-02T18:25Z,Austria,0.0,0.0015
2026-07-02T18:25Z,Egypt,0.0,0.0015
2026-07-02T18:25Z,Paraguay,0.0,0.0015
2026-07-02T18:25Z,Canada,0.0,0.0025
2026-07-02T18:25Z,Brazil,0.061,0.0645
2026-07-02T18:25Z,Norway,0.004,0.0185
2026-07-02T18:25Z,Portugal,0.036,0.0595
2026-07-02T18:25Z,United States,0.0,0.0255
2026-07-02T18:25Z,Mexico,0.002,0.0355
2026-07-02T18:25Z,France,0.112,0.3465
2026-07-02T20:08Z,Argentina,0.336,0.1835
2026-07-02T20:08Z,Spain,0.205,0.1175
2026-07-02T20:08Z,Netherlands,0.031,0.0
2026-07-02T20:08Z,England,0.101,0.0785
2026-07-02T20:08Z,Belgium,0.03,0.0145
2026-07-02T20:08Z,Germany,0.013,0.0
2026-07-02T20:08Z,Senegal,0.004,0.0
2026-07-02T20:08Z,Morocco,0.029,0.0255
2026-07-02T20:08Z,Japan,0.003,0.0
2026-07-02T20:08Z,Colombia,0.024,0.0235
2026-07-02T20:08Z,Bosnia and Herzegovina,0.0,0.0
2026-07-02T20:08Z,Curaçao,0.0,0.0
2026-07-02T20:08Z,Czech Republic,0.0,0.0
2026-07-02T20:08Z,DR Congo,0.0,0.0
2026-07-02T20:08Z,Ecuador,0.0,0.0
2026-07-02T20:08Z,Haiti,0.0,0.0
2026-07-02T20:08Z,Iran,0.0,0.0
2026-07-02T20:08Z,Iraq,0.0,0.0
2026-07-02T20:08Z,Ivory Coast,0.0,0.0
2026-07-02T20:08Z,Jordan,0.0,0.0
2026-07-02T20:08Z,New Zealand,0.0,0.0
2026-07-02T20:08Z,Panama,0.0,0.0
2026-07-02T20:08Z,Qatar,0.0,0.0
2026-07-02T20:08Z,Saudi Arabia,0.0,0.0
2026-07-02T20:08Z,Scotland,0.0,0.0
2026-07-02T20:08Z,South Africa,0.0,0.0
2026-07-02T20:08Z,South Korea,0.0,0.0
2026-07-02T20:08Z,Sweden,0.0,0.0
2026-07-02T20:08Z,Tunisia,0.0,0.0
2026-07-02T20:08Z,Uruguay,0.0,0.0
2026-07-02T20:08Z,Uzbekistan,0.0,0.0
2026-07-02T20:08Z,Australia,0.001,0.0015
2026-07-02T20:08Z,Algeria,0.0,0.0005
2026-07-02T20:08Z,Austria,0.0,0.0005
2026-07-02T20:08Z,Cape Verde,0.0,0.0005
2026-07-02T20:08Z,Ghana,0.0,0.0005
2026-07-02T20:08Z,Switzerland,0.006,0.0075
2026-07-02T20:08Z,Croatia,0.002,0.0035
2026-07-02T20:08Z,Egypt,0.0,0.0015
2026-07-02T20:08Z,Paraguay,0.0,0.0015
2026-07-02T20:08Z,Canada,0.0,0.0025
2026-07-02T20:08Z,Brazil,0.061,0.0645
2026-07-02T20:08Z,Norway,0.004,0.0185
2026-07-02T20:08Z,Portugal,0.036,0.0595
2026-07-02T20:08Z,United States,0.0,0.0255
2026-07-02T20:08Z,Mexico,0.002,0.0345
2026-07-02T20:08Z,France,0.112,0.3435
2026-07-02T21:37Z,Argentina,0.332,0.1835
2026-07-02T21:37Z,Spain,0.219,0.1265
2026-07-02T21:37Z,Netherlands,0.034,0.0
2026-07-02T21:37Z,England,0.103,0.0765
2026-07-02T21:37Z,Germany,0.015,0.0
2026-07-02T21:37Z,Belgium,0.025,0.0145
2026-07-02T21:37Z,Ecuador,0.006,0.0
2026-07-02T21:37Z,Japan,0.003,0.0
2026-07-02T21:37Z,Senegal,0.003,0.0
2026-07-02T21:37Z,Ivory Coast,0.001,0.0
2026-07-02T21:37Z,Australia,0.002,0.0015
2026-07-02T21:37Z,Austria,0.001,0.0005
2026-07-02T21:37Z,Bosnia and Herzegovina,0.0,0.0
2026-07-02T21:37Z,Curaçao,0.0,0.0
2026-07-02T21:37Z,Czech Republic,0.0,0.0
2026-07-02T21:37Z,DR Congo,0.0,0.0
2026-07-02T21:37Z,Haiti,0.0,0.0
2026-07-02T21:37Z,Iran,0.0,0.0
2026-07-02T21:37Z,Iraq,0.0,0.0
2026-07-02T21:37Z,Jordan,0.0,0.0
2026-07-02T21:37Z,New Zealand,0.0,0.0
2026-07-02T21:37Z,Panama,0.0,0.0
2026-07-02T21:37Z,Qatar,0.0,0.0
2026-07-02T21:37Z,Saudi Arabia,0.0,0.0
2026-07-02T21:37Z,Scotland,0.0,0.0
2026-07-02T21:37Z,South Africa,0.0,0.0
2026-07-02T21:37Z,South Korea,0.0,0.0
2026-07-02T21:37Z,Sweden,0.0,0.0
2026-07-02T21:37Z,Tunisia,0.0,0.0
2026-07-02T21:37Z,Uruguay,0.0,0.0
2026-07-02T21:37Z,Uzbekistan,0.0,0.0
2026-07-02T21:37Z,Canada,0.002,0.0025
2026-07-02T21:37Z,Algeria,0.0,0.0005
2026-07-02T21:37Z,Cape Verde,0.0,0.0005
2026-07-02T21:37Z,Ghana,0.0,0.0005
2026-07-02T21:37Z,Portugal,0.058,0.0585
2026-07-02T21:37Z,Colombia,0.024,0.0245
2026-07-02T21:37Z,Egypt,0.0,0.0015
2026-07-02T21:37Z,Paraguay,0.0,0.0015
2026-07-02T21:37Z,Croatia,0.001,0.0035
2026-07-02T21:37Z,Morocco,0.021,0.0255
2026-07-02T21:37Z,Switzerland,0.003,0.0075
2026-07-02T21:37Z,Norway,0.005,0.0185
2026-07-02T21:37Z,Brazil,0.04,0.0655
2026-07-02T21:37Z,United States,0.001,0.0275
2026-07-02T21:37Z,Mexico,0.001,0.0345
2026-07-02T21:37Z,France,0.1,0.3435
2026-07-02T22:44Z,Argentina,0.332,0.184
2026-07-02T22:44Z,Spain,0.219,0.1285
2026-07-02T22:44Z,Netherlands,0.034,0.0
2026-07-02T22:44Z,England,0.103,0.0765
2026-07-02T22:44Z,Germany,0.015,0.0
2026-07-02T22:44Z,Belgium,0.025,0.0145
2026-07-02T22:44Z,Ecuador,0.006,0.0
2026-07-02T22:44Z,Japan,0.003,0.0
2026-07-02T22:44Z,Senegal,0.003,0.0
2026-07-02T22:44Z,Ivory Coast,0.001,0.0
2026-07-02T22:44Z,Australia,0.002,0.0015
2026-07-02T22:44Z,Austria,0.001,0.0005
2026-07-02T22:44Z,Bosnia and Herzegovina,0.0,0.0
2026-07-02T22:44Z,Curaçao,0.0,0.0
2026-07-02T22:44Z,Czech Republic,0.0,0.0
2026-07-02T22:44Z,DR Congo,0.0,0.0
2026-07-02T22:44Z,Haiti,0.0,0.0
2026-07-02T22:44Z,Iran,0.0,0.0
2026-07-02T22:44Z,Iraq,0.0,0.0
2026-07-02T22:44Z,Jordan,0.0,0.0
2026-07-02T22:44Z,New Zealand,0.0,0.0
2026-07-02T22:44Z,Panama,0.0,0.0
2026-07-02T22:44Z,Qatar,0.0,0.0
2026-07-02T22:44Z,Saudi Arabia,0.0,0.0
2026-07-02T22:44Z,Scotland,0.0,0.0
2026-07-02T22:44Z,South Africa,0.0,0.0
2026-07-02T22:44Z,South Korea,0.0,0.0
2026-07-02T22:44Z,Sweden,0.0,0.0
2026-07-02T22:44Z,Tunisia,0.0,0.0
2026-07-02T22:44Z,Uruguay,0.0,0.0
2026-07-02T22:44Z,Uzbekistan,0.0,0.0
2026-07-02T22:44Z,Canada,0.002,0.0025
2026-07-02T22:44Z,Algeria,0.0,0.0005
2026-07-02T22:44Z,Cape Verde,0.0,0.0005
2026-07-02T22:44Z,Ghana,0.0,0.0005
2026-07-02T22:44Z,Colombia,0.024,0.0245
2026-07-02T22:44Z,Egypt,0.0,0.0015
2026-07-02T22:44Z,Paraguay,0.0,0.0015
2026-07-02T22:44Z,Croatia,0.001,0.0035
2026-07-02T22:44Z,Morocco,0.021,0.0245
2026-07-02T22:44Z,Switzerland,0.003,0.0075
2026-07-02T22:44Z,Portugal,0.058,0.0645
2026-07-02T22:44Z,Norway,0.005,0.0185
2026-07-02T22:44Z,United States,0.001,0.0265
2026-07-02T22:44Z,Brazil,0.04,0.0655
2026-07-02T22:44Z,Mexico,0.001,0.0285
2026-07-02T22:44Z,France,0.1,0.3435
2026-07-03T00:00Z,Argentina,0.332,0.1875
2026-07-03T00:00Z,Spain,0.219,0.1285
2026-07-03T00:00Z,Netherlands,0.034,0.0
2026-07-03T00:00Z,England,0.103,0.0765
2026-07-03T00:00Z,Germany,0.015,0.0
2026-07-03T00:00Z,Belgium,0.025,0.0135
2026-07-03T00:00Z,Ecuador,0.006,0.0
2026-07-03T00:00Z,Japan,0.003,0.0
2026-07-03T00:00Z,Senegal,0.003,0.0
2026-07-03T00:00Z,Ivory Coast,0.001,0.0
2026-07-03T00:00Z,Australia,0.002,0.0015
2026-07-03T00:00Z,Austria,0.001,0.0005
2026-07-03T00:00Z,Bosnia and Herzegovina,0.0,0.0
2026-07-03T00:00Z,Curaçao,0.0,0.0
2026-07-03T00:00Z,Czech Republic,0.0,0.0
2026-07-03T00:00Z,DR Congo,0.0,0.0
2026-07-03T00:00Z,Haiti,0.0,0.0
2026-07-03T00:00Z,Iran,0.0,0.0
2026-07-03T00:00Z,Iraq,0.0,0.0
2026-07-03T00:00Z,Jordan,0.0,0.0
2026-07-03T00:00Z,New Zealand,0.0,0.0
2026-07-03T00:00Z,Panama,0.0,0.0
2026-07-03T00:00Z,Qatar,0.0,0.0
2026-07-03T00:00Z,Saudi Arabia,0.0,0.0
2026-07-03T00:00Z,Scotland,0.0,0.0
2026-07-03T00:00Z,South Africa,0.0,0.0
2026-07-03T00:00Z,South Korea,0.0,0.0
2026-07-03T00:00Z,Sweden,0.0,0.0
2026-07-03T00:00Z,Tunisia,0.0,0.0
2026-07-03T00:00Z,Uruguay,0.0,0.0
2026-07-03T00:00Z,Uzbekistan,0.0,0.0
2026-07-03T00:00Z,Canada,0.002,0.0025
2026-07-03T00:00Z,Algeria,0.0,0.0005
2026-07-03T00:00Z,Cape Verde,0.0,0.0005
2026-07-03T00:00Z,Ghana,0.0,0.0005
2026-07-03T00:00Z,Colombia,0.024,0.0245
2026-07-03T00:00Z,Portugal,0.058,0.0595
2026-07-03T00:00Z,Egypt,0.0,0.0015
2026-07-03T00:00Z,Paraguay,0.0,0.0015
2026-07-03T00:00Z,Morocco,0.021,0.0235
2026-07-03T00:00Z,Croatia,0.001,0.0035
2026-07-03T00:00Z,Switzerland,0.003,0.0065
2026-07-03T00:00Z,Norway,0.005,0.0185
2026-07-03T00:00Z,United States,0.001,0.0265
2026-07-03T00:00Z,Brazil,0.04,0.0655
2026-07-03T00:00Z,Mexico,0.001,0.0325
2026-07-03T00:00Z,France,0.1,0.3425
2026-07-03T03:18Z,Argentina,0.298,0.1865
2026-07-03T03:18Z,Spain,0.222,0.1235
2026-07-03T03:18Z,England,0.116,0.0765
2026-07-03T03:18Z,Netherlands,0.031,0.0
2026-07-03T03:18Z,Germany,0.013,0.0
2026-07-03T03:18Z,Belgium,0.025,0.0125
2026-07-03T03:18Z,Japan,0.005,0.0
2026-07-03T03:18Z,Colombia,0.028,0.0245
2026-07-03T03:18Z,Ecuador,0.002,0.0
2026-07-03T03:18Z,Croatia,0.002,0.0005
2026-07-03T03:18Z,Ivory Coast,0.001,0.0
2026-07-03T03:18Z,Senegal,0.001,0.0
2026-07-03T03:18Z,Austria,0.0,0.0
2026-07-03T03:18Z,Bosnia and Herzegovina,0.0,0.0
2026-07-03T03:18Z,Curaçao,0.0,0.0
2026-07-03T03:18Z,Czech Republic,0.0,0.0
2026-07-03T03:18Z,DR Congo,0.0,0.0
2026-07-03T03:18Z,Haiti,0.0,0.0
2026-07-03T03:18Z,Iran,0.0,0.0
2026-07-03T03:18Z,Iraq,0.0,0.0
2026-07-03T03:18Z,Jordan,0.0,0.0
2026-07-03T03:18Z,New Zealand,0.0,0.0
2026-07-03T03:18Z,Panama,0.0,0.0
2026-07-03T03:18Z,Qatar,0.0,0.0
2026-07-03T03:18Z,Saudi Arabia,0.0,0.0
2026-07-03T03:18Z,Scotland,0.0,0.0
2026-07-03T03:18Z,South Africa,0.0,0.0
2026-07-03T03:18Z,South Korea,0.0,0.0
2026-07-03T03:18Z,Sweden,0.0,0.0
2026-07-03T03:18Z,Tunisia,0.0,0.0
2026-07-03T03:18Z,Uruguay,0.0,0.0
2026-07-03T03:18Z,Uzbekistan,0.0,0.0
2026-07-03T03:18Z,Algeria,0.0,0.0005
2026-07-03T03:18Z,Cape Verde,0.0,0.0005
2026-07-03T03:18Z,Ghana,0.0,0.0005
2026-07-03T03:18Z,Australia,0.0,0.0015
2026-07-03T03:18Z,Egypt,0.0,0.0015
2026-07-03T03:18Z,Paraguay,0.0,0.0015
2026-07-03T03:18Z,Morocco,0.022,0.0235
2026-07-03T03:18Z,Canada,0.0,0.0025
2026-07-03T03:18Z,Switzerland,0.001,0.0075
2026-07-03T03:18Z,Portugal,0.055,0.0625
2026-07-03T03:18Z,Brazil,0.052,0.0635
2026-07-03T03:18Z,Norway,0.005,0.0185
2026-07-03T03:18Z,United States,0.001,0.0255
2026-07-03T03:18Z,Mexico,0.001,0.0365
2026-07-03T03:18Z,France,0.119,0.3415
2026-07-03T06:46Z,Argentina,0.285,0.1925
2026-07-03T06:46Z,Spain,0.214,0.1225
2026-07-03T06:46Z,England,0.123,0.0725
2026-07-03T06:46Z,Netherlands,0.022,0.0
2026-07-03T06:46Z,Morocco,0.035,0.0235
2026-07-03T06:46Z,Belgium,0.024,0.0125
2026-07-03T06:46Z,Germany,0.011,0.0
2026-07-03T06:46Z,Colombia,0.031,0.0245
2026-07-03T06:46Z,Japan,0.004,0.0
2026-07-03T06:46Z,Senegal,0.003,0.0
2026-07-03T06:46Z,Croatia,0.002,0.0
2026-07-03T06:46Z,Austria,0.0,0.0
2026-07-03T06:46Z,Bosnia and Herzegovina,0.0,0.0
2026-07-03T06:46Z,Curaçao,0.0,0.0
2026-07-03T06:46Z,Czech Republic,0.0,0.0
2026-07-03T06:46Z,DR Congo,0.0,0.0
2026-07-03T06:46Z,Ecuador,0.0,0.0
2026-07-03T06:46Z,Haiti,0.0,0.0
2026-07-03T06:46Z,Iran,0.0,0.0
2026-07-03T06:46Z,Iraq,0.0,0.0
2026-07-03T06:46Z,Ivory Coast,0.0,0.0
2026-07-03T06:46Z,Jordan,0.0,0.0
2026-07-03T06:46Z,New Zealand,0.0,0.0
2026-07-03T06:46Z,Panama,0.0,0.0
2026-07-03T06:46Z,Qatar,0.0,0.0
2026-07-03T06:46Z,Saudi Arabia,0.0,0.0
2026-07-03T06:46Z,Scotland,0.0,0.0
2026-07-03T06:46Z,South Africa,0.0,0.0
2026-07-03T06:46Z,South Korea,0.0,0.0
2026-07-03T06:46Z,Sweden,0.0,0.0
2026-07-03T06:46Z,Tunisia,0.0,0.0
2026-07-03T06:46Z,Uruguay,0.0,0.0
2026-07-03T06:46Z,Uzbekistan,0.0,0.0
2026-07-03T06:46Z,Algeria,0.0,0.0005
2026-07-03T06:46Z,Cape Verde,0.0,0.0005
2026-07-03T06:46Z,Ghana,0.0,0.0005
2026-07-03T06:46Z,Switzerland,0.008,0.0085
2026-07-03T06:46Z,Portugal,0.061,0.062
2026-07-03T06:46Z,Canada,0.001,0.0025
2026-07-03T06:46Z,Australia,0.0,0.0015
2026-07-03T06:46Z,Egypt,0.0,0.0015
2026-07-03T06:46Z,Paraguay,0.0,0.0015
2026-07-03T06:46Z,Brazil,0.054,0.0625
2026-07-03T06:46Z,Norway,0.003,0.0185
2026-07-03T06:46Z,United States,0.0,0.0255
2026-07-03T06:46Z,Mexico,0.002,0.0325
2026-07-03T06:46Z,France,0.117,0.3415
2026-07-03T09:53Z,Argentina,0.285,0.1925
2026-07-03T09:53Z,Spain,0.214,0.1235
2026-07-03T09:53Z,England,0.123,0.0725
2026-07-03T09:53Z,Netherlands,0.022,0.0
2026-07-03T09:53Z,Morocco,0.035,0.0235
2026-07-03T09:53Z,Belgium,0.024,0.0125
2026-07-03T09:53Z,Germany,0.011,0.0
2026-07-03T09:53Z,Colombia,0.031,0.0225
2026-07-03T09:53Z,Japan,0.004,0.0
2026-07-03T09:53Z,Senegal,0.003,0.0
2026-07-03T09:53Z,Croatia,0.002,0.0
2026-07-03T09:53Z,Portugal,0.061,0.061
2026-07-03T09:53Z,Algeria,0.0,0.0
2026-07-03T09:53Z,Austria,0.0,0.0
2026-07-03T09:53Z,Bosnia and Herzegovina,0.0,0.0
2026-07-03T09:53Z,Curaçao,0.0,0.0
2026-07-03T09:53Z,Czech Republic,0.0,0.0
2026-07-03T09:53Z,DR Congo,0.0,0.0
2026-07-03T09:53Z,Ecuador,0.0,0.0
2026-07-03T09:53Z,Haiti,0.0,0.0
2026-07-03T09:53Z,Iran,0.0,0.0
2026-07-03T09:53Z,Iraq,0.0,0.0
2026-07-03T09:53Z,Ivory Coast,0.0,0.0
2026-07-03T09:53Z,Jordan,0.0,0.0
2026-07-03T09:53Z,New Zealand,0.0,0.0
2026-07-03T09:53Z,Panama,0.0,0.0
2026-07-03T09:53Z,Qatar,0.0,0.0
2026-07-03T09:53Z,Saudi Arabia,0.0,0.0
2026-07-03T09:53Z,Scotland,0.0,0.0
2026-07-03T09:53Z,South Africa,0.0,0.0
2026-07-03T09:53Z,South Korea,0.0,0.0
2026-07-03T09:53Z,Sweden,0.0,0.0
2026-07-03T09:53Z,Tunisia,0.0,0.0
2026-07-03T09:53Z,Uruguay,0.0,0.0
2026-07-03T09:53Z,Uzbekistan,0.0,0.0
2026-07-03T09:53Z,Cape Verde,0.0,0.0005
2026-07-03T09:53Z,Ghana,0.0,0.0005
2026-07-03T09:53Z,Switzerland,0.008,0.0085
2026-07-03T09:53Z,Canada,0.001,0.0025
2026-07-03T09:53Z,Australia,0.0,0.0015
2026-07-03T09:53Z,Egypt,0.0,0.0015
2026-07-03T09:53Z,Paraguay,0.0,0.0015
2026-07-03T09:53Z,Brazil,0.054,0.0625
2026-07-03T09:53Z,Norway,0.003,0.0185
2026-07-03T09:53Z,United States,0.0,0.0255
2026-07-03T09:53Z,Mexico,0.002,0.0315
2026-07-03T09:53Z,France,0.117,0.3345
2026-07-03T12:04Z,Argentina,0.285,0.1925
2026-07-03T12:04Z,Spain,0.214,0.1245
2026-07-03T12:04Z,England,0.123,0.0715
2026-07-03T12:04Z,Netherlands,0.022,0.0
2026-07-03T12:04Z,Morocco,0.035,0.0235
2026-07-03T12:04Z,Belgium,0.024,0.0125
2026-07-03T12:04Z,Germany,0.011,0.0
2026-07-03T12:04Z,Colombia,0.031,0.0245
2026-07-03T12:04Z,Japan,0.004,0.0
2026-07-03T12:04Z,Senegal,0.003,0.0
2026-07-03T12:04Z,Croatia,0.002,0.0
2026-07-03T12:04Z,Algeria,0.0,0.0
2026-07-03T12:04Z,Austria,0.0,0.0
2026-07-03T12:04Z,Bosnia and Herzegovina,0.0,0.0
2026-07-03T12:04Z,Curaçao,0.0,0.0
2026-07-03T12:04Z,Czech Republic,0.0,0.0
2026-07-03T12:04Z,DR Congo,0.0,0.0
2026-07-03T12:04Z,Ecuador,0.0,0.0
2026-07-03T12:04Z,Haiti,0.0,0.0
2026-07-03T12:04Z,Iran,0.0,0.0
2026-07-03T12:04Z,Iraq,0.0,0.0
2026-07-03T12:04Z,Ivory Coast,0.0,0.0
2026-07-03T12:04Z,Jordan,0.0,0.0
2026-07-03T12:04Z,New Zealand,0.0,0.0
2026-07-03T12:04Z,Panama,0.0,0.0
2026-07-03T12:04Z,Qatar,0.0,0.0
2026-07-03T12:04Z,Saudi Arabia,0.0,0.0
2026-07-03T12:04Z,Scotland,0.0,0.0
2026-07-03T12:04Z,South Africa,0.0,0.0
2026-07-03T12:04Z,South Korea,0.0,0.0
2026-07-03T12:04Z,Sweden,0.0,0.0
2026-07-03T12:04Z,Tunisia,0.0,0.0
2026-07-03T12:04Z,Uruguay,0.0,0.0
2026-07-03T12:04Z,Uzbekistan,0.0,0.0
2026-07-03T12:04Z,Cape Verde,0.0,0.0005
2026-07-03T12:04Z,Ghana,0.0,0.0005
2026-07-03T12:04Z,Portugal,0.061,0.0615
2026-07-03T12:04Z,Switzerland,0.008,0.0085
2026-07-03T12:04Z,Canada,0.001,0.0025
2026-07-03T12:04Z,Australia,0.0,0.0015
2026-07-03T12:04Z,Egypt,0.0,0.0015
2026-07-03T12:04Z,Paraguay,0.0,0.0015
2026-07-03T12:04Z,Brazil,0.054,0.0625
2026-07-03T12:04Z,Norway,0.003,0.0185
2026-07-03T12:04Z,United States,0.0,0.0255
2026-07-03T12:04Z,Mexico,0.002,0.0315
2026-07-03T12:04Z,France,0.117,0.3325
2026-07-03T14:35Z,Argentina,0.285,0.1945
2026-07-03T14:35Z,Spain,0.214,0.13
2026-07-03T14:35Z,England,0.123,0.0715
2026-07-03T14:35Z,Netherlands,0.022,0.0
2026-07-03T14:35Z,Belgium,0.024,0.0125
2026-07-03T14:35Z,Germany,0.011,0.0
2026-07-03T14:35Z,Morocco,0.035,0.0245
2026-07-03T14:35Z,Colombia,0.031,0.0225
2026-07-03T14:35Z,Japan,0.004,0.0
2026-07-03T14:35Z,Senegal,0.003,0.0
2026-07-03T14:35Z,Croatia,0.002,0.0
2026-07-03T14:35Z,Portugal,0.061,0.0605
2026-07-03T14:35Z,Algeria,0.0,0.0
2026-07-03T14:35Z,Austria,0.0,0.0
2026-07-03T14:35Z,Bosnia and Herzegovina,0.0,0.0
2026-07-03T14:35Z,Curaçao,0.0,0.0
2026-07-03T14:35Z,Czech Republic,0.0,0.0
2026-07-03T14:35Z,DR Congo,0.0,0.0
2026-07-03T14:35Z,Ecuador,0.0,0.0
2026-07-03T14:35Z,Haiti,0.0,0.0
2026-07-03T14:35Z,Iran,0.0,0.0
2026-07-03T14:35Z,Iraq,0.0,0.0
2026-07-03T14:35Z,Ivory Coast,0.0,0.0
2026-07-03T14:35Z,Jordan,0.0,0.0
2026-07-03T14:35Z,New Zealand,0.0,0.0
2026-07-03T14:35Z,Panama,0.0,0.0
2026-07-03T14:35Z,Qatar,0.0,0.0
2026-07-03T14:35Z,Saudi Arabia,0.0,0.0
2026-07-03T14:35Z,Scotland,0.0,0.0
2026-07-03T14:35Z,South Africa,0.0,0.0
2026-07-03T14:35Z,South Korea,0.0,0.0
2026-07-03T14:35Z,Sweden,0.0,0.0
2026-07-03T14:35Z,Tunisia,0.0,0.0
2026-07-03T14:35Z,Uruguay,0.0,0.0
2026-07-03T14:35Z,Uzbekistan,0.0,0.0
2026-07-03T14:35Z,Cape Verde,0.0,0.0005
2026-07-03T14:35Z,Ghana,0.0,0.0005
2026-07-03T14:35Z,Switzerland,0.008,0.0085
2026-07-03T14:35Z,Canada,0.001,0.0025
2026-07-03T14:35Z,Australia,0.0,0.0015
2026-07-03T14:35Z,Egypt,0.0,0.0015
2026-07-03T14:35Z,Paraguay,0.0,0.0015
2026-07-03T14:35Z,Brazil,0.054,0.0625
2026-07-03T14:35Z,Norway,0.003,0.0185
2026-07-03T14:35Z,United States,0.0,0.0255
2026-07-03T14:35Z,Mexico,0.002,0.0315
2026-07-03T14:35Z,France,0.117,0.3325
2026-07-03T16:11Z,Argentina,0.285,0.1935
2026-07-03T16:11Z,Spain,0.214,0.1335
2026-07-03T16:11Z,England,0.123,0.0735
2026-07-03T16:11Z,Netherlands,0.022,0.0
2026-07-03T16:11Z,Belgium,0.024,0.0125
2026-07-03T16:11Z,Germany,0.011,0.0
2026-07-03T16:11Z,Morocco,0.035,0.0255
2026-07-03T16:11Z,Colombia,0.031,0.0235
2026-07-03T16:11Z,Japan,0.004,0.0
2026-07-03T16:11Z,Senegal,0.003,0.0
2026-07-03T16:11Z,Croatia,0.002,0.0
2026-07-03T16:11Z,Portugal,0.061,0.0605
2026-07-03T16:11Z,Algeria,0.0,0.0
2026-07-03T16:11Z,Austria,0.0,0.0
2026-07-03T16:11Z,Bosnia and Herzegovina,0.0,0.0
2026-07-03T16:11Z,Curaçao,0.0,0.0
2026-07-03T16:11Z,Czech Republic,0.0,0.0
2026-07-03T16:11Z,DR Congo,0.0,0.0
2026-07-03T16:11Z,Ecuador,0.0,0.0
2026-07-03T16:11Z,Haiti,0.0,0.0
2026-07-03T16:11Z,Iran,0.0,0.0
2026-07-03T16:11Z,Iraq,0.0,0.0
2026-07-03T16:11Z,Ivory Coast,0.0,0.0
2026-07-03T16:11Z,Jordan,0.0,0.0
2026-07-03T16:11Z,New Zealand,0.0,0.0
2026-07-03T16:11Z,Panama,0.0,0.0
2026-07-03T16:11Z,Qatar,0.0,0.0
2026-07-03T16:11Z,Saudi Arabia,0.0,0.0
2026-07-03T16:11Z,Scotland,0.0,0.0
2026-07-03T16:11Z,South Africa,0.0,0.0
2026-07-03T16:11Z,South Korea,0.0,0.0
2026-07-03T16:11Z,Sweden,0.0,0.0
2026-07-03T16:11Z,Tunisia,0.0,0.0
2026-07-03T16:11Z,Uruguay,0.0,0.0
2026-07-03T16:11Z,Uzbekistan,0.0,0.0
2026-07-03T16:11Z,Cape Verde,0.0,0.0005
2026-07-03T16:11Z,Ghana,0.0,0.0005
2026-07-03T16:11Z,Switzerland,0.008,0.0085
2026-07-03T16:11Z,Canada,0.001,0.0025
2026-07-03T16:11Z,Australia,0.0,0.0015
2026-07-03T16:11Z,Egypt,0.0,0.0015
2026-07-03T16:11Z,Paraguay,0.0,0.0015
2026-07-03T16:11Z,Brazil,0.054,0.0675
2026-07-03T16:11Z,Norway,0.003,0.0175
2026-07-03T16:11Z,United States,0.0,0.0255
2026-07-03T16:11Z,Mexico,0.002,0.0315
2026-07-03T16:11Z,France,0.117,0.3335
2026-07-03T17:52Z,Argentina,0.285,0.1935
2026-07-03T17:52Z,Spain,0.214,0.1285
2026-07-03T17:52Z,England,0.123,0.0715
2026-07-03T17:52Z,Netherlands,0.022,0.0
2026-07-03T17:52Z,Belgium,0.024,0.0125
2026-07-03T17:52Z,Germany,0.011,0.0
2026-07-03T17:52Z,Morocco,0.035,0.0255
2026-07-03T17:52Z,Colombia,0.031,0.0235
2026-07-03T17:52Z,Japan,0.004,0.0
2026-07-03T17:52Z,Senegal,0.003,0.0
2026-07-03T17:52Z,Portugal,0.061,0.0585
2026-07-03T17:52Z,Croatia,0.002,0.0
2026-07-03T17:52Z,Algeria,0.0,0.0
2026-07-03T17:52Z,Austria,0.0,0.0
2026-07-03T17:52Z,Bosnia and Herzegovina,0.0,0.0
2026-07-03T17:52Z,Curaçao,0.0,0.0
2026-07-03T17:52Z,Czech Republic,0.0,0.0
2026-07-03T17:52Z,DR Congo,0.0,0.0
2026-07-03T17:52Z,Ecuador,0.0,0.0
2026-07-03T17:52Z,Haiti,0.0,0.0
2026-07-03T17:52Z,Iran,0.0,0.0
2026-07-03T17:52Z,Iraq,0.0,0.0
2026-07-03T17:52Z,Ivory Coast,0.0,0.0
2026-07-03T17:52Z,Jordan,0.0,0.0
2026-07-03T17:52Z,New Zealand,0.0,0.0
2026-07-03T17:52Z,Panama,0.0,0.0
2026-07-03T17:52Z,Qatar,0.0,0.0
2026-07-03T17:52Z,Saudi Arabia,0.0,0.0
2026-07-03T17:52Z,Scotland,0.0,0.0
2026-07-03T17:52Z,South Africa,0.0,0.0
2026-07-03T17:52Z,South Korea,0.0,0.0
2026-07-03T17:52Z,Sweden,0.0,0.0
2026-07-03T17:52Z,Tunisia,0.0,0.0
2026-07-03T17:52Z,Uruguay,0.0,0.0
2026-07-03T17:52Z,Uzbekistan,0.0,0.0
2026-07-03T17:52Z,Cape Verde,0.0,0.0005
2026-07-03T17:52Z,Ghana,0.0,0.0005
2026-07-03T17:52Z,Switzerland,0.008,0.0085
2026-07-03T17:52Z,Canada,0.001,0.0025
2026-07-03T17:52Z,Australia,0.0,0.0015
2026-07-03T17:52Z,Egypt,0.0,0.0015
2026-07-03T17:52Z,Paraguay,0.0,0.0015
2026-07-03T17:52Z,Norway,0.003,0.0175
2026-07-03T17:52Z,Brazil,0.054,0.0685
2026-07-03T17:52Z,United States,0.0,0.0255
2026-07-03T17:52Z,Mexico,0.002,0.0305
2026-07-03T17:52Z,France,0.117,0.3335
2026-07-03T19:08Z,Argentina,0.285,0.1935
2026-07-03T19:08Z,Spain,0.214,0.1285
2026-07-03T19:08Z,England,0.123,0.0715
2026-07-03T19:08Z,Netherlands,0.022,0.0
2026-07-03T19:08Z,Belgium,0.024,0.0125
2026-07-03T19:08Z,Germany,0.011,0.0
2026-07-03T19:08Z,Morocco,0.035,0.0255
2026-07-03T19:08Z,Colombia,0.031,0.0235
2026-07-03T19:08Z,Japan,0.004,0.0
2026-07-03T19:08Z,Senegal,0.003,0.0
2026-07-03T19:08Z,Croatia,0.002,0.0
2026-07-03T19:08Z,Portugal,0.061,0.0605
2026-07-03T19:08Z,Algeria,0.0,0.0
2026-07-03T19:08Z,Austria,0.0,0.0
2026-07-03T19:08Z,Bosnia and Herzegovina,0.0,0.0
2026-07-03T19:08Z,Curaçao,0.0,0.0
2026-07-03T19:08Z,Czech Republic,0.0,0.0
2026-07-03T19:08Z,DR Congo,0.0,0.0
2026-07-03T19:08Z,Ecuador,0.0,0.0
2026-07-03T19:08Z,Haiti,0.0,0.0
2026-07-03T19:08Z,Iran,0.0,0.0
2026-07-03T19:08Z,Iraq,0.0,0.0
2026-07-03T19:08Z,Ivory Coast,0.0,0.0
2026-07-03T19:08Z,Jordan,0.0,0.0
2026-07-03T19:08Z,New Zealand,0.0,0.0
2026-07-03T19:08Z,Panama,0.0,0.0
2026-07-03T19:08Z,Qatar,0.0,0.0
2026-07-03T19:08Z,Saudi Arabia,0.0,0.0
2026-07-03T19:08Z,Scotland,0.0,0.0
2026-07-03T19:08Z,South Africa,0.0,0.0
2026-07-03T19:08Z,South Korea,0.0,0.0
2026-07-03T19:08Z,Sweden,0.0,0.0
2026-07-03T19:08Z,Tunisia,0.0,0.0
2026-07-03T19:08Z,Uruguay,0.0,0.0
2026-07-03T19:08Z,Uzbekistan,0.0,0.0
2026-07-03T19:08Z,Australia,0.0,0.0005
2026-07-03T19:08Z,Cape Verde,0.0,0.0005
2026-07-03T19:08Z,Ghana,0.0,0.0005
2026-07-03T19:08Z,Switzerland,0.008,0.0085
2026-07-03T19:08Z,Canada,0.001,0.0025
2026-07-03T19:08Z,Egypt,0.0,0.0015
2026-07-03T19:08Z,Paraguay,0.0,0.0015
2026-07-03T19:08Z,Brazil,0.054,0.0675
2026-07-03T19:08Z,Norway,0.003,0.0185
2026-07-03T19:08Z,United States,0.0,0.0255
2026-07-03T19:08Z,Mexico,0.002,0.0305
2026-07-03T19:08Z,France,0.117,0.3335
2026-07-03T20:35Z,Argentina,0.285,0.1935
2026-07-03T20:35Z,Spain,0.214,0.1285
2026-07-03T20:35Z,England,0.123,0.0715
2026-07-03T20:35Z,Netherlands,0.022,0.0
2026-07-03T20:35Z,Belgium,0.024,0.0125
2026-07-03T20:35Z,Germany,0.011,0.0
2026-07-03T20:35Z,Morocco,0.035,0.0255
2026-07-03T20:35Z,Colombia,0.031,0.0245
2026-07-03T20:35Z,Japan,0.004,0.0
2026-07-03T20:35Z,Senegal,0.003,0.0
2026-07-03T20:35Z,Portugal,0.061,0.0585
2026-07-03T20:35Z,Croatia,0.002,0.0
2026-07-03T20:35Z,Algeria,0.0,0.0
2026-07-03T20:35Z,Austria,0.0,0.0
2026-07-03T20:35Z,Bosnia and Herzegovina,0.0,0.0
2026-07-03T20:35Z,Curaçao,0.0,0.0
2026-07-03T20:35Z,Czech Republic,0.0,0.0
2026-07-03T20:35Z,DR Congo,0.0,0.0
2026-07-03T20:35Z,Ecuador,0.0,0.0
2026-07-03T20:35Z,Haiti,0.0,0.0
2026-07-03T20:35Z,Iran,0.0,0.0
2026-07-03T20:35Z,Iraq,0.0,0.0
2026-07-03T20:35Z,Ivory Coast,0.0,0.0
2026-07-03T20:35Z,Jordan,0.0,0.0
2026-07-03T20:35Z,New Zealand,0.0,0.0
2026-07-03T20:35Z,Panama,0.0,0.0
2026-07-03T20:35Z,Qatar,0.0,0.0
2026-07-03T20:35Z,Saudi Arabia,0.0,0.0
2026-07-03T20:35Z,Scotland,0.0,0.0
2026-07-03T20:35Z,South Africa,0.0,0.0
2026-07-03T20:35Z,South Korea,0.0,0.0
2026-07-03T20:35Z,Sweden,0.0,0.0
2026-07-03T20:35Z,Tunisia,0.0,0.0
2026-07-03T20:35Z,Uruguay,0.0,0.0
2026-07-03T20:35Z,Uzbekistan,0.0,0.0
2026-07-03T20:35Z,Australia,0.0,0.0005
2026-07-03T20:35Z,Cape Verde,0.0,0.0005
2026-07-03T20:35Z,Ghana,0.0,0.0005
2026-07-03T20:35Z,Switzerland,0.008,0.0085
2026-07-03T20:35Z,Canada,0.001,0.0025
2026-07-03T20:35Z,Egypt,0.0,0.0015
2026-07-03T20:35Z,Paraguay,0.0,0.0015
2026-07-03T20:35Z,Brazil,0.054,0.0675
2026-07-03T20:35Z,Norway,0.003,0.0185
2026-07-03T20:35Z,United States,0.0,0.0245
2026-07-03T20:35Z,Mexico,0.002,0.032
2026-07-03T20:35Z,France,0.117,0.3335
2026-07-03T21:44Z,Argentina,0.285,0.1965
2026-07-03T21:44Z,Spain,0.214,0.1285
2026-07-03T21:44Z,England,0.123,0.0735
2026-07-03T21:44Z,Netherlands,0.022,0.0
2026-07-03T21:44Z,Belgium,0.024,0.0115
2026-07-03T21:44Z,Germany,0.011,0.0
2026-07-03T21:44Z,Morocco,0.035,0.0255
2026-07-03T21:44Z,Colombia,0.031,0.0235
2026-07-03T21:44Z,Japan,0.004,0.0
2026-07-03T21:44Z,Senegal,0.003,0.0
2026-07-03T21:44Z,Portugal,0.061,0.0585
2026-07-03T21:44Z,Croatia,0.002,0.0
2026-07-03T21:44Z,Algeria,0.0,0.0
2026-07-03T21:44Z,Austria,0.0,0.0
2026-07-03T21:44Z,Bosnia and Herzegovina,0.0,0.0
2026-07-03T21:44Z,Curaçao,0.0,0.0
2026-07-03T21:44Z,Czech Republic,0.0,0.0
2026-07-03T21:44Z,DR Congo,0.0,0.0
2026-07-03T21:44Z,Ecuador,0.0,0.0
2026-07-03T21:44Z,Haiti,0.0,0.0
2026-07-03T21:44Z,Iran,0.0,0.0
2026-07-03T21:44Z,Iraq,0.0,0.0
2026-07-03T21:44Z,Ivory Coast,0.0,0.0
2026-07-03T21:44Z,Jordan,0.0,0.0
2026-07-03T21:44Z,New Zealand,0.0,0.0
2026-07-03T21:44Z,Panama,0.0,0.0
2026-07-03T21:44Z,Qatar,0.0,0.0
2026-07-03T21:44Z,Saudi Arabia,0.0,0.0
2026-07-03T21:44Z,Scotland,0.0,0.0
2026-07-03T21:44Z,South Africa,0.0,0.0
2026-07-03T21:44Z,South Korea,0.0,0.0
2026-07-03T21:44Z,Sweden,0.0,0.0
2026-07-03T21:44Z,Tunisia,0.0,0.0
2026-07-03T21:44Z,Uruguay,0.0,0.0
2026-07-03T21:44Z,Uzbekistan,0.0,0.0
2026-07-03T21:44Z,Australia,0.0,0.0005
2026-07-03T21:44Z,Cape Verde,0.0,0.0005
2026-07-03T21:44Z,Ghana,0.0,0.0005
2026-07-03T21:44Z,Switzerland,0.008,0.0085
2026-07-03T21:44Z,Canada,0.001,0.0025
2026-07-03T21:44Z,Paraguay,0.0,0.0015
2026-07-03T21:44Z,Egypt,0.0,0.0025
2026-07-03T21:44Z,Brazil,0.054,0.0675
2026-07-03T21:44Z,Norway,0.003,0.0185
2026-07-03T21:44Z,United States,0.0,0.0245
2026-07-03T21:44Z,Mexico,0.002,0.0305
2026-07-03T21:44Z,France,0.117,0.3335
2026-07-03T22:57Z,Spain,0.214,0.1235
2026-07-03T22:57Z,Argentina,0.285,0.2055
2026-07-03T22:57Z,England,0.123,0.0735
2026-07-03T22:57Z,Netherlands,0.022,0.0
2026-07-03T22:57Z,Belgium,0.024,0.0105
2026-07-03T22:57Z,Germany,0.011,0.0
2026-07-03T22:57Z,Morocco,0.035,0.0255
2026-07-03T22:57Z,Colombia,0.031,0.0225
2026-07-03T22:57Z,Japan,0.004,0.0
2026-07-03T22:57Z,Portugal,0.061,0.0575
2026-07-03T22:57Z,Senegal,0.003,0.0
2026-07-03T22:57Z,Croatia,0.002,0.0
2026-07-03T22:57Z,Algeria,0.0,0.0
2026-07-03T22:57Z,Austria,0.0,0.0
2026-07-03T22:57Z,Bosnia and Herzegovina,0.0,0.0
2026-07-03T22:57Z,Curaçao,0.0,0.0
2026-07-03T22:57Z,Czech Republic,0.0,0.0
2026-07-03T22:57Z,DR Congo,0.0,0.0
2026-07-03T22:57Z,Ecuador,0.0,0.0
2026-07-03T22:57Z,Haiti,0.0,0.0
2026-07-03T22:57Z,Iran,0.0,0.0
2026-07-03T22:57Z,Iraq,0.0,0.0
2026-07-03T22:57Z,Ivory Coast,0.0,0.0
2026-07-03T22:57Z,Jordan,0.0,0.0
2026-07-03T22:57Z,New Zealand,0.0,0.0
2026-07-03T22:57Z,Panama,0.0,0.0
2026-07-03T22:57Z,Qatar,0.0,0.0
2026-07-03T22:57Z,Saudi Arabia,0.0,0.0
2026-07-03T22:57Z,Scotland,0.0,0.0
2026-07-03T22:57Z,South Africa,0.0,0.0
2026-07-03T22:57Z,South Korea,0.0,0.0
2026-07-03T22:57Z,Sweden,0.0,0.0
2026-07-03T22:57Z,Tunisia,0.0,0.0
2026-07-03T22:57Z,Uruguay,0.0,0.0
2026-07-03T22:57Z,Uzbekistan,0.0,0.0
2026-07-03T22:57Z,Australia,0.0,0.0005
2026-07-03T22:57Z,Cape Verde,0.0,0.0005
2026-07-03T22:57Z,Ghana,0.0,0.0005
2026-07-03T22:57Z,Switzerland,0.008,0.0085
2026-07-03T22:57Z,Canada,0.001,0.0025
2026-07-03T22:57Z,Paraguay,0.0,0.0015
2026-07-03T22:57Z,Egypt,0.0,0.0025
2026-07-03T22:57Z,Brazil,0.054,0.0675
2026-07-03T22:57Z,Norway,0.003,0.0175
2026-07-03T22:57Z,United States,0.0,0.0245
2026-07-03T22:57Z,Mexico,0.002,0.0325
2026-07-03T22:57Z,France,0.117,0.3335
2026-07-04T00:02Z,Argentina,0.285,0.1345
2026-07-04T00:02Z,Spain,0.214,0.1295
2026-07-04T00:02Z,England,0.123,0.0775
2026-07-04T00:02Z,Netherlands,0.022,0.0
2026-07-04T00:02Z,Belgium,0.024,0.0105
2026-07-04T00:02Z,Germany,0.011,0.0
2026-07-04T00:02Z,Morocco,0.035,0.0255
2026-07-04T00:02Z,Japan,0.004,0.0
2026-07-04T00:02Z,Colombia,0.031,0.0275
2026-07-04T00:02Z,Senegal,0.003,0.0
2026-07-04T00:02Z,Croatia,0.002,0.0
2026-07-04T00:02Z,Algeria,0.0,0.0
2026-07-04T00:02Z,Australia,0.0,0.0
2026-07-04T00:02Z,Austria,0.0,0.0
2026-07-04T00:02Z,Bosnia and Herzegovina,0.0,0.0
2026-07-04T00:02Z,Curaçao,0.0,0.0
2026-07-04T00:02Z,Czech Republic,0.0,0.0
2026-07-04T00:02Z,DR Congo,0.0,0.0
2026-07-04T00:02Z,Ecuador,0.0,0.0
2026-07-04T00:02Z,Haiti,0.0,0.0
2026-07-04T00:02Z,Iran,0.0,0.0
2026-07-04T00:02Z,Iraq,0.0,0.0
2026-07-04T00:02Z,Ivory Coast,0.0,0.0
2026-07-04T00:02Z,Jordan,0.0,0.0
2026-07-04T00:02Z,New Zealand,0.0,0.0
2026-07-04T00:02Z,Panama,0.0,0.0
2026-07-04T00:02Z,Qatar,0.0,0.0
2026-07-04T00:02Z,Saudi Arabia,0.0,0.0
2026-07-04T00:02Z,Scotland,0.0,0.0
2026-07-04T00:02Z,South Africa,0.0,0.0
2026-07-04T00:02Z,South Korea,0.0,0.0
2026-07-04T00:02Z,Sweden,0.0,0.0
2026-07-04T00:02Z,Tunisia,0.0,0.0
2026-07-04T00:02Z,Uruguay,0.0,0.0
2026-07-04T00:02Z,Uzbekistan,0.0,0.0
2026-07-04T00:02Z,Ghana,0.0,0.0005
2026-07-04T00:02Z,Portugal,0.061,0.0615
2026-07-04T00:02Z,Switzerland,0.008,0.0095
2026-07-04T00:02Z,Canada,0.001,0.0025
2026-07-04T00:02Z,Paraguay,0.0,0.0015
2026-07-04T00:02Z,Egypt,0.0,0.0025
2026-07-04T00:02Z,Cape Verde,0.0,0.0035
2026-07-04T00:02Z,Norway,0.003,0.0175
2026-07-04T00:02Z,Brazil,0.054,0.07
2026-07-04T00:02Z,United States,0.0,0.0255
2026-07-04T00:02Z,Mexico,0.002,0.0375
2026-07-04T00:02Z,France,0.117,0.3565
2026-07-04T03:43Z,Argentina,0.283,0.1765
2026-07-04T03:43Z,Spain,0.236,0.1315
2026-07-04T03:43Z,England,0.113,0.0695
2026-07-04T03:43Z,Netherlands,0.03,0.0
2026-07-04T03:43Z,Belgium,0.034,0.0115
2026-07-04T03:43Z,Germany,0.011,0.0
2026-07-04T03:43Z,Morocco,0.035,0.0255
2026-07-04T03:43Z,Croatia,0.002,0.0
2026-07-04T03:43Z,Japan,0.002,0.0
2026-07-04T03:43Z,Senegal,0.002,0.0
2026-07-04T03:43Z,Algeria,0.0,0.0
2026-07-04T03:43Z,Australia,0.0,0.0
2026-07-04T03:43Z,Austria,0.0,0.0
2026-07-04T03:43Z,Bosnia and Herzegovina,0.0,0.0
2026-07-04T03:43Z,Curaçao,0.0,0.0
2026-07-04T03:43Z,Czech Republic,0.0,0.0
2026-07-04T03:43Z,DR Congo,0.0,0.0
2026-07-04T03:43Z,Ecuador,0.0,0.0
2026-07-04T03:43Z,Haiti,0.0,0.0
2026-07-04T03:43Z,Iran,0.0,0.0
2026-07-04T03:43Z,Iraq,0.0,0.0
2026-07-04T03:43Z,Ivory Coast,0.0,0.0
2026-07-04T03:43Z,Jordan,0.0,0.0
2026-07-04T03:43Z,New Zealand,0.0,0.0
2026-07-04T03:43Z,Panama,0.0,0.0
2026-07-04T03:43Z,Qatar,0.0,0.0
2026-07-04T03:43Z,Saudi Arabia,0.0,0.0
2026-07-04T03:43Z,Scotland,0.0,0.0
2026-07-04T03:43Z,South Africa,0.0,0.0
2026-07-04T03:43Z,South Korea,0.0,0.0
2026-07-04T03:43Z,Sweden,0.0,0.0
2026-07-04T03:43Z,Tunisia,0.0,0.0
2026-07-04T03:43Z,Uruguay,0.0,0.0
2026-07-04T03:43Z,Uzbekistan,0.0,0.0
2026-07-04T03:43Z,Cape Verde,0.0,0.0005
2026-07-04T03:43Z,Ghana,0.0,0.0005
2026-07-04T03:43Z,Paraguay,0.0,0.0015
2026-07-04T03:43Z,Canada,0.0,0.0025
2026-07-04T03:43Z,Egypt,0.0,0.0025
2026-07-04T03:43Z,Switzerland,0.004,0.0095
2026-07-04T03:43Z,Portugal,0.052,0.0595
2026-07-04T03:43Z,Colombia,0.023,0.0315
2026-07-04T03:43Z,Norway,0.005,0.0175
2026-07-04T03:43Z,United States,0.002,0.0245
2026-07-04T03:43Z,Brazil,0.037,0.0625
2026-07-04T03:43Z,Mexico,0.002,0.0335
2026-07-04T03:43Z,France,0.127,0.3465
2026-07-04T06:43Z,Spain,0.236,0.1235
2026-07-04T06:43Z,Argentina,0.283,0.1725
2026-07-04T06:43Z,England,0.113,0.0705
2026-07-04T06:43Z,Netherlands,0.03,0.0
2026-07-04T06:43Z,Belgium,0.034,0.0115
2026-07-04T06:43Z,Germany,0.011,0.0
2026-07-04T06:43Z,Morocco,0.035,0.0255
2026-07-04T06:43Z,Croatia,0.002,0.0
2026-07-04T06:43Z,Japan,0.002,0.0
2026-07-04T06:43Z,Senegal,0.002,0.0
2026-07-04T06:43Z,Algeria,0.0,0.0
2026-07-04T06:43Z,Australia,0.0,0.0
2026-07-04T06:43Z,Austria,0.0,0.0
2026-07-04T06:43Z,Bosnia and Herzegovina,0.0,0.0
2026-07-04T06:43Z,Cape Verde,0.0,0.0
2026-07-04T06:43Z,Curaçao,0.0,0.0
2026-07-04T06:43Z,Czech Republic,0.0,0.0
2026-07-04T06:43Z,DR Congo,0.0,0.0
2026-07-04T06:43Z,Ecuador,0.0,0.0
2026-07-04T06:43Z,Haiti,0.0,0.0
2026-07-04T06:43Z,Iran,0.0,0.0
2026-07-04T06:43Z,Iraq,0.0,0.0
2026-07-04T06:43Z,Ivory Coast,0.0,0.0
2026-07-04T06:43Z,Jordan,0.0,0.0
2026-07-04T06:43Z,New Zealand,0.0,0.0
2026-07-04T06:43Z,Panama,0.0,0.0
2026-07-04T06:43Z,Qatar,0.0,0.0
2026-07-04T06:43Z,Saudi Arabia,0.0,0.0
2026-07-04T06:43Z,Scotland,0.0,0.0
2026-07-04T06:43Z,South Africa,0.0,0.0
2026-07-04T06:43Z,South Korea,0.0,0.0
2026-07-04T06:43Z,Sweden,0.0,0.0
2026-07-04T06:43Z,Tunisia,0.0,0.0
2026-07-04T06:43Z,Uruguay,0.0,0.0
2026-07-04T06:43Z,Uzbekistan,0.0,0.0
2026-07-04T06:43Z,Ghana,0.0,0.0005
2026-07-04T06:43Z,Paraguay,0.0,0.0015
2026-07-04T06:43Z,Canada,0.0,0.0025
2026-07-04T06:43Z,Egypt,0.0,0.0025
2026-07-04T06:43Z,Switzerland,0.004,0.0095
2026-07-04T06:43Z,Portugal,0.052,0.0605
2026-07-04T06:43Z,Colombia,0.023,0.0315
2026-07-04T06:43Z,Norway,0.005,0.0165
2026-07-04T06:43Z,United States,0.002,0.0245
2026-07-04T06:43Z,Brazil,0.037,0.0625
2026-07-04T06:43Z,Mexico,0.002,0.0335
2026-07-04T06:43Z,France,0.127,0.3435
2026-07-04T09:17Z,Spain,0.236,0.1225
2026-07-04T09:17Z,Argentina,0.283,0.1715
2026-07-04T09:17Z,England,0.113,0.0765
2026-07-04T09:17Z,Netherlands,0.03,0.0
2026-07-04T09:17Z,Belgium,0.034,0.0115
2026-07-04T09:17Z,Germany,0.011,0.0
2026-07-04T09:17Z,Morocco,0.035,0.0255
2026-07-04T09:17Z,Croatia,0.002,0.0
2026-07-04T09:17Z,Japan,0.002,0.0
2026-07-04T09:17Z,Senegal,0.002,0.0
2026-07-04T09:17Z,Algeria,0.0,0.0
2026-07-04T09:17Z,Australia,0.0,0.0
2026-07-04T09:17Z,Austria,0.0,0.0
2026-07-04T09:17Z,Bosnia and Herzegovina,0.0,0.0
2026-07-04T09:17Z,Cape Verde,0.0,0.0
2026-07-04T09:17Z,Curaçao,0.0,0.0
2026-07-04T09:17Z,Czech Republic,0.0,0.0
2026-07-04T09:17Z,DR Congo,0.0,0.0
2026-07-04T09:17Z,Ecuador,0.0,0.0
2026-07-04T09:17Z,Ghana,0.0,0.0
2026-07-04T09:17Z,Haiti,0.0,0.0
2026-07-04T09:17Z,Iran,0.0,0.0
2026-07-04T09:17Z,Iraq,0.0,0.0
2026-07-04T09:17Z,Ivory Coast,0.0,0.0
2026-07-04T09:17Z,Jordan,0.0,0.0
2026-07-04T09:17Z,New Zealand,0.0,0.0
2026-07-04T09:17Z,Panama,0.0,0.0
2026-07-04T09:17Z,Qatar,0.0,0.0
2026-07-04T09:17Z,Saudi Arabia,0.0,0.0
2026-07-04T09:17Z,Scotland,0.0,0.0
2026-07-04T09:17Z,South Africa,0.0,0.0
2026-07-04T09:17Z,South Korea,0.0,0.0
2026-07-04T09:17Z,Sweden,0.0,0.0
2026-07-04T09:17Z,Tunisia,0.0,0.0
2026-07-04T09:17Z,Uruguay,0.0,0.0
2026-07-04T09:17Z,Uzbekistan,0.0,0.0
2026-07-04T09:17Z,Paraguay,0.0,0.0015
2026-07-04T09:17Z,Canada,0.0,0.0025
2026-07-04T09:17Z,Egypt,0.0,0.0025
2026-07-04T09:17Z,Switzerland,0.004,0.0085
2026-07-04T09:17Z,Portugal,0.052,0.0595
2026-07-04T09:17Z,Colombia,0.023,0.0305
2026-07-04T09:17Z,Norway,0.005,0.0165
2026-07-04T09:17Z,United States,0.002,0.0245
2026-07-04T09:17Z,Brazil,0.037,0.0605
2026-07-04T09:17Z,Mexico,0.002,0.0335
2026-07-04T09:17Z,France,0.127,0.3485
2026-07-04T11:04Z,Spain,0.236,0.1225
2026-07-04T11:04Z,Argentina,0.283,0.1705
2026-07-04T11:04Z,England,0.113,0.0745
2026-07-04T11:04Z,Netherlands,0.03,0.0
2026-07-04T11:04Z,Belgium,0.034,0.0115
2026-07-04T11:04Z,Germany,0.011,0.0
2026-07-04T11:04Z,Morocco,0.035,0.0255
2026-07-04T11:04Z,Croatia,0.002,0.0
2026-07-04T11:04Z,Japan,0.002,0.0
2026-07-04T11:04Z,Senegal,0.002,0.0
2026-07-04T11:04Z,Algeria,0.0,0.0
2026-07-04T11:04Z,Australia,0.0,0.0
2026-07-04T11:04Z,Austria,0.0,0.0
2026-07-04T11:04Z,Bosnia and Herzegovina,0.0,0.0
2026-07-04T11:04Z,Cape Verde,0.0,0.0
2026-07-04T11:04Z,Curaçao,0.0,0.0
2026-07-04T11:04Z,Czech Republic,0.0,0.0
2026-07-04T11:04Z,DR Congo,0.0,0.0
2026-07-04T11:04Z,Ecuador,0.0,0.0
2026-07-04T11:04Z,Ghana,0.0,0.0
2026-07-04T11:04Z,Haiti,0.0,0.0
2026-07-04T11:04Z,Iran,0.0,0.0
2026-07-04T11:04Z,Iraq,0.0,0.0
2026-07-04T11:04Z,Ivory Coast,0.0,0.0
2026-07-04T11:04Z,Jordan,0.0,0.0
2026-07-04T11:04Z,New Zealand,0.0,0.0
2026-07-04T11:04Z,Panama,0.0,0.0
2026-07-04T11:04Z,Qatar,0.0,0.0
2026-07-04T11:04Z,Saudi Arabia,0.0,0.0
2026-07-04T11:04Z,Scotland,0.0,0.0
2026-07-04T11:04Z,South Africa,0.0,0.0
2026-07-04T11:04Z,South Korea,0.0,0.0
2026-07-04T11:04Z,Sweden,0.0,0.0
2026-07-04T11:04Z,Tunisia,0.0,0.0
2026-07-04T11:04Z,Uruguay,0.0,0.0
2026-07-04T11:04Z,Uzbekistan,0.0,0.0
2026-07-04T11:04Z,Paraguay,0.0,0.0015
2026-07-04T11:04Z,Canada,0.0,0.0025
2026-07-04T11:04Z,Egypt,0.0,0.0025
2026-07-04T11:04Z,Switzerland,0.004,0.0085
2026-07-04T11:04Z,Colombia,0.023,0.0305
2026-07-04T11:04Z,Portugal,0.052,0.0615
2026-07-04T11:04Z,Norway,0.005,0.0165
2026-07-04T11:04Z,United States,0.002,0.0245
2026-07-04T11:04Z,Brazil,0.037,0.0625
2026-07-04T11:04Z,Mexico,0.002,0.0335
2026-07-04T11:04Z,France,0.127,0.3515
2026-07-04T12:38Z,Spain,0.236,0.1225
2026-07-04T12:38Z,Argentina,0.283,0.1705
2026-07-04T12:38Z,England,0.113,0.0725
2026-07-04T12:38Z,Netherlands,0.03,0.0
2026-07-04T12:38Z,Belgium,0.034,0.0115
2026-07-04T12:38Z,Germany,0.011,0.0
2026-07-04T12:38Z,Morocco,0.035,0.0255
2026-07-04T12:38Z,Croatia,0.002,0.0
2026-07-04T12:38Z,Japan,0.002,0.0
2026-07-04T12:38Z,Senegal,0.002,0.0
2026-07-04T12:38Z,Algeria,0.0,0.0
2026-07-04T12:38Z,Australia,0.0,0.0
2026-07-04T12:38Z,Austria,0.0,0.0
2026-07-04T12:38Z,Bosnia and Herzegovina,0.0,0.0
2026-07-04T12:38Z,Cape Verde,0.0,0.0
2026-07-04T12:38Z,Curaçao,0.0,0.0
2026-07-04T12:38Z,Czech Republic,0.0,0.0
2026-07-04T12:38Z,DR Congo,0.0,0.0
2026-07-04T12:38Z,Ecuador,0.0,0.0
2026-07-04T12:38Z,Ghana,0.0,0.0
2026-07-04T12:38Z,Haiti,0.0,0.0
2026-07-04T12:38Z,Iran,0.0,0.0
2026-07-04T12:38Z,Iraq,0.0,0.0
2026-07-04T12:38Z,Ivory Coast,0.0,0.0
2026-07-04T12:38Z,Jordan,0.0,0.0
2026-07-04T12:38Z,New Zealand,0.0,0.0
2026-07-04T12:38Z,Panama,0.0,0.0
2026-07-04T12:38Z,Qatar,0.0,0.0
2026-07-04T12:38Z,Saudi Arabia,0.0,0.0
2026-07-04T12:38Z,Scotland,0.0,0.0
2026-07-04T12:38Z,South Africa,0.0,0.0
2026-07-04T12:38Z,South Korea,0.0,0.0
2026-07-04T12:38Z,Sweden,0.0,0.0
2026-07-04T12:38Z,Tunisia,0.0,0.0
2026-07-04T12:38Z,Uruguay,0.0,0.0
2026-07-04T12:38Z,Uzbekistan,0.0,0.0
2026-07-04T12:38Z,Paraguay,0.0,0.0015
2026-07-04T12:38Z,Canada,0.0,0.0025
2026-07-04T12:38Z,Egypt,0.0,0.0025
2026-07-04T12:38Z,Switzerland,0.004,0.0085
2026-07-04T12:38Z,Colombia,0.023,0.0305
2026-07-04T12:38Z,Portugal,0.052,0.0615
2026-07-04T12:38Z,Norway,0.005,0.0165
2026-07-04T12:38Z,United States,0.002,0.0245
2026-07-04T12:38Z,Brazil,0.037,0.0635
2026-07-04T12:38Z,Mexico,0.002,0.0325
2026-07-04T12:38Z,France,0.127,0.3515
2026-07-04T14:13Z,Argentina,0.283,0.1705
2026-07-04T14:13Z,Spain,0.236,0.1255
2026-07-04T14:13Z,England,0.113,0.0655
2026-07-04T14:13Z,Netherlands,0.03,0.0
2026-07-04T14:13Z,Belgium,0.034,0.0125
2026-07-04T14:13Z,Germany,0.011,0.0
2026-07-04T14:13Z,Morocco,0.035,0.0255
2026-07-04T14:13Z,Croatia,0.002,0.0
2026-07-04T14:13Z,Japan,0.002,0.0
2026-07-04T14:13Z,Senegal,0.002,0.0
2026-07-04T14:13Z,Algeria,0.0,0.0
2026-07-04T14:13Z,Australia,0.0,0.0
2026-07-04T14:13Z,Austria,0.0,0.0
2026-07-04T14:13Z,Bosnia and Herzegovina,0.0,0.0
2026-07-04T14:13Z,Cape Verde,0.0,0.0
2026-07-04T14:13Z,Curaçao,0.0,0.0
2026-07-04T14:13Z,Czech Republic,0.0,0.0
2026-07-04T14:13Z,DR Congo,0.0,0.0
2026-07-04T14:13Z,Ecuador,0.0,0.0
2026-07-04T14:13Z,Ghana,0.0,0.0
2026-07-04T14:13Z,Haiti,0.0,0.0
2026-07-04T14:13Z,Iran,0.0,0.0
2026-07-04T14:13Z,Iraq,0.0,0.0
2026-07-04T14:13Z,Ivory Coast,0.0,0.0
2026-07-04T14:13Z,Jordan,0.0,0.0
2026-07-04T14:13Z,New Zealand,0.0,0.0
2026-07-04T14:13Z,Panama,0.0,0.0
2026-07-04T14:13Z,Qatar,0.0,0.0
2026-07-04T14:13Z,Saudi Arabia,0.0,0.0
2026-07-04T14:13Z,Scotland,0.0,0.0
2026-07-04T14:13Z,South Africa,0.0,0.0
2026-07-04T14:13Z,South Korea,0.0,0.0
2026-07-04T14:13Z,Sweden,0.0,0.0
2026-07-04T14:13Z,Tunisia,0.0,0.0
2026-07-04T14:13Z,Uruguay,0.0,0.0
2026-07-04T14:13Z,Uzbekistan,0.0,0.0
2026-07-04T14:13Z,Canada,0.0,0.0025
2026-07-04T14:13Z,Egypt,0.0,0.0025
2026-07-04T14:13Z,Paraguay,0.0,0.0025
2026-07-04T14:13Z,Switzerland,0.004,0.0085
2026-07-04T14:13Z,Colombia,0.023,0.0305
2026-07-04T14:13Z,Portugal,0.052,0.0615
2026-07-04T14:13Z,Norway,0.005,0.0165
2026-07-04T14:13Z,United States,0.002,0.0245
2026-07-04T14:13Z,Brazil,0.037,0.0645
2026-07-04T14:13Z,Mexico,0.002,0.0325
2026-07-04T14:13Z,France,0.127,0.3495
2026-07-04T15:34Z,Argentina,0.283,0.1705
2026-07-04T15:34Z,Spain,0.236,0.1275
2026-07-04T15:34Z,England,0.113,0.0655
2026-07-04T15:34Z,Netherlands,0.03,0.0
2026-07-04T15:34Z,Belgium,0.034,0.0125
2026-07-04T15:34Z,Germany,0.011,0.0
2026-07-04T15:34Z,Morocco,0.035,0.0255
2026-07-04T15:34Z,Croatia,0.002,0.0
2026-07-04T15:34Z,Japan,0.002,0.0
2026-07-04T15:34Z,Senegal,0.002,0.0
2026-07-04T15:34Z,Algeria,0.0,0.0
2026-07-04T15:34Z,Australia,0.0,0.0
2026-07-04T15:34Z,Austria,0.0,0.0
2026-07-04T15:34Z,Bosnia and Herzegovina,0.0,0.0
2026-07-04T15:34Z,Cape Verde,0.0,0.0
2026-07-04T15:34Z,Curaçao,0.0,0.0
2026-07-04T15:34Z,Czech Republic,0.0,0.0
2026-07-04T15:34Z,DR Congo,0.0,0.0
2026-07-04T15:34Z,Ecuador,0.0,0.0
2026-07-04T15:34Z,Ghana,0.0,0.0
2026-07-04T15:34Z,Haiti,0.0,0.0
2026-07-04T15:34Z,Iran,0.0,0.0
2026-07-04T15:34Z,Iraq,0.0,0.0
2026-07-04T15:34Z,Ivory Coast,0.0,0.0
2026-07-04T15:34Z,Jordan,0.0,0.0
2026-07-04T15:34Z,New Zealand,0.0,0.0
2026-07-04T15:34Z,Panama,0.0,0.0
2026-07-04T15:34Z,Qatar,0.0,0.0
2026-07-04T15:34Z,Saudi Arabia,0.0,0.0
2026-07-04T15:34Z,Scotland,0.0,0.0
2026-07-04T15:34Z,South Africa,0.0,0.0
2026-07-04T15:34Z,South Korea,0.0,0.0
2026-07-04T15:34Z,Sweden,0.0,0.0
2026-07-04T15:34Z,Tunisia,0.0,0.0
2026-07-04T15:34Z,Uruguay,0.0,0.0
2026-07-04T15:34Z,Uzbekistan,0.0,0.0
2026-07-04T15:34Z,Canada,0.0,0.0025
2026-07-04T15:34Z,Egypt,0.0,0.0025
2026-07-04T15:34Z,Paraguay,0.0,0.0025
2026-07-04T15:34Z,Switzerland,0.004,0.0085
2026-07-04T15:34Z,Colombia,0.023,0.0305
2026-07-04T15:34Z,Portugal,0.052,0.0615
2026-07-04T15:34Z,Norway,0.005,0.0165
2026-07-04T15:34Z,United States,0.002,0.0245
2026-07-04T15:34Z,Brazil,0.037,0.0665
2026-07-04T15:34Z,Mexico,0.002,0.0325
2026-07-04T15:34Z,France,0.127,0.3515
2026-07-04T16:37Z,Argentina,0.283,0.1695
2026-07-04T16:37Z,Spain,0.236,0.1265
2026-07-04T16:37Z,England,0.113,0.0665
2026-07-04T16:37Z,Netherlands,0.03,0.0
2026-07-04T16:37Z,Belgium,0.034,0.0125
2026-07-04T16:37Z,Germany,0.011,0.0
2026-07-04T16:37Z,Morocco,0.035,0.0255
2026-07-04T16:37Z,Croatia,0.002,0.0
2026-07-04T16:37Z,Japan,0.002,0.0
2026-07-04T16:37Z,Senegal,0.002,0.0
2026-07-04T16:37Z,Algeria,0.0,0.0
2026-07-04T16:37Z,Australia,0.0,0.0
2026-07-04T16:37Z,Austria,0.0,0.0
2026-07-04T16:37Z,Bosnia and Herzegovina,0.0,0.0
2026-07-04T16:37Z,Cape Verde,0.0,0.0
2026-07-04T16:37Z,Curaçao,0.0,0.0
2026-07-04T16:37Z,Czech Republic,0.0,0.0
2026-07-04T16:37Z,DR Congo,0.0,0.0
2026-07-04T16:37Z,Ecuador,0.0,0.0
2026-07-04T16:37Z,Ghana,0.0,0.0
2026-07-04T16:37Z,Haiti,0.0,0.0
2026-07-04T16:37Z,Iran,0.0,0.0
2026-07-04T16:37Z,Iraq,0.0,0.0
2026-07-04T16:37Z,Ivory Coast,0.0,0.0
2026-07-04T16:37Z,Jordan,0.0,0.0
2026-07-04T16:37Z,New Zealand,0.0,0.0
2026-07-04T16:37Z,Panama,0.0,0.0
2026-07-04T16:37Z,Qatar,0.0,0.0
2026-07-04T16:37Z,Saudi Arabia,0.0,0.0
2026-07-04T16:37Z,Scotland,0.0,0.0
2026-07-04T16:37Z,South Africa,0.0,0.0
2026-07-04T16:37Z,South Korea,0.0,0.0
2026-07-04T16:37Z,Sweden,0.0,0.0
2026-07-04T16:37Z,Tunisia,0.0,0.0
2026-07-04T16:37Z,Uruguay,0.0,0.0
2026-07-04T16:37Z,Uzbekistan,0.0,0.0
2026-07-04T16:37Z,Canada,0.0,0.0025
2026-07-04T16:37Z,Egypt,0.0,0.0025
2026-07-04T16:37Z,Paraguay,0.0,0.0025
2026-07-04T16:37Z,Switzerland,0.004,0.0085
2026-07-04T16:37Z,Colombia,0.023,0.0305
2026-07-04T16:37Z,Portugal,0.052,0.0605
2026-07-04T16:37Z,Norway,0.005,0.0165
2026-07-04T16:37Z,United States,0.002,0.0245
2026-07-04T16:37Z,Brazil,0.037,0.0665
2026-07-04T16:37Z,Mexico,0.002,0.0325
2026-07-04T16:37Z,France,0.127,0.3515
2026-07-04T17:40Z,Spain,0.236,0.1235
2026-07-04T17:40Z,Argentina,0.283,0.1705
2026-07-04T17:40Z,England,0.113,0.0685
2026-07-04T17:40Z,Netherlands,0.03,0.0
2026-07-04T17:40Z,Belgium,0.034,0.0125
2026-07-04T17:40Z,Morocco,0.035,0.0145
2026-07-04T17:40Z,Germany,0.011,0.0
2026-07-04T17:40Z,Croatia,0.002,0.0
2026-07-04T17:40Z,Japan,0.002,0.0
2026-07-04T17:40Z,Senegal,0.002,0.0
2026-07-04T17:40Z,Algeria,0.0,0.0
2026-07-04T17:40Z,Australia,0.0,0.0
2026-07-04T17:40Z,Austria,0.0,0.0
2026-07-04T17:40Z,Bosnia and Herzegovina,0.0,0.0
2026-07-04T17:40Z,Cape Verde,0.0,0.0
2026-07-04T17:40Z,Curaçao,0.0,0.0
2026-07-04T17:40Z,Czech Republic,0.0,0.0
2026-07-04T17:40Z,DR Congo,0.0,0.0
2026-07-04T17:40Z,Ecuador,0.0,0.0
2026-07-04T17:40Z,Ghana,0.0,0.0
2026-07-04T17:40Z,Haiti,0.0,0.0
2026-07-04T17:40Z,Iran,0.0,0.0
2026-07-04T17:40Z,Iraq,0.0,0.0
2026-07-04T17:40Z,Ivory Coast,0.0,0.0
2026-07-04T17:40Z,Jordan,0.0,0.0
2026-07-04T17:40Z,New Zealand,0.0,0.0
2026-07-04T17:40Z,Panama,0.0,0.0
2026-07-04T17:40Z,Qatar,0.0,0.0
2026-07-04T17:40Z,Saudi Arabia,0.0,0.0
2026-07-04T17:40Z,Scotland,0.0,0.0
2026-07-04T17:40Z,South Africa,0.0,0.0
2026-07-04T17:40Z,South Korea,0.0,0.0
2026-07-04T17:40Z,Sweden,0.0,0.0
2026-07-04T17:40Z,Tunisia,0.0,0.0
2026-07-04T17:40Z,Uruguay,0.0,0.0
2026-07-04T17:40Z,Uzbekistan,0.0,0.0
2026-07-04T17:40Z,Egypt,0.0,0.0015
2026-07-04T17:40Z,Paraguay,0.0,0.0025
2026-07-04T17:40Z,Canada,0.0,0.0035
2026-07-04T17:40Z,Switzerland,0.004,0.0085
2026-07-04T17:40Z,Portugal,0.052,0.06
2026-07-04T17:40Z,Colombia,0.023,0.0315
2026-07-04T17:40Z,Norway,0.005,0.0165
2026-07-04T17:40Z,United States,0.002,0.0245
2026-07-04T17:40Z,Brazil,0.037,0.0665
2026-07-04T17:40Z,Mexico,0.002,0.0325
2026-07-04T17:40Z,France,0.127,0.3505
2026-07-04T18:39Z,Spain,0.236,0.1235
2026-07-04T18:39Z,Argentina,0.283,0.1705
2026-07-04T18:39Z,England,0.113,0.0685
2026-07-04T18:39Z,Netherlands,0.03,0.0
2026-07-04T18:39Z,Belgium,0.034,0.0125
2026-07-04T18:39Z,Morocco,0.035,0.0215
2026-07-04T18:39Z,Germany,0.011,0.0
2026-07-04T18:39Z,Croatia,0.002,0.0
2026-07-04T18:39Z,Japan,0.002,0.0
2026-07-04T18:39Z,Senegal,0.002,0.0
2026-07-04T18:39Z,Algeria,0.0,0.0
2026-07-04T18:39Z,Australia,0.0,0.0
2026-07-04T18:39Z,Austria,0.0,0.0
2026-07-04T18:39Z,Bosnia and Herzegovina,0.0,0.0
2026-07-04T18:39Z,Cape Verde,0.0,0.0
2026-07-04T18:39Z,Curaçao,0.0,0.0
2026-07-04T18:39Z,Czech Republic,0.0,0.0
2026-07-04T18:39Z,DR Congo,0.0,0.0
2026-07-04T18:39Z,Ecuador,0.0,0.0
2026-07-04T18:39Z,Ghana,0.0,0.0
2026-07-04T18:39Z,Haiti,0.0,0.0
2026-07-04T18:39Z,Iran,0.0,0.0
2026-07-04T18:39Z,Iraq,0.0,0.0
2026-07-04T18:39Z,Ivory Coast,0.0,0.0
2026-07-04T18:39Z,Jordan,0.0,0.0
2026-07-04T18:39Z,New Zealand,0.0,0.0
2026-07-04T18:39Z,Panama,0.0,0.0
2026-07-04T18:39Z,Qatar,0.0,0.0
2026-07-04T18:39Z,Saudi Arabia,0.0,0.0
2026-07-04T18:39Z,Scotland,0.0,0.0
2026-07-04T18:39Z,South Africa,0.0,0.0
2026-07-04T18:39Z,South Korea,0.0,0.0
2026-07-04T18:39Z,Sweden,0.0,0.0
2026-07-04T18:39Z,Tunisia,0.0,0.0
2026-07-04T18:39Z,Uruguay,0.0,0.0
2026-07-04T18:39Z,Uzbekistan,0.0,0.0
2026-07-04T18:39Z,Canada,0.0,0.0005
2026-07-04T18:39Z,Egypt,0.0,0.0015
2026-07-04T18:39Z,Paraguay,0.0,0.0025
2026-07-04T18:39Z,Switzerland,0.004,0.0085
2026-07-04T18:39Z,Portugal,0.052,0.0605
2026-07-04T18:39Z,Colombia,0.023,0.0315
2026-07-04T18:39Z,Norway,0.005,0.0165
2026-07-04T18:39Z,United States,0.002,0.0235
2026-07-04T18:39Z,Brazil,0.037,0.0655
2026-07-04T18:39Z,Mexico,0.002,0.0325
2026-07-04T18:39Z,France,0.127,0.3535
2026-07-04T19:52Z,Argentina,0.274,0.1685
2026-07-04T19:52Z,Spain,0.224,0.1235
2026-07-04T19:52Z,England,0.125,0.0675
2026-07-04T19:52Z,Netherlands,0.024,0.0
2026-07-04T19:52Z,Germany,0.018,0.0
2026-07-04T19:52Z,Morocco,0.039,0.0255
2026-07-04T19:52Z,Belgium,0.018,0.0125
2026-07-04T19:52Z,Croatia,0.002,0.0
2026-07-04T19:52Z,Senegal,0.002,0.0
2026-07-04T19:52Z,Australia,0.001,0.0
2026-07-04T19:52Z,Japan,0.001,0.0
2026-07-04T19:52Z,Algeria,0.0,0.0
2026-07-04T19:52Z,Austria,0.0,0.0
2026-07-04T19:52Z,Bosnia and Herzegovina,0.0,0.0
2026-07-04T19:52Z,Cape Verde,0.0,0.0
2026-07-04T19:52Z,Curaçao,0.0,0.0
2026-07-04T19:52Z,Czech Republic,0.0,0.0
2026-07-04T19:52Z,DR Congo,0.0,0.0
2026-07-04T19:52Z,Ecuador,0.0,0.0
2026-07-04T19:52Z,Ghana,0.0,0.0
2026-07-04T19:52Z,Haiti,0.0,0.0
2026-07-04T19:52Z,Iran,0.0,0.0
2026-07-04T19:52Z,Iraq,0.0,0.0
2026-07-04T19:52Z,Ivory Coast,0.0,0.0
2026-07-04T19:52Z,Jordan,0.0,0.0
2026-07-04T19:52Z,New Zealand,0.0,0.0
2026-07-04T19:52Z,Panama,0.0,0.0
2026-07-04T19:52Z,Qatar,0.0,0.0
2026-07-04T19:52Z,Saudi Arabia,0.0,0.0
2026-07-04T19:52Z,Scotland,0.0,0.0
2026-07-04T19:52Z,South Africa,0.0,0.0
2026-07-04T19:52Z,South Korea,0.0,0.0
2026-07-04T19:52Z,Sweden,0.0,0.0
2026-07-04T19:52Z,Tunisia,0.0,0.0
2026-07-04T19:52Z,Uruguay,0.0,0.0
2026-07-04T19:52Z,Uzbekistan,0.0,0.0
2026-07-04T19:52Z,Egypt,0.001,0.0015
2026-07-04T19:52Z,Canada,0.0,0.0005
2026-07-04T19:52Z,Paraguay,0.0,0.0015
2026-07-04T19:52Z,Portugal,0.059,0.0605
2026-07-04T19:52Z,Switzerland,0.005,0.0085
2026-07-04T19:52Z,Colombia,0.025,0.0305
2026-07-04T19:52Z,Norway,0.007,0.0165
2026-07-04T19:52Z,United States,0.001,0.0215
2026-07-04T19:52Z,Brazil,0.045,0.0655
2026-07-04T19:52Z,Mexico,0.003,0.0325
2026-07-04T19:52Z,France,0.126,0.3485
2026-07-04T20:48Z,Argentina,0.274,0.1635
2026-07-04T20:48Z,Spain,0.224,0.1235
2026-07-04T20:48Z,England,0.125,0.0675
2026-07-04T20:48Z,Netherlands,0.024,0.0
2026-07-04T20:48Z,Germany,0.018,0.0
2026-07-04T20:48Z,Morocco,0.039,0.0245
2026-07-04T20:48Z,Belgium,0.018,0.0125
2026-07-04T20:48Z,Croatia,0.002,0.0
2026-07-04T20:48Z,Senegal,0.002,0.0
2026-07-04T20:48Z,Australia,0.001,0.0
2026-07-04T20:48Z,Japan,0.001,0.0
2026-07-04T20:48Z,Algeria,0.0,0.0
2026-07-04T20:48Z,Austria,0.0,0.0
2026-07-04T20:48Z,Bosnia and Herzegovina,0.0,0.0
2026-07-04T20:48Z,Cape Verde,0.0,0.0
2026-07-04T20:48Z,Curaçao,0.0,0.0
2026-07-04T20:48Z,Czech Republic,0.0,0.0
2026-07-04T20:48Z,DR Congo,0.0,0.0
2026-07-04T20:48Z,Ecuador,0.0,0.0
2026-07-04T20:48Z,Ghana,0.0,0.0
2026-07-04T20:48Z,Haiti,0.0,0.0
2026-07-04T20:48Z,Iran,0.0,0.0
2026-07-04T20:48Z,Iraq,0.0,0.0
2026-07-04T20:48Z,Ivory Coast,0.0,0.0
2026-07-04T20:48Z,Jordan,0.0,0.0
2026-07-04T20:48Z,New Zealand,0.0,0.0
2026-07-04T20:48Z,Panama,0.0,0.0
2026-07-04T20:48Z,Qatar,0.0,0.0
2026-07-04T20:48Z,Saudi Arabia,0.0,0.0
2026-07-04T20:48Z,Scotland,0.0,0.0
2026-07-04T20:48Z,South Africa,0.0,0.0
2026-07-04T20:48Z,South Korea,0.0,0.0
2026-07-04T20:48Z,Sweden,0.0,0.0
2026-07-04T20:48Z,Tunisia,0.0,0.0
2026-07-04T20:48Z,Uruguay,0.0,0.0
2026-07-04T20:48Z,Uzbekistan,0.0,0.0
2026-07-04T20:48Z,Egypt,0.001,0.0015
2026-07-04T20:48Z,Canada,0.0,0.0005
2026-07-04T20:48Z,Portugal,0.059,0.0595
2026-07-04T20:48Z,Paraguay,0.0,0.0015
2026-07-04T20:48Z,Switzerland,0.005,0.0085
2026-07-04T20:48Z,Colombia,0.025,0.0305
2026-07-04T20:48Z,Norway,0.007,0.0165
2026-07-04T20:48Z,Brazil,0.045,0.0645
2026-07-04T20:48Z,United States,0.001,0.0235
2026-07-04T20:48Z,Mexico,0.003,0.0325
2026-07-04T20:48Z,France,0.126,0.3645
2026-07-04T21:53Z,Argentina,0.274,0.1665
2026-07-04T21:53Z,Spain,0.224,0.1245
2026-07-04T21:53Z,England,0.125,0.0675
2026-07-04T21:53Z,Netherlands,0.024,0.0
2026-07-04T21:53Z,Germany,0.018,0.0
2026-07-04T21:53Z,Morocco,0.039,0.0235
2026-07-04T21:53Z,Belgium,0.018,0.0125
2026-07-04T21:53Z,Croatia,0.002,0.0
2026-07-04T21:53Z,Senegal,0.002,0.0
2026-07-04T21:53Z,Australia,0.001,0.0
2026-07-04T21:53Z,Japan,0.001,0.0
2026-07-04T21:53Z,Portugal,0.059,0.0585
2026-07-04T21:53Z,Algeria,0.0,0.0
2026-07-04T21:53Z,Austria,0.0,0.0
2026-07-04T21:53Z,Bosnia and Herzegovina,0.0,0.0
2026-07-04T21:53Z,Cape Verde,0.0,0.0
2026-07-04T21:53Z,Curaçao,0.0,0.0
2026-07-04T21:53Z,Czech Republic,0.0,0.0
2026-07-04T21:53Z,DR Congo,0.0,0.0
2026-07-04T21:53Z,Ecuador,0.0,0.0
2026-07-04T21:53Z,Ghana,0.0,0.0
2026-07-04T21:53Z,Haiti,0.0,0.0
2026-07-04T21:53Z,Iran,0.0,0.0
2026-07-04T21:53Z,Iraq,0.0,0.0
2026-07-04T21:53Z,Ivory Coast,0.0,0.0
2026-07-04T21:53Z,Jordan,0.0,0.0
2026-07-04T21:53Z,New Zealand,0.0,0.0
2026-07-04T21:53Z,Panama,0.0,0.0
2026-07-04T21:53Z,Qatar,0.0,0.0
2026-07-04T21:53Z,Saudi Arabia,0.0,0.0
2026-07-04T21:53Z,Scotland,0.0,0.0
2026-07-04T21:53Z,South Africa,0.0,0.0
2026-07-04T21:53Z,South Korea,0.0,0.0
2026-07-04T21:53Z,Sweden,0.0,0.0
2026-07-04T21:53Z,Tunisia,0.0,0.0
2026-07-04T21:53Z,Uruguay,0.0,0.0
2026-07-04T21:53Z,Uzbekistan,0.0,0.0
2026-07-04T21:53Z,Egypt,0.001,0.0015
2026-07-04T21:53Z,Canada,0.0,0.0005
2026-07-04T21:53Z,Paraguay,0.0,0.0015
2026-07-04T21:53Z,Switzerland,0.005,0.0085
2026-07-04T21:53Z,Colombia,0.025,0.0305
2026-07-04T21:53Z,Norway,0.007,0.0165
2026-07-04T21:53Z,Brazil,0.045,0.0645
2026-07-04T21:53Z,United States,0.001,0.0235
2026-07-04T21:53Z,Mexico,0.003,0.0325
2026-07-04T21:53Z,France,0.126,0.3525
2026-07-04T22:53Z,Argentina,0.274,0.1615
2026-07-04T22:53Z,Spain,0.224,0.1245
2026-07-04T22:53Z,England,0.125,0.0685
2026-07-04T22:53Z,Netherlands,0.024,0.0
2026-07-04T22:53Z,Germany,0.018,0.0
2026-07-04T22:53Z,Morocco,0.039,0.0245
2026-07-04T22:53Z,Belgium,0.018,0.0135
2026-07-04T22:53Z,Croatia,0.002,0.0
2026-07-04T22:53Z,Senegal,0.002,0.0
2026-07-04T22:53Z,Australia,0.001,0.0
2026-07-04T22:53Z,Japan,0.001,0.0
2026-07-04T22:53Z,Algeria,0.0,0.0
2026-07-04T22:53Z,Austria,0.0,0.0
2026-07-04T22:53Z,Bosnia and Herzegovina,0.0,0.0
2026-07-04T22:53Z,Canada,0.0,0.0
2026-07-04T22:53Z,Cape Verde,0.0,0.0
2026-07-04T22:53Z,Curaçao,0.0,0.0
2026-07-04T22:53Z,Czech Republic,0.0,0.0
2026-07-04T22:53Z,DR Congo,0.0,0.0
2026-07-04T22:53Z,Ecuador,0.0,0.0
2026-07-04T22:53Z,Ghana,0.0,0.0
2026-07-04T22:53Z,Haiti,0.0,0.0
2026-07-04T22:53Z,Iran,0.0,0.0
2026-07-04T22:53Z,Iraq,0.0,0.0
2026-07-04T22:53Z,Ivory Coast,0.0,0.0
2026-07-04T22:53Z,Jordan,0.0,0.0
2026-07-04T22:53Z,New Zealand,0.0,0.0
2026-07-04T22:53Z,Panama,0.0,0.0
2026-07-04T22:53Z,Qatar,0.0,0.0
2026-07-04T22:53Z,Saudi Arabia,0.0,0.0
2026-07-04T22:53Z,Scotland,0.0,0.0
2026-07-04T22:53Z,South Africa,0.0,0.0
2026-07-04T22:53Z,South Korea,0.0,0.0
2026-07-04T22:53Z,Sweden,0.0,0.0
2026-07-04T22:53Z,Tunisia,0.0,0.0
2026-07-04T22:53Z,Uruguay,0.0,0.0
2026-07-04T22:53Z,Uzbekistan,0.0,0.0
2026-07-04T22:53Z,Egypt,0.001,0.0015
2026-07-04T22:53Z,Paraguay,0.0,0.0005
2026-07-04T22:53Z,Portugal,0.059,0.0615
2026-07-04T22:53Z,Switzerland,0.005,0.0085
2026-07-04T22:53Z,Colombia,0.025,0.0315
2026-07-04T22:53Z,Norway,0.007,0.0165
2026-07-04T22:53Z,Brazil,0.045,0.0645
2026-07-04T22:53Z,United States,0.001,0.0235
2026-07-04T22:53Z,Mexico,0.003,0.0325
2026-07-04T22:53Z,France,0.126,0.3565
2026-07-04T23:57Z,Argentina,0.298,0.1645
2026-07-04T23:57Z,Spain,0.221,0.1245
2026-07-04T23:57Z,England,0.113,0.0685
2026-07-04T23:57Z,Netherlands,0.026,0.0
2026-07-04T23:57Z,Germany,0.017,0.0
2026-07-04T23:57Z,Morocco,0.037,0.0235
2026-07-04T23:57Z,Japan,0.005,0.0
2026-07-04T23:57Z,Croatia,0.004,0.0
2026-07-04T23:57Z,Belgium,0.017,0.0135
2026-07-04T23:57Z,Senegal,0.002,0.0
2026-07-04T23:57Z,Australia,0.001,0.0
2026-07-04T23:57Z,Canada,0.001,0.0
2026-07-04T23:57Z,Ecuador,0.001,0.0
2026-07-04T23:57Z,Algeria,0.0,0.0
2026-07-04T23:57Z,Austria,0.0,0.0
2026-07-04T23:57Z,Bosnia and Herzegovina,0.0,0.0
2026-07-04T23:57Z,Cape Verde,0.0,0.0
2026-07-04T23:57Z,Curaçao,0.0,0.0
2026-07-04T23:57Z,Czech Republic,0.0,0.0
2026-07-04T23:57Z,DR Congo,0.0,0.0
2026-07-04T23:57Z,Ghana,0.0,0.0
2026-07-04T23:57Z,Haiti,0.0,0.0
2026-07-04T23:57Z,Iran,0.0,0.0
2026-07-04T23:57Z,Iraq,0.0,0.0
2026-07-04T23:57Z,Ivory Coast,0.0,0.0
2026-07-04T23:57Z,Jordan,0.0,0.0
2026-07-04T23:57Z,New Zealand,0.0,0.0
2026-07-04T23:57Z,Panama,0.0,0.0
2026-07-04T23:57Z,Qatar,0.0,0.0
2026-07-04T23:57Z,Saudi Arabia,0.0,0.0
2026-07-04T23:57Z,Scotland,0.0,0.0
2026-07-04T23:57Z,South Africa,0.0,0.0
2026-07-04T23:57Z,South Korea,0.0,0.0
2026-07-04T23:57Z,Sweden,0.0,0.0
2026-07-04T23:57Z,Tunisia,0.0,0.0
2026-07-04T23:57Z,Uruguay,0.0,0.0
2026-07-04T23:57Z,Uzbekistan,0.0,0.0
2026-07-04T23:57Z,Paraguay,0.0,0.0005
2026-07-04T23:57Z,Egypt,0.0,0.0015
2026-07-04T23:57Z,Switzerland,0.004,0.0085
2026-07-04T23:57Z,Portugal,0.053,0.0605
2026-07-04T23:57Z,Colombia,0.023,0.0315
2026-07-04T23:57Z,Norway,0.008,0.0165
2026-07-04T23:57Z,Brazil,0.053,0.0645
2026-07-04T23:57Z,United States,0.001,0.0235
2026-07-04T23:57Z,Mexico,0.002,0.0345
2026-07-04T23:57Z,France,0.113,0.3605
2026-07-05T02:26Z,Argentina,0.298,0.1675
2026-07-05T02:26Z,Spain,0.221,0.1255
2026-07-05T02:26Z,England,0.113,0.0685
2026-07-05T02:26Z,Netherlands,0.026,0.0
2026-07-05T02:26Z,Germany,0.017,0.0
2026-07-05T02:26Z,Morocco,0.037,0.0255
2026-07-05T02:26Z,Japan,0.005,0.0
2026-07-05T02:26Z,Belgium,0.017,0.0125
2026-07-05T02:26Z,Croatia,0.004,0.0
2026-07-05T02:26Z,Senegal,0.002,0.0
2026-07-05T02:26Z,Australia,0.001,0.0
2026-07-05T02:26Z,Canada,0.001,0.0
2026-07-05T02:26Z,Ecuador,0.001,0.0
2026-07-05T02:26Z,Algeria,0.0,0.0
2026-07-05T02:26Z,Austria,0.0,0.0
2026-07-05T02:26Z,Bosnia and Herzegovina,0.0,0.0
2026-07-05T02:26Z,Cape Verde,0.0,0.0
2026-07-05T02:26Z,Curaçao,0.0,0.0
2026-07-05T02:26Z,Czech Republic,0.0,0.0
2026-07-05T02:26Z,DR Congo,0.0,0.0
2026-07-05T02:26Z,Ghana,0.0,0.0
2026-07-05T02:26Z,Haiti,0.0,0.0
2026-07-05T02:26Z,Iran,0.0,0.0
2026-07-05T02:26Z,Iraq,0.0,0.0
2026-07-05T02:26Z,Ivory Coast,0.0,0.0
2026-07-05T02:26Z,Jordan,0.0,0.0
2026-07-05T02:26Z,New Zealand,0.0,0.0
2026-07-05T02:26Z,Panama,0.0,0.0
2026-07-05T02:26Z,Paraguay,0.0,0.0
2026-07-05T02:26Z,Qatar,0.0,0.0
2026-07-05T02:26Z,Saudi Arabia,0.0,0.0
2026-07-05T02:26Z,Scotland,0.0,0.0
2026-07-05T02:26Z,South Africa,0.0,0.0
2026-07-05T02:26Z,South Korea,0.0,0.0
2026-07-05T02:26Z,Sweden,0.0,0.0
2026-07-05T02:26Z,Tunisia,0.0,0.0
2026-07-05T02:26Z,Uruguay,0.0,0.0
2026-07-05T02:26Z,Uzbekistan,0.0,0.0
2026-07-05T02:26Z,Egypt,0.0,0.0015
2026-07-05T02:26Z,Switzerland,0.004,0.0085
2026-07-05T02:26Z,Portugal,0.053,0.0595
2026-07-05T02:26Z,Colombia,0.023,0.0315
2026-07-05T02:26Z,Norway,0.008,0.0165
2026-07-05T02:26Z,Brazil,0.053,0.0645
2026-07-05T02:26Z,United States,0.001,0.0235
2026-07-05T02:26Z,Mexico,0.002,0.0345
2026-07-05T02:26Z,France,0.113,0.3595
2026-07-05T06:27Z,Argentina,0.298,0.1675
2026-07-05T06:27Z,Spain,0.221,0.1245
2026-07-05T06:27Z,England,0.113,0.0675
2026-07-05T06:27Z,Netherlands,0.026,0.0
2026-07-05T06:27Z,Germany,0.017,0.0
2026-07-05T06:27Z,Morocco,0.037,0.0285
2026-07-05T06:27Z,Japan,0.005,0.0
2026-07-05T06:27Z,Belgium,0.017,0.0125
2026-07-05T06:27Z,Croatia,0.004,0.0
2026-07-05T06:27Z,Senegal,0.002,0.0
2026-07-05T06:27Z,Australia,0.001,0.0
2026-07-05T06:27Z,Canada,0.001,0.0
2026-07-05T06:27Z,Ecuador,0.001,0.0
2026-07-05T06:27Z,Algeria,0.0,0.0
2026-07-05T06:27Z,Austria,0.0,0.0
2026-07-05T06:27Z,Bosnia and Herzegovina,0.0,0.0
2026-07-05T06:27Z,Cape Verde,0.0,0.0
2026-07-05T06:27Z,Curaçao,0.0,0.0
2026-07-05T06:27Z,Czech Republic,0.0,0.0
2026-07-05T06:27Z,DR Congo,0.0,0.0
2026-07-05T06:27Z,Ghana,0.0,0.0
2026-07-05T06:27Z,Haiti,0.0,0.0
2026-07-05T06:27Z,Iran,0.0,0.0
2026-07-05T06:27Z,Iraq,0.0,0.0
2026-07-05T06:27Z,Ivory Coast,0.0,0.0
2026-07-05T06:27Z,Jordan,0.0,0.0
2026-07-05T06:27Z,New Zealand,0.0,0.0
2026-07-05T06:27Z,Panama,0.0,0.0
2026-07-05T06:27Z,Paraguay,0.0,0.0
2026-07-05T06:27Z,Qatar,0.0,0.0
2026-07-05T06:27Z,Saudi Arabia,0.0,0.0
2026-07-05T06:27Z,Scotland,0.0,0.0
2026-07-05T06:27Z,South Africa,0.0,0.0
2026-07-05T06:27Z,South Korea,0.0,0.0
2026-07-05T06:27Z,Sweden,0.0,0.0
2026-07-05T06:27Z,Tunisia,0.0,0.0
2026-07-05T06:27Z,Uruguay,0.0,0.0
2026-07-05T06:27Z,Uzbekistan,0.0,0.0
2026-07-05T06:27Z,Egypt,0.0,0.0015
2026-07-05T06:27Z,Switzerland,0.004,0.0085
2026-07-05T06:27Z,Portugal,0.053,0.0595
2026-07-05T06:27Z,Colombia,0.023,0.0315
2026-07-05T06:27Z,Norway,0.008,0.0165
2026-07-05T06:27Z,Brazil,0.053,0.0665
2026-07-05T06:27Z,United States,0.001,0.0255
2026-07-05T06:27Z,Mexico,0.002,0.0335
2026-07-05T06:27Z,France,0.113,0.3575
2026-07-05T09:32Z,Argentina,0.298,0.1675
2026-07-05T09:32Z,Spain,0.221,0.1255
2026-07-05T09:32Z,England,0.113,0.0695
2026-07-05T09:32Z,Netherlands,0.026,0.0
2026-07-05T09:32Z,Germany,0.017,0.0
2026-07-05T09:32Z,Morocco,0.037,0.0285
2026-07-05T09:32Z,Japan,0.005,0.0
2026-07-05T09:32Z,Croatia,0.004,0.0
2026-07-05T09:32Z,Belgium,0.017,0.0135
2026-07-05T09:32Z,Senegal,0.002,0.0
2026-07-05T09:32Z,Australia,0.001,0.0
2026-07-05T09:32Z,Canada,0.001,0.0
2026-07-05T09:32Z,Ecuador,0.001,0.0
2026-07-05T09:32Z,Algeria,0.0,0.0
2026-07-05T09:32Z,Austria,0.0,0.0
2026-07-05T09:32Z,Bosnia and Herzegovina,0.0,0.0
2026-07-05T09:32Z,Cape Verde,0.0,0.0
2026-07-05T09:32Z,Curaçao,0.0,0.0
2026-07-05T09:32Z,Czech Republic,0.0,0.0
2026-07-05T09:32Z,DR Congo,0.0,0.0
2026-07-05T09:32Z,Ghana,0.0,0.0
2026-07-05T09:32Z,Haiti,0.0,0.0
2026-07-05T09:32Z,Iran,0.0,0.0
2026-07-05T09:32Z,Iraq,0.0,0.0
2026-07-05T09:32Z,Ivory Coast,0.0,0.0
2026-07-05T09:32Z,Jordan,0.0,0.0
2026-07-05T09:32Z,New Zealand,0.0,0.0
2026-07-05T09:32Z,Panama,0.0,0.0
2026-07-05T09:32Z,Paraguay,0.0,0.0
2026-07-05T09:32Z,Qatar,0.0,0.0
2026-07-05T09:32Z,Saudi Arabia,0.0,0.0
2026-07-05T09:32Z,Scotland,0.0,0.0
2026-07-05T09:32Z,South Africa,0.0,0.0
2026-07-05T09:32Z,South Korea,0.0,0.0
2026-07-05T09:32Z,Sweden,0.0,0.0
2026-07-05T09:32Z,Tunisia,0.0,0.0
2026-07-05T09:32Z,Uruguay,0.0,0.0
2026-07-05T09:32Z,Uzbekistan,0.0,0.0
2026-07-05T09:32Z,Egypt,0.0,0.0015
2026-07-05T09:32Z,Switzerland,0.004,0.0085
2026-07-05T09:32Z,Portugal,0.053,0.0605
2026-07-05T09:32Z,Colombia,0.023,0.0315
2026-07-05T09:32Z,Norway,0.008,0.0165
2026-07-05T09:32Z,Brazil,0.053,0.0695
2026-07-05T09:32Z,United States,0.001,0.0255
2026-07-05T09:32Z,Mexico,0.002,0.0335
2026-07-05T09:32Z,France,0.113,0.3565
2026-07-05T11:20Z,Argentina,0.298,0.1675
2026-07-05T11:20Z,Spain,0.221,0.1245
2026-07-05T11:20Z,England,0.113,0.0675
2026-07-05T11:20Z,Netherlands,0.026,0.0
2026-07-05T11:20Z,Germany,0.017,0.0
2026-07-05T11:20Z,Morocco,0.037,0.0255
2026-07-05T11:20Z,Japan,0.005,0.0
2026-07-05T11:20Z,Croatia,0.004,0.0
2026-07-05T11:20Z,Belgium,0.017,0.0135
2026-07-05T11:20Z,Senegal,0.002,0.0
2026-07-05T11:20Z,Australia,0.001,0.0
2026-07-05T11:20Z,Canada,0.001,0.0
2026-07-05T11:20Z,Ecuador,0.001,0.0
2026-07-05T11:20Z,Algeria,0.0,0.0
2026-07-05T11:20Z,Austria,0.0,0.0
2026-07-05T11:20Z,Bosnia and Herzegovina,0.0,0.0
2026-07-05T11:20Z,Cape Verde,0.0,0.0
2026-07-05T11:20Z,Curaçao,0.0,0.0
2026-07-05T11:20Z,Czech Republic,0.0,0.0
2026-07-05T11:20Z,DR Congo,0.0,0.0
2026-07-05T11:20Z,Ghana,0.0,0.0
2026-07-05T11:20Z,Haiti,0.0,0.0
2026-07-05T11:20Z,Iran,0.0,0.0
2026-07-05T11:20Z,Iraq,0.0,0.0
2026-07-05T11:20Z,Ivory Coast,0.0,0.0
2026-07-05T11:20Z,Jordan,0.0,0.0
2026-07-05T11:20Z,New Zealand,0.0,0.0
2026-07-05T11:20Z,Panama,0.0,0.0
2026-07-05T11:20Z,Paraguay,0.0,0.0
2026-07-05T11:20Z,Qatar,0.0,0.0
2026-07-05T11:20Z,Saudi Arabia,0.0,0.0
2026-07-05T11:20Z,Scotland,0.0,0.0
2026-07-05T11:20Z,South Africa,0.0,0.0
2026-07-05T11:20Z,South Korea,0.0,0.0
2026-07-05T11:20Z,Sweden,0.0,0.0
2026-07-05T11:20Z,Tunisia,0.0,0.0
2026-07-05T11:20Z,Uruguay,0.0,0.0
2026-07-05T11:20Z,Uzbekistan,0.0,0.0
2026-07-05T11:20Z,Egypt,0.0,0.0015
2026-07-05T11:20Z,Switzerland,0.004,0.0085
2026-07-05T11:20Z,Colombia,0.023,0.0305
2026-07-05T11:20Z,Portugal,0.053,0.0615
2026-07-05T11:20Z,Norway,0.008,0.0165
2026-07-05T11:20Z,Brazil,0.053,0.0685
2026-07-05T11:20Z,United States,0.001,0.0255
2026-07-05T11:20Z,Mexico,0.002,0.0335
2026-07-05T11:20Z,France,0.113,0.3565
2026-07-05T12:46Z,Argentina,0.298,0.1675
2026-07-05T12:46Z,Spain,0.221,0.1245
2026-07-05T12:46Z,England,0.113,0.072
2026-07-05T12:46Z,Netherlands,0.026,0.0
2026-07-05T12:46Z,Germany,0.017,0.0
2026-07-05T12:46Z,Morocco,0.037,0.0255
2026-07-05T12:46Z,Japan,0.005,0.0
2026-07-05T12:46Z,Croatia,0.004,0.0
2026-07-05T12:46Z,Belgium,0.017,0.0135
2026-07-05T12:46Z,Senegal,0.002,0.0
2026-07-05T12:46Z,Australia,0.001,0.0
2026-07-05T12:46Z,Canada,0.001,0.0
2026-07-05T12:46Z,Ecuador,0.001,0.0
2026-07-05T12:46Z,Algeria,0.0,0.0
2026-07-05T12:46Z,Austria,0.0,0.0
2026-07-05T12:46Z,Bosnia and Herzegovina,0.0,0.0
2026-07-05T12:46Z,Cape Verde,0.0,0.0
2026-07-05T12:46Z,Curaçao,0.0,0.0
2026-07-05T12:46Z,Czech Republic,0.0,0.0
2026-07-05T12:46Z,DR Congo,0.0,0.0
2026-07-05T12:46Z,Ghana,0.0,0.0
2026-07-05T12:46Z,Haiti,0.0,0.0
2026-07-05T12:46Z,Iran,0.0,0.0
2026-07-05T12:46Z,Iraq,0.0,0.0
2026-07-05T12:46Z,Ivory Coast,0.0,0.0
2026-07-05T12:46Z,Jordan,0.0,0.0
2026-07-05T12:46Z,New Zealand,0.0,0.0
2026-07-05T12:46Z,Panama,0.0,0.0
2026-07-05T12:46Z,Paraguay,0.0,0.0
2026-07-05T12:46Z,Qatar,0.0,0.0
2026-07-05T12:46Z,Saudi Arabia,0.0,0.0
2026-07-05T12:46Z,Scotland,0.0,0.0
2026-07-05T12:46Z,South Africa,0.0,0.0
2026-07-05T12:46Z,South Korea,0.0,0.0
2026-07-05T12:46Z,Sweden,0.0,0.0
2026-07-05T12:46Z,Tunisia,0.0,0.0
2026-07-05T12:46Z,Uruguay,0.0,0.0
2026-07-05T12:46Z,Uzbekistan,0.0,0.0
2026-07-05T12:46Z,Egypt,0.0,0.0025
2026-07-05T12:46Z,Switzerland,0.004,0.0085
2026-07-05T12:46Z,Portugal,0.053,0.0605
2026-07-05T12:46Z,Colombia,0.023,0.0305
2026-07-05T12:46Z,Norway,0.008,0.0165
2026-07-05T12:46Z,Brazil,0.053,0.0695
2026-07-05T12:46Z,United States,0.001,0.0255
2026-07-05T12:46Z,Mexico,0.002,0.0335
2026-07-05T12:46Z,France,0.113,0.3545
2026-07-05T14:28Z,Argentina,0.298,0.1675
2026-07-05T14:28Z,Spain,0.221,0.1235
2026-07-05T14:28Z,England,0.113,0.0715
2026-07-05T14:28Z,Netherlands,0.026,0.0
2026-07-05T14:28Z,Germany,0.017,0.0
2026-07-05T14:28Z,Morocco,0.037,0.0245
2026-07-05T14:28Z,Japan,0.005,0.0
2026-07-05T14:28Z,Croatia,0.004,0.0
2026-07-05T14:28Z,Belgium,0.017,0.0135
2026-07-05T14:28Z,Senegal,0.002,0.0
2026-07-05T14:28Z,Australia,0.001,0.0
2026-07-05T14:28Z,Canada,0.001,0.0
2026-07-05T14:28Z,Ecuador,0.001,0.0
2026-07-05T14:28Z,Algeria,0.0,0.0
2026-07-05T14:28Z,Austria,0.0,0.0
2026-07-05T14:28Z,Bosnia and Herzegovina,0.0,0.0
2026-07-05T14:28Z,Cape Verde,0.0,0.0
2026-07-05T14:28Z,Curaçao,0.0,0.0
2026-07-05T14:28Z,Czech Republic,0.0,0.0
2026-07-05T14:28Z,DR Congo,0.0,0.0
2026-07-05T14:28Z,Ghana,0.0,0.0
2026-07-05T14:28Z,Haiti,0.0,0.0
2026-07-05T14:28Z,Iran,0.0,0.0
2026-07-05T14:28Z,Iraq,0.0,0.0
2026-07-05T14:28Z,Ivory Coast,0.0,0.0
2026-07-05T14:28Z,Jordan,0.0,0.0
2026-07-05T14:28Z,New Zealand,0.0,0.0
2026-07-05T14:28Z,Panama,0.0,0.0
2026-07-05T14:28Z,Paraguay,0.0,0.0
2026-07-05T14:28Z,Qatar,0.0,0.0
2026-07-05T14:28Z,Saudi Arabia,0.0,0.0
2026-07-05T14:28Z,Scotland,0.0,0.0
2026-07-05T14:28Z,South Africa,0.0,0.0
2026-07-05T14:28Z,South Korea,0.0,0.0
2026-07-05T14:28Z,Sweden,0.0,0.0
2026-07-05T14:28Z,Tunisia,0.0,0.0
2026-07-05T14:28Z,Uruguay,0.0,0.0
2026-07-05T14:28Z,Uzbekistan,0.0,0.0
2026-07-05T14:28Z,Egypt,0.0,0.0025
2026-07-05T14:28Z,Switzerland,0.004,0.0085
2026-07-05T14:28Z,Portugal,0.053,0.0595
2026-07-05T14:28Z,Colombia,0.023,0.0305
2026-07-05T14:28Z,Norway,0.008,0.0165
2026-07-05T14:28Z,Brazil,0.053,0.0695
2026-07-05T14:28Z,United States,0.001,0.0255
2026-07-05T14:28Z,Mexico,0.002,0.0335
2026-07-05T14:28Z,France,0.113,0.3535
2026-07-05T15:52Z,Argentina,0.298,0.1675
2026-07-05T15:52Z,Spain,0.221,0.1235
2026-07-05T15:52Z,England,0.113,0.0715
2026-07-05T15:52Z,Netherlands,0.026,0.0
2026-07-05T15:52Z,Germany,0.017,0.0
2026-07-05T15:52Z,Morocco,0.037,0.0255
2026-07-05T15:52Z,Japan,0.005,0.0
2026-07-05T15:52Z,Croatia,0.004,0.0
2026-07-05T15:52Z,Belgium,0.017,0.0135
2026-07-05T15:52Z,Senegal,0.002,0.0
2026-07-05T15:52Z,Australia,0.001,0.0
2026-07-05T15:52Z,Canada,0.001,0.0
2026-07-05T15:52Z,Ecuador,0.001,0.0
2026-07-05T15:52Z,Algeria,0.0,0.0
2026-07-05T15:52Z,Austria,0.0,0.0
2026-07-05T15:52Z,Bosnia and Herzegovina,0.0,0.0
2026-07-05T15:52Z,Cape Verde,0.0,0.0
2026-07-05T15:52Z,Curaçao,0.0,0.0
2026-07-05T15:52Z,Czech Republic,0.0,0.0
2026-07-05T15:52Z,DR Congo,0.0,0.0
2026-07-05T15:52Z,Ghana,0.0,0.0
2026-07-05T15:52Z,Haiti,0.0,0.0
2026-07-05T15:52Z,Iran,0.0,0.0
2026-07-05T15:52Z,Iraq,0.0,0.0
2026-07-05T15:52Z,Ivory Coast,0.0,0.0
2026-07-05T15:52Z,Jordan,0.0,0.0
2026-07-05T15:52Z,New Zealand,0.0,0.0
2026-07-05T15:52Z,Panama,0.0,0.0
2026-07-05T15:52Z,Paraguay,0.0,0.0
2026-07-05T15:52Z,Qatar,0.0,0.0
2026-07-05T15:52Z,Saudi Arabia,0.0,0.0
2026-07-05T15:52Z,Scotland,0.0,0.0
2026-07-05T15:52Z,South Africa,0.0,0.0
2026-07-05T15:52Z,South Korea,0.0,0.0
2026-07-05T15:52Z,Sweden,0.0,0.0
2026-07-05T15:52Z,Tunisia,0.0,0.0
2026-07-05T15:52Z,Uruguay,0.0,0.0
2026-07-05T15:52Z,Uzbekistan,0.0,0.0
2026-07-05T15:52Z,Egypt,0.0,0.0025
2026-07-05T15:52Z,Switzerland,0.004,0.0085
2026-07-05T15:52Z,Colombia,0.023,0.0305
2026-07-05T15:52Z,Norway,0.008,0.0165
2026-07-05T15:52Z,Portugal,0.053,0.0625
2026-07-05T15:52Z,Brazil,0.053,0.0695
2026-07-05T15:52Z,United States,0.001,0.0235
2026-07-05T15:52Z,Mexico,0.002,0.0335
2026-07-05T15:52Z,France,0.113,0.3505
2026-07-05T17:01Z,Argentina,0.298,0.1685
2026-07-05T17:01Z,Spain,0.221,0.1235
2026-07-05T17:01Z,England,0.113,0.0715
2026-07-05T17:01Z,Netherlands,0.026,0.0
2026-07-05T17:01Z,Germany,0.017,0.0
2026-07-05T17:01Z,Morocco,0.037,0.0245
2026-07-05T17:01Z,Japan,0.005,0.0
2026-07-05T17:01Z,Croatia,0.004,0.0
2026-07-05T17:01Z,Belgium,0.017,0.0135
2026-07-05T17:01Z,Senegal,0.002,0.0
2026-07-05T17:01Z,Australia,0.001,0.0
2026-07-05T17:01Z,Canada,0.001,0.0
2026-07-05T17:01Z,Ecuador,0.001,0.0
2026-07-05T17:01Z,Algeria,0.0,0.0
2026-07-05T17:01Z,Austria,0.0,0.0
2026-07-05T17:01Z,Bosnia and Herzegovina,0.0,0.0
2026-07-05T17:01Z,Cape Verde,0.0,0.0
2026-07-05T17:01Z,Curaçao,0.0,0.0
2026-07-05T17:01Z,Czech Republic,0.0,0.0
2026-07-05T17:01Z,DR Congo,0.0,0.0
2026-07-05T17:01Z,Ghana,0.0,0.0
2026-07-05T17:01Z,Haiti,0.0,0.0
2026-07-05T17:01Z,Iran,0.0,0.0
2026-07-05T17:01Z,Iraq,0.0,0.0
2026-07-05T17:01Z,Ivory Coast,0.0,0.0
2026-07-05T17:01Z,Jordan,0.0,0.0
2026-07-05T17:01Z,New Zealand,0.0,0.0
2026-07-05T17:01Z,Panama,0.0,0.0
2026-07-05T17:01Z,Paraguay,0.0,0.0
2026-07-05T17:01Z,Qatar,0.0,0.0
2026-07-05T17:01Z,Saudi Arabia,0.0,0.0
2026-07-05T17:01Z,Scotland,0.0,0.0
2026-07-05T17:01Z,South Africa,0.0,0.0
2026-07-05T17:01Z,South Korea,0.0,0.0
2026-07-05T17:01Z,Sweden,0.0,0.0
2026-07-05T17:01Z,Tunisia,0.0,0.0
2026-07-05T17:01Z,Uruguay,0.0,0.0
2026-07-05T17:01Z,Uzbekistan,0.0,0.0
2026-07-05T17:01Z,Egypt,0.0,0.0025
2026-07-05T17:01Z,Switzerland,0.004,0.0085
2026-07-05T17:01Z,Colombia,0.023,0.0305
2026-07-05T17:01Z,Norway,0.008,0.0165
2026-07-05T17:01Z,Portugal,0.053,0.0625
2026-07-05T17:01Z,Brazil,0.053,0.0695
2026-07-05T17:01Z,United States,0.001,0.0235
2026-07-05T17:01Z,Mexico,0.002,0.0335
2026-07-05T17:01Z,France,0.113,0.3505
2026-07-05T18:08Z,Argentina,0.298,0.1685
2026-07-05T18:08Z,Spain,0.221,0.1235
2026-07-05T18:08Z,England,0.113,0.0735
2026-07-05T18:08Z,Netherlands,0.026,0.0
2026-07-05T18:08Z,Germany,0.017,0.0
2026-07-05T18:08Z,Morocco,0.037,0.0245
2026-07-05T18:08Z,Japan,0.005,0.0
2026-07-05T18:08Z,Belgium,0.017,0.0125
2026-07-05T18:08Z,Croatia,0.004,0.0
2026-07-05T18:08Z,Senegal,0.002,0.0
2026-07-05T18:08Z,Australia,0.001,0.0
2026-07-05T18:08Z,Canada,0.001,0.0
2026-07-05T18:08Z,Ecuador,0.001,0.0
2026-07-05T18:08Z,Algeria,0.0,0.0
2026-07-05T18:08Z,Austria,0.0,0.0
2026-07-05T18:08Z,Bosnia and Herzegovina,0.0,0.0
2026-07-05T18:08Z,Cape Verde,0.0,0.0
2026-07-05T18:08Z,Curaçao,0.0,0.0
2026-07-05T18:08Z,Czech Republic,0.0,0.0
2026-07-05T18:08Z,DR Congo,0.0,0.0
2026-07-05T18:08Z,Ghana,0.0,0.0
2026-07-05T18:08Z,Haiti,0.0,0.0
2026-07-05T18:08Z,Iran,0.0,0.0
2026-07-05T18:08Z,Iraq,0.0,0.0
2026-07-05T18:08Z,Ivory Coast,0.0,0.0
2026-07-05T18:08Z,Jordan,0.0,0.0
2026-07-05T18:08Z,New Zealand,0.0,0.0
2026-07-05T18:08Z,Panama,0.0,0.0
2026-07-05T18:08Z,Paraguay,0.0,0.0
2026-07-05T18:08Z,Qatar,0.0,0.0
2026-07-05T18:08Z,Saudi Arabia,0.0,0.0
2026-07-05T18:08Z,Scotland,0.0,0.0
2026-07-05T18:08Z,South Africa,0.0,0.0
2026-07-05T18:08Z,South Korea,0.0,0.0
2026-07-05T18:08Z,Sweden,0.0,0.0
2026-07-05T18:08Z,Tunisia,0.0,0.0
2026-07-05T18:08Z,Uruguay,0.0,0.0
2026-07-05T18:08Z,Uzbekistan,0.0,0.0
2026-07-05T18:08Z,Egypt,0.0,0.0025
2026-07-05T18:08Z,Switzerland,0.004,0.0085
2026-07-05T18:08Z,Portugal,0.053,0.0595
2026-07-05T18:08Z,Colombia,0.023,0.0305
2026-07-05T18:08Z,Norway,0.008,0.0185
2026-07-05T18:08Z,Brazil,0.053,0.0715
2026-07-05T18:08Z,United States,0.001,0.0285
2026-07-05T18:08Z,Mexico,0.002,0.0325
2026-07-05T18:08Z,France,0.113,0.3475
2026-07-05T19:45Z,Argentina,0.298,0.1685
2026-07-05T19:45Z,Spain,0.221,0.1235
2026-07-05T19:45Z,England,0.113,0.0735
2026-07-05T19:45Z,Netherlands,0.026,0.0
2026-07-05T19:45Z,Germany,0.017,0.0
2026-07-05T19:45Z,Morocco,0.037,0.0245
2026-07-05T19:45Z,Japan,0.005,0.0
2026-07-05T19:45Z,Belgium,0.017,0.0125
2026-07-05T19:45Z,Croatia,0.004,0.0
2026-07-05T19:45Z,Senegal,0.002,0.0
2026-07-05T19:45Z,Australia,0.001,0.0
2026-07-05T19:45Z,Canada,0.001,0.0
2026-07-05T19:45Z,Ecuador,0.001,0.0
2026-07-05T19:45Z,Algeria,0.0,0.0
2026-07-05T19:45Z,Austria,0.0,0.0
2026-07-05T19:45Z,Bosnia and Herzegovina,0.0,0.0
2026-07-05T19:45Z,Cape Verde,0.0,0.0
2026-07-05T19:45Z,Curaçao,0.0,0.0
2026-07-05T19:45Z,Czech Republic,0.0,0.0
2026-07-05T19:45Z,DR Congo,0.0,0.0
2026-07-05T19:45Z,Ghana,0.0,0.0
2026-07-05T19:45Z,Haiti,0.0,0.0
2026-07-05T19:45Z,Iran,0.0,0.0
2026-07-05T19:45Z,Iraq,0.0,0.0
2026-07-05T19:45Z,Ivory Coast,0.0,0.0
2026-07-05T19:45Z,Jordan,0.0,0.0
2026-07-05T19:45Z,New Zealand,0.0,0.0
2026-07-05T19:45Z,Panama,0.0,0.0
2026-07-05T19:45Z,Paraguay,0.0,0.0
2026-07-05T19:45Z,Qatar,0.0,0.0
2026-07-05T19:45Z,Saudi Arabia,0.0,0.0
2026-07-05T19:45Z,Scotland,0.0,0.0
2026-07-05T19:45Z,South Africa,0.0,0.0
2026-07-05T19:45Z,South Korea,0.0,0.0
2026-07-05T19:45Z,Sweden,0.0,0.0
2026-07-05T19:45Z,Tunisia,0.0,0.0
2026-07-05T19:45Z,Uruguay,0.0,0.0
2026-07-05T19:45Z,Uzbekistan,0.0,0.0
2026-07-05T19:45Z,Egypt,0.0,0.0025
2026-07-05T19:45Z,Switzerland,0.004,0.0085
2026-07-05T19:45Z,Portugal,0.053,0.0585
2026-07-05T19:45Z,Colombia,0.023,0.0305
2026-07-05T19:45Z,Norway,0.008,0.0175
2026-07-05T19:45Z,Brazil,0.053,0.0705
2026-07-05T19:45Z,United States,0.001,0.0285
2026-07-05T19:45Z,Mexico,0.002,0.0335
2026-07-05T19:45Z,France,0.113,0.3445
2026-07-05T20:52Z,Argentina,0.298,0.1735
2026-07-05T20:52Z,Spain,0.221,0.1245
2026-07-05T20:52Z,England,0.113,0.0755
2026-07-05T20:52Z,Netherlands,0.026,0.0
2026-07-05T20:52Z,Germany,0.017,0.0
2026-07-05T20:52Z,Morocco,0.037,0.0245
2026-07-05T20:52Z,Japan,0.005,0.0
2026-07-05T20:52Z,Belgium,0.017,0.0125
2026-07-05T20:52Z,Croatia,0.004,0.0
2026-07-05T20:52Z,Senegal,0.002,0.0
2026-07-05T20:52Z,Australia,0.001,0.0
2026-07-05T20:52Z,Canada,0.001,0.0
2026-07-05T20:52Z,Ecuador,0.001,0.0
2026-07-05T20:52Z,Algeria,0.0,0.0
2026-07-05T20:52Z,Austria,0.0,0.0
2026-07-05T20:52Z,Bosnia and Herzegovina,0.0,0.0
2026-07-05T20:52Z,Cape Verde,0.0,0.0
2026-07-05T20:52Z,Curaçao,0.0,0.0
2026-07-05T20:52Z,Czech Republic,0.0,0.0
2026-07-05T20:52Z,DR Congo,0.0,0.0
2026-07-05T20:52Z,Ghana,0.0,0.0
2026-07-05T20:52Z,Haiti,0.0,0.0
2026-07-05T20:52Z,Iran,0.0,0.0
2026-07-05T20:52Z,Iraq,0.0,0.0
2026-07-05T20:52Z,Ivory Coast,0.0,0.0
2026-07-05T20:52Z,Jordan,0.0,0.0
2026-07-05T20:52Z,New Zealand,0.0,0.0
2026-07-05T20:52Z,Panama,0.0,0.0
2026-07-05T20:52Z,Paraguay,0.0,0.0
2026-07-05T20:52Z,Qatar,0.0,0.0
2026-07-05T20:52Z,Saudi Arabia,0.0,0.0
2026-07-05T20:52Z,Scotland,0.0,0.0
2026-07-05T20:52Z,South Africa,0.0,0.0
2026-07-05T20:52Z,South Korea,0.0,0.0
2026-07-05T20:52Z,Sweden,0.0,0.0
2026-07-05T20:52Z,Tunisia,0.0,0.0
2026-07-05T20:52Z,Uruguay,0.0,0.0
2026-07-05T20:52Z,Uzbekistan,0.0,0.0
2026-07-05T20:52Z,Egypt,0.0,0.0025
2026-07-05T20:52Z,Switzerland,0.004,0.0085
2026-07-05T20:52Z,Portugal,0.053,0.0595
2026-07-05T20:52Z,Colombia,0.023,0.0315
2026-07-05T20:52Z,Norway,0.008,0.0185
2026-07-05T20:52Z,Brazil,0.053,0.0655
2026-07-05T20:52Z,United States,0.001,0.0285
2026-07-05T20:52Z,Mexico,0.002,0.0395
2026-07-05T20:52Z,France,0.113,0.3455
2026-07-05T21:56Z,Argentina,0.298,0.1825
2026-07-05T21:56Z,Spain,0.221,0.1275
2026-07-05T21:56Z,Brazil,0.053,0.0005
2026-07-05T21:56Z,England,0.113,0.0835
2026-07-05T21:56Z,Netherlands,0.026,0.0
2026-07-05T21:56Z,Germany,0.017,0.0
2026-07-05T21:56Z,Morocco,0.037,0.0245
2026-07-05T21:56Z,Japan,0.005,0.0
2026-07-05T21:56Z,Belgium,0.017,0.0125
2026-07-05T21:56Z,Croatia,0.004,0.0
2026-07-05T21:56Z,Senegal,0.002,0.0
2026-07-05T21:56Z,Australia,0.001,0.0
2026-07-05T21:56Z,Canada,0.001,0.0
2026-07-05T21:56Z,Ecuador,0.001,0.0
2026-07-05T21:56Z,Algeria,0.0,0.0
2026-07-05T21:56Z,Austria,0.0,0.0
2026-07-05T21:56Z,Bosnia and Herzegovina,0.0,0.0
2026-07-05T21:56Z,Cape Verde,0.0,0.0
2026-07-05T21:56Z,Curaçao,0.0,0.0
2026-07-05T21:56Z,Czech Republic,0.0,0.0
2026-07-05T21:56Z,DR Congo,0.0,0.0
2026-07-05T21:56Z,Ghana,0.0,0.0
2026-07-05T21:56Z,Haiti,0.0,0.0
2026-07-05T21:56Z,Iran,0.0,0.0
2026-07-05T21:56Z,Iraq,0.0,0.0
2026-07-05T21:56Z,Ivory Coast,0.0,0.0
2026-07-05T21:56Z,Jordan,0.0,0.0
2026-07-05T21:56Z,New Zealand,0.0,0.0
2026-07-05T21:56Z,Panama,0.0,0.0
2026-07-05T21:56Z,Paraguay,0.0,0.0
2026-07-05T21:56Z,Qatar,0.0,0.0
2026-07-05T21:56Z,Saudi Arabia,0.0,0.0
2026-07-05T21:56Z,Scotland,0.0,0.0
2026-07-05T21:56Z,South Africa,0.0,0.0
2026-07-05T21:56Z,South Korea,0.0,0.0
2026-07-05T21:56Z,Sweden,0.0,0.0
2026-07-05T21:56Z,Tunisia,0.0,0.0
2026-07-05T21:56Z,Uruguay,0.0,0.0
2026-07-05T21:56Z,Uzbekistan,0.0,0.0
2026-07-05T21:56Z,Egypt,0.0,0.0025
2026-07-05T21:56Z,Switzerland,0.004,0.0085
2026-07-05T21:56Z,Portugal,0.053,0.0595
2026-07-05T21:56Z,Colombia,0.023,0.0315
2026-07-05T21:56Z,United States,0.001,0.0295
2026-07-05T21:56Z,Mexico,0.002,0.041
2026-07-05T21:56Z,Norway,0.008,0.0485
2026-07-05T21:56Z,France,0.113,0.3565
2026-07-05T22:57Z,Spain,0.254,0.1265
2026-07-05T22:57Z,Argentina,0.268,0.1745
2026-07-05T22:57Z,Brazil,0.036,0.0005
2026-07-05T22:57Z,Netherlands,0.021,0.0
2026-07-05T22:57Z,England,0.1,0.0815
2026-07-05T22:57Z,Germany,0.01,0.0
2026-07-05T22:57Z,Belgium,0.02,0.0125
2026-07-05T22:57Z,Portugal,0.065,0.0585
2026-07-05T22:57Z,Morocco,0.038,0.0315
2026-07-05T22:57Z,Japan,0.005,0.0
2026-07-05T22:57Z,Senegal,0.002,0.0
2026-07-05T22:57Z,Switzerland,0.01,0.0085
2026-07-05T22:57Z,Croatia,0.001,0.0
2026-07-05T22:57Z,Ivory Coast,0.001,0.0
2026-07-05T22:57Z,Algeria,0.0,0.0
2026-07-05T22:57Z,Australia,0.0,0.0
2026-07-05T22:57Z,Austria,0.0,0.0
2026-07-05T22:57Z,Bosnia and Herzegovina,0.0,0.0
2026-07-05T22:57Z,Canada,0.0,0.0
2026-07-05T22:57Z,Cape Verde,0.0,0.0
2026-07-05T22:57Z,Curaçao,0.0,0.0
2026-07-05T22:57Z,Czech Republic,0.0,0.0
2026-07-05T22:57Z,DR Congo,0.0,0.0
2026-07-05T22:57Z,Ecuador,0.0,0.0
2026-07-05T22:57Z,Ghana,0.0,0.0
2026-07-05T22:57Z,Haiti,0.0,0.0
2026-07-05T22:57Z,Iran,0.0,0.0
2026-07-05T22:57Z,Iraq,0.0,0.0
2026-07-05T22:57Z,Jordan,0.0,0.0
2026-07-05T22:57Z,New Zealand,0.0,0.0
2026-07-05T22:57Z,Panama,0.0,0.0
2026-07-05T22:57Z,Paraguay,0.0,0.0
2026-07-05T22:57Z,Qatar,0.0,0.0
2026-07-05T22:57Z,Saudi Arabia,0.0,0.0
2026-07-05T22:57Z,Scotland,0.0,0.0
2026-07-05T22:57Z,South Africa,0.0,0.0
2026-07-05T22:57Z,South Korea,0.0,0.0
2026-07-05T22:57Z,Sweden,0.0,0.0
2026-07-05T22:57Z,Tunisia,0.0,0.0
2026-07-05T22:57Z,Uruguay,0.0,0.0
2026-07-05T22:57Z,Uzbekistan,0.0,0.0
2026-07-05T22:57Z,Colombia,0.033,0.0335
2026-07-05T22:57Z,Egypt,0.0,0.0025
2026-07-05T22:57Z,United States,0.001,0.0325
2026-07-05T22:57Z,Norway,0.008,0.0495
2026-07-05T22:57Z,Mexico,0.002,0.0455
2026-07-05T22:57Z,France,0.125,0.3455
2026-07-06T00:01Z,Spain,0.254,0.1265
2026-07-06T00:01Z,Argentina,0.268,0.1745
2026-07-06T00:01Z,Brazil,0.036,0.0005
2026-07-06T00:01Z,Netherlands,0.021,0.0
2026-07-06T00:01Z,Germany,0.01,0.0
2026-07-06T00:01Z,Morocco,0.038,0.0285
2026-07-06T00:01Z,England,0.1,0.0925
2026-07-06T00:01Z,Belgium,0.02,0.0125
2026-07-06T00:01Z,Portugal,0.065,0.0585
2026-07-06T00:01Z,Japan,0.005,0.0
2026-07-06T00:01Z,Senegal,0.002,0.0
2026-07-06T00:01Z,Switzerland,0.01,0.0085
2026-07-06T00:01Z,Croatia,0.001,0.0
2026-07-06T00:01Z,Ivory Coast,0.001,0.0
2026-07-06T00:01Z,Algeria,0.0,0.0
2026-07-06T00:01Z,Australia,0.0,0.0
2026-07-06T00:01Z,Austria,0.0,0.0
2026-07-06T00:01Z,Bosnia and Herzegovina,0.0,0.0
2026-07-06T00:01Z,Canada,0.0,0.0
2026-07-06T00:01Z,Cape Verde,0.0,0.0
2026-07-06T00:01Z,Curaçao,0.0,0.0
2026-07-06T00:01Z,Czech Republic,0.0,0.0
2026-07-06T00:01Z,DR Congo,0.0,0.0
2026-07-06T00:01Z,Ecuador,0.0,0.0
2026-07-06T00:01Z,Ghana,0.0,0.0
2026-07-06T00:01Z,Haiti,0.0,0.0
2026-07-06T00:01Z,Iran,0.0,0.0
2026-07-06T00:01Z,Iraq,0.0,0.0
2026-07-06T00:01Z,Jordan,0.0,0.0
2026-07-06T00:01Z,New Zealand,0.0,0.0
2026-07-06T00:01Z,Panama,0.0,0.0
2026-07-06T00:01Z,Paraguay,0.0,0.0
2026-07-06T00:01Z,Qatar,0.0,0.0
2026-07-06T00:01Z,Saudi Arabia,0.0,0.0
2026-07-06T00:01Z,Scotland,0.0,0.0
2026-07-06T00:01Z,South Africa,0.0,0.0
2026-07-06T00:01Z,South Korea,0.0,0.0
2026-07-06T00:01Z,Sweden,0.0,0.0
2026-07-06T00:01Z,Tunisia,0.0,0.0
2026-07-06T00:01Z,Uruguay,0.0,0.0
2026-07-06T00:01Z,Uzbekistan,0.0,0.0
2026-07-06T00:01Z,Colombia,0.033,0.0335
2026-07-06T00:01Z,Egypt,0.0,0.0025
2026-07-06T00:01Z,United States,0.001,0.0325
2026-07-06T00:01Z,Mexico,0.002,0.0415
2026-07-06T00:01Z,Norway,0.008,0.0545
2026-07-06T00:01Z,France,0.125,0.3385
2026-07-06T04:00Z,Argentina,0.284,0.1705
2026-07-06T04:00Z,Spain,0.234,0.1255
2026-07-06T04:00Z,Brazil,0.042,0.0
2026-07-06T04:00Z,Netherlands,0.031,0.0
2026-07-06T04:00Z,Morocco,0.041,0.0265
2026-07-06T04:00Z,Belgium,0.021,0.0125
2026-07-06T04:00Z,Germany,0.008,0.0
2026-07-06T04:00Z,Japan,0.005,0.0
2026-07-06T04:00Z,Croatia,0.003,0.0
2026-07-06T04:00Z,Ecuador,0.002,0.0
2026-07-06T04:00Z,Senegal,0.002,0.0
2026-07-06T04:00Z,Canada,0.001,0.0
2026-07-06T04:00Z,Ivory Coast,0.001,0.0
2026-07-06T04:00Z,Mexico,0.001,0.0005
2026-07-06T04:00Z,Algeria,0.0,0.0
2026-07-06T04:00Z,Australia,0.0,0.0
2026-07-06T04:00Z,Austria,0.0,0.0
2026-07-06T04:00Z,Bosnia and Herzegovina,0.0,0.0
2026-07-06T04:00Z,Cape Verde,0.0,0.0
2026-07-06T04:00Z,Curaçao,0.0,0.0
2026-07-06T04:00Z,Czech Republic,0.0,0.0
2026-07-06T04:00Z,DR Congo,0.0,0.0
2026-07-06T04:00Z,Ghana,0.0,0.0
2026-07-06T04:00Z,Haiti,0.0,0.0
2026-07-06T04:00Z,Iran,0.0,0.0
2026-07-06T04:00Z,Iraq,0.0,0.0
2026-07-06T04:00Z,Jordan,0.0,0.0
2026-07-06T04:00Z,New Zealand,0.0,0.0
2026-07-06T04:00Z,Panama,0.0,0.0
2026-07-06T04:00Z,Paraguay,0.0,0.0
2026-07-06T04:00Z,Qatar,0.0,0.0
2026-07-06T04:00Z,Saudi Arabia,0.0,0.0
2026-07-06T04:00Z,Scotland,0.0,0.0
2026-07-06T04:00Z,South Africa,0.0,0.0
2026-07-06T04:00Z,South Korea,0.0,0.0
2026-07-06T04:00Z,Sweden,0.0,0.0
2026-07-06T04:00Z,Tunisia,0.0,0.0
2026-07-06T04:00Z,Uruguay,0.0,0.0
2026-07-06T04:00Z,Uzbekistan,0.0,0.0
2026-07-06T04:00Z,Egypt,0.0,0.0025
2026-07-06T04:00Z,Switzerland,0.003,0.0085
2026-07-06T04:00Z,Portugal,0.051,0.0565
2026-07-06T04:00Z,Colombia,0.019,0.0325
2026-07-06T04:00Z,England,0.119,0.1395
2026-07-06T04:00Z,United States,0.001,0.0335
2026-07-06T04:00Z,Norway,0.006,0.0485
2026-07-06T04:00Z,France,0.125,0.3335
2026-07-06T08:24Z,Argentina,0.284,0.1685
2026-07-06T08:24Z,Spain,0.234,0.1285
2026-07-06T08:24Z,Brazil,0.042,0.0
2026-07-06T08:24Z,Netherlands,0.031,0.0
2026-07-06T08:24Z,Morocco,0.041,0.0285
2026-07-06T08:24Z,Germany,0.008,0.0
2026-07-06T08:24Z,Belgium,0.021,0.0135
2026-07-06T08:24Z,Japan,0.005,0.0
2026-07-06T08:24Z,Croatia,0.003,0.0
2026-07-06T08:24Z,Ecuador,0.002,0.0
2026-07-06T08:24Z,Senegal,0.002,0.0
2026-07-06T08:24Z,Canada,0.001,0.0
2026-07-06T08:24Z,Ivory Coast,0.001,0.0
2026-07-06T08:24Z,Mexico,0.001,0.0
2026-07-06T08:24Z,Algeria,0.0,0.0
2026-07-06T08:24Z,Australia,0.0,0.0
2026-07-06T08:24Z,Austria,0.0,0.0
2026-07-06T08:24Z,Bosnia and Herzegovina,0.0,0.0
2026-07-06T08:24Z,Cape Verde,0.0,0.0
2026-07-06T08:24Z,Curaçao,0.0,0.0
2026-07-06T08:24Z,Czech Republic,0.0,0.0
2026-07-06T08:24Z,DR Congo,0.0,0.0
2026-07-06T08:24Z,Ghana,0.0,0.0
2026-07-06T08:24Z,Haiti,0.0,0.0
2026-07-06T08:24Z,Iran,0.0,0.0
2026-07-06T08:24Z,Iraq,0.0,0.0
2026-07-06T08:24Z,Jordan,0.0,0.0
2026-07-06T08:24Z,New Zealand,0.0,0.0
2026-07-06T08:24Z,Panama,0.0,0.0
2026-07-06T08:24Z,Paraguay,0.0,0.0
2026-07-06T08:24Z,Qatar,0.0,0.0
2026-07-06T08:24Z,Saudi Arabia,0.0,0.0
2026-07-06T08:24Z,Scotland,0.0,0.0
2026-07-06T08:24Z,South Africa,0.0,0.0
2026-07-06T08:24Z,South Korea,0.0,0.0
2026-07-06T08:24Z,Sweden,0.0,0.0
2026-07-06T08:24Z,Tunisia,0.0,0.0
2026-07-06T08:24Z,Uruguay,0.0,0.0
2026-07-06T08:24Z,Uzbekistan,0.0,0.0
2026-07-06T08:24Z,Egypt,0.0,0.0025
2026-07-06T08:24Z,Switzerland,0.003,0.0095
2026-07-06T08:24Z,Portugal,0.051,0.0605
2026-07-06T08:24Z,Colombia,0.019,0.0325
2026-07-06T08:24Z,England,0.119,0.1415
2026-07-06T08:24Z,United States,0.001,0.0315
2026-07-06T08:24Z,Norway,0.006,0.0475
2026-07-06T08:24Z,France,0.125,0.3315
2026-07-06T12:28Z,Argentina,0.284,0.1665
2026-07-06T12:28Z,Spain,0.234,0.1265
2026-07-06T12:28Z,Brazil,0.042,0.0
2026-07-06T12:28Z,Netherlands,0.031,0.0
2026-07-06T12:28Z,Morocco,0.041,0.0265
2026-07-06T12:28Z,Germany,0.008,0.0
2026-07-06T12:28Z,Belgium,0.021,0.0135
2026-07-06T12:28Z,Japan,0.005,0.0
2026-07-06T12:28Z,Croatia,0.003,0.0
2026-07-06T12:28Z,Ecuador,0.002,0.0
2026-07-06T12:28Z,Senegal,0.002,0.0
2026-07-06T12:28Z,Canada,0.001,0.0
2026-07-06T12:28Z,Ivory Coast,0.001,0.0
2026-07-06T12:28Z,Mexico,0.001,0.0
2026-07-06T12:28Z,Algeria,0.0,0.0
2026-07-06T12:28Z,Australia,0.0,0.0
2026-07-06T12:28Z,Austria,0.0,0.0
2026-07-06T12:28Z,Bosnia and Herzegovina,0.0,0.0
2026-07-06T12:28Z,Cape Verde,0.0,0.0
2026-07-06T12:28Z,Curaçao,0.0,0.0
2026-07-06T12:28Z,Czech Republic,0.0,0.0
2026-07-06T12:28Z,DR Congo,0.0,0.0
2026-07-06T12:28Z,Ghana,0.0,0.0
2026-07-06T12:28Z,Haiti,0.0,0.0
2026-07-06T12:28Z,Iran,0.0,0.0
2026-07-06T12:28Z,Iraq,0.0,0.0
2026-07-06T12:28Z,Jordan,0.0,0.0
2026-07-06T12:28Z,New Zealand,0.0,0.0
2026-07-06T12:28Z,Panama,0.0,0.0
2026-07-06T12:28Z,Paraguay,0.0,0.0
2026-07-06T12:28Z,Qatar,0.0,0.0
2026-07-06T12:28Z,Saudi Arabia,0.0,0.0
2026-07-06T12:28Z,Scotland,0.0,0.0
2026-07-06T12:28Z,South Africa,0.0,0.0
2026-07-06T12:28Z,South Korea,0.0,0.0
2026-07-06T12:28Z,Sweden,0.0,0.0
2026-07-06T12:28Z,Tunisia,0.0,0.0
2026-07-06T12:28Z,Uruguay,0.0,0.0
2026-07-06T12:28Z,Uzbekistan,0.0,0.0
2026-07-06T12:28Z,Egypt,0.0,0.0025
2026-07-06T12:28Z,Switzerland,0.003,0.0095
2026-07-06T12:28Z,Portugal,0.051,0.0575
2026-07-06T12:28Z,Colombia,0.019,0.0305
2026-07-06T12:28Z,England,0.119,0.1395
2026-07-06T12:28Z,United States,0.001,0.03
2026-07-06T12:28Z,Norway,0.006,0.0465
2026-07-06T12:28Z,France,0.125,0.3225
2026-07-06T16:09Z,Argentina,0.284,0.1665
2026-07-06T16:09Z,Spain,0.234,0.1255
2026-07-06T16:09Z,Brazil,0.042,0.0
2026-07-06T16:09Z,Netherlands,0.031,0.0
2026-07-06T16:09Z,Morocco,0.041,0.0255
2026-07-06T16:09Z,Germany,0.008,0.0
2026-07-06T16:09Z,Belgium,0.021,0.0135
2026-07-06T16:09Z,Japan,0.005,0.0
2026-07-06T16:09Z,Croatia,0.003,0.0
2026-07-06T16:09Z,Ecuador,0.002,0.0
2026-07-06T16:09Z,Senegal,0.002,0.0
2026-07-06T16:09Z,Canada,0.001,0.0
2026-07-06T16:09Z,Ivory Coast,0.001,0.0
2026-07-06T16:09Z,Mexico,0.001,0.0
2026-07-06T16:09Z,Algeria,0.0,0.0
2026-07-06T16:09Z,Australia,0.0,0.0
2026-07-06T16:09Z,Austria,0.0,0.0
2026-07-06T16:09Z,Bosnia and Herzegovina,0.0,0.0
2026-07-06T16:09Z,Cape Verde,0.0,0.0
2026-07-06T16:09Z,Curaçao,0.0,0.0
2026-07-06T16:09Z,Czech Republic,0.0,0.0
2026-07-06T16:09Z,DR Congo,0.0,0.0
2026-07-06T16:09Z,Ghana,0.0,0.0
2026-07-06T16:09Z,Haiti,0.0,0.0
2026-07-06T16:09Z,Iran,0.0,0.0
2026-07-06T16:09Z,Iraq,0.0,0.0
2026-07-06T16:09Z,Jordan,0.0,0.0
2026-07-06T16:09Z,New Zealand,0.0,0.0
2026-07-06T16:09Z,Panama,0.0,0.0
2026-07-06T16:09Z,Paraguay,0.0,0.0
2026-07-06T16:09Z,Qatar,0.0,0.0
2026-07-06T16:09Z,Saudi Arabia,0.0,0.0
2026-07-06T16:09Z,Scotland,0.0,0.0
2026-07-06T16:09Z,South Africa,0.0,0.0
2026-07-06T16:09Z,South Korea,0.0,0.0
2026-07-06T16:09Z,Sweden,0.0,0.0
2026-07-06T16:09Z,Tunisia,0.0,0.0
2026-07-06T16:09Z,Uruguay,0.0,0.0
2026-07-06T16:09Z,Uzbekistan,0.0,0.0
2026-07-06T16:09Z,Egypt,0.0,0.0025
2026-07-06T16:09Z,Switzerland,0.003,0.0095
2026-07-06T16:09Z,Portugal,0.051,0.0585
2026-07-06T16:09Z,Colombia,0.019,0.0315
2026-07-06T16:09Z,England,0.119,0.1455
2026-07-06T16:09Z,United States,0.001,0.0315
2026-07-06T16:09Z,Norway,0.006,0.0465
2026-07-06T16:09Z,France,0.125,0.3285
2026-07-06T18:23Z,Spain,0.234,0.1295
2026-07-06T18:23Z,Argentina,0.284,0.1805
2026-07-06T18:23Z,Brazil,0.042,0.0
2026-07-06T18:23Z,Netherlands,0.031,0.0
2026-07-06T18:23Z,Morocco,0.041,0.0255
2026-07-06T18:23Z,Germany,0.008,0.0
2026-07-06T18:23Z,Belgium,0.021,0.0135
2026-07-06T18:23Z,Japan,0.005,0.0
2026-07-06T18:23Z,Croatia,0.003,0.0
2026-07-06T18:23Z,Ecuador,0.002,0.0
2026-07-06T18:23Z,Senegal,0.002,0.0
2026-07-06T18:23Z,Canada,0.001,0.0
2026-07-06T18:23Z,Ivory Coast,0.001,0.0
2026-07-06T18:23Z,Mexico,0.001,0.0
2026-07-06T18:23Z,Algeria,0.0,0.0
2026-07-06T18:23Z,Australia,0.0,0.0
2026-07-06T18:23Z,Austria,0.0,0.0
2026-07-06T18:23Z,Bosnia and Herzegovina,0.0,0.0
2026-07-06T18:23Z,Cape Verde,0.0,0.0
2026-07-06T18:23Z,Curaçao,0.0,0.0
2026-07-06T18:23Z,Czech Republic,0.0,0.0
2026-07-06T18:23Z,DR Congo,0.0,0.0
2026-07-06T18:23Z,Ghana,0.0,0.0
2026-07-06T18:23Z,Haiti,0.0,0.0
2026-07-06T18:23Z,Iran,0.0,0.0
2026-07-06T18:23Z,Iraq,0.0,0.0
2026-07-06T18:23Z,Jordan,0.0,0.0
2026-07-06T18:23Z,New Zealand,0.0,0.0
2026-07-06T18:23Z,Panama,0.0,0.0
2026-07-06T18:23Z,Paraguay,0.0,0.0
2026-07-06T18:23Z,Qatar,0.0,0.0
2026-07-06T18:23Z,Saudi Arabia,0.0,0.0
2026-07-06T18:23Z,Scotland,0.0,0.0
2026-07-06T18:23Z,South Africa,0.0,0.0
2026-07-06T18:23Z,South Korea,0.0,0.0
2026-07-06T18:23Z,Sweden,0.0,0.0
2026-07-06T18:23Z,Tunisia,0.0,0.0
2026-07-06T18:23Z,Uruguay,0.0,0.0
2026-07-06T18:23Z,Uzbekistan,0.0,0.0
2026-07-06T18:23Z,Egypt,0.0,0.0025
2026-07-06T18:23Z,Portugal,0.051,0.0565
2026-07-06T18:23Z,Switzerland,0.003,0.0095
2026-07-06T18:23Z,Colombia,0.019,0.0325
2026-07-06T18:23Z,England,0.119,0.1455
2026-07-06T18:23Z,United States,0.001,0.0325
2026-07-06T18:23Z,Norway,0.006,0.0465
2026-07-06T18:23Z,France,0.125,0.3275
2026-07-06T20:33Z,Spain,0.234,0.1125
2026-07-06T20:33Z,Argentina,0.284,0.1705
2026-07-06T20:33Z,Brazil,0.042,0.0
2026-07-06T20:33Z,Netherlands,0.031,0.0
2026-07-06T20:33Z,Morocco,0.041,0.0265
2026-07-06T20:33Z,Germany,0.008,0.0
2026-07-06T20:33Z,Belgium,0.021,0.0145
2026-07-06T20:33Z,Japan,0.005,0.0
2026-07-06T20:33Z,Croatia,0.003,0.0
2026-07-06T20:33Z,Ecuador,0.002,0.0
2026-07-06T20:33Z,Senegal,0.002,0.0
2026-07-06T20:33Z,Canada,0.001,0.0
2026-07-06T20:33Z,Ivory Coast,0.001,0.0
2026-07-06T20:33Z,Mexico,0.001,0.0
2026-07-06T20:33Z,Algeria,0.0,0.0
2026-07-06T20:33Z,Australia,0.0,0.0
2026-07-06T20:33Z,Austria,0.0,0.0
2026-07-06T20:33Z,Bosnia and Herzegovina,0.0,0.0
2026-07-06T20:33Z,Cape Verde,0.0,0.0
2026-07-06T20:33Z,Curaçao,0.0,0.0
2026-07-06T20:33Z,Czech Republic,0.0,0.0
2026-07-06T20:33Z,DR Congo,0.0,0.0
2026-07-06T20:33Z,Ghana,0.0,0.0
2026-07-06T20:33Z,Haiti,0.0,0.0
2026-07-06T20:33Z,Iran,0.0,0.0
2026-07-06T20:33Z,Iraq,0.0,0.0
2026-07-06T20:33Z,Jordan,0.0,0.0
2026-07-06T20:33Z,New Zealand,0.0,0.0
2026-07-06T20:33Z,Panama,0.0,0.0
2026-07-06T20:33Z,Paraguay,0.0,0.0
2026-07-06T20:33Z,Qatar,0.0,0.0
2026-07-06T20:33Z,Saudi Arabia,0.0,0.0
2026-07-06T20:33Z,Scotland,0.0,0.0
2026-07-06T20:33Z,South Africa,0.0,0.0
2026-07-06T20:33Z,South Korea,0.0,0.0
2026-07-06T20:33Z,Sweden,0.0,0.0
2026-07-06T20:33Z,Tunisia,0.0,0.0
2026-07-06T20:33Z,Uruguay,0.0,0.0
2026-07-06T20:33Z,Uzbekistan,0.0,0.0
2026-07-06T20:33Z,Egypt,0.0,0.0035
2026-07-06T20:33Z,Switzerland,0.003,0.0095
2026-07-06T20:33Z,Colombia,0.019,0.0315
2026-07-06T20:33Z,Portugal,0.051,0.0645
2026-07-06T20:33Z,England,0.119,0.1455
2026-07-06T20:33Z,United States,0.001,0.0325
2026-07-06T20:33Z,Norway,0.006,0.0475
2026-07-06T20:33Z,France,0.125,0.3285
2026-07-06T22:02Z,Argentina,0.306,0.1705
2026-07-06T22:02Z,Spain,0.246,0.1815
2026-07-06T22:02Z,Portugal,0.056,0.0005
2026-07-06T22:02Z,Brazil,0.042,0.0
2026-07-06T22:02Z,Netherlands,0.019,0.0
2026-07-06T22:02Z,Germany,0.016,0.0
2026-07-06T22:02Z,Belgium,0.021,0.0135
2026-07-06T22:02Z,Senegal,0.003,0.0
2026-07-06T22:02Z,Ecuador,0.002,0.0
2026-07-06T22:02Z,Japan,0.002,0.0
2026-07-06T22:02Z,Algeria,0.001,0.0
2026-07-06T22:02Z,Ivory Coast,0.001,0.0
2026-07-06T22:02Z,Australia,0.0,0.0
2026-07-06T22:02Z,Austria,0.0,0.0
2026-07-06T22:02Z,Bosnia and Herzegovina,0.0,0.0
2026-07-06T22:02Z,Canada,0.0,0.0
2026-07-06T22:02Z,Cape Verde,0.0,0.0
2026-07-06T22:02Z,Croatia,0.0,0.0
2026-07-06T22:02Z,Curaçao,0.0,0.0
2026-07-06T22:02Z,Czech Republic,0.0,0.0
2026-07-06T22:02Z,DR Congo,0.0,0.0
2026-07-06T22:02Z,Ghana,0.0,0.0
2026-07-06T22:02Z,Haiti,0.0,0.0
2026-07-06T22:02Z,Iran,0.0,0.0
2026-07-06T22:02Z,Iraq,0.0,0.0
2026-07-06T22:02Z,Jordan,0.0,0.0
2026-07-06T22:02Z,Mexico,0.0,0.0
2026-07-06T22:02Z,New Zealand,0.0,0.0
2026-07-06T22:02Z,Panama,0.0,0.0
2026-07-06T22:02Z,Paraguay,0.0,0.0
2026-07-06T22:02Z,Qatar,0.0,0.0
2026-07-06T22:02Z,Saudi Arabia,0.0,0.0
2026-07-06T22:02Z,Scotland,0.0,0.0
2026-07-06T22:02Z,South Africa,0.0,0.0
2026-07-06T22:02Z,South Korea,0.0,0.0
2026-07-06T22:02Z,Sweden,0.0,0.0
2026-07-06T22:02Z,Tunisia,0.0,0.0
2026-07-06T22:02Z,Uruguay,0.0,0.0
2026-07-06T22:02Z,Uzbekistan,0.0,0.0
2026-07-06T22:02Z,Morocco,0.027,0.0275
2026-07-06T22:02Z,Switzerland,0.008,0.0095
2026-07-06T22:02Z,Egypt,0.0,0.0035
2026-07-06T22:02Z,Colombia,0.026,0.0315
2026-07-06T22:02Z,United States,0.0,0.0315
2026-07-06T22:02Z,Norway,0.01,0.0475
2026-07-06T22:02Z,England,0.102,0.1545
2026-07-06T22:02Z,France,0.112,0.3285
2026-07-06T23:15Z,Argentina,0.306,0.1705
2026-07-06T23:15Z,Spain,0.246,0.1835
2026-07-06T23:15Z,Portugal,0.056,0.0005
2026-07-06T23:15Z,Brazil,0.042,0.0
2026-07-06T23:15Z,Netherlands,0.019,0.0
2026-07-06T23:15Z,Germany,0.016,0.0
2026-07-06T23:15Z,Belgium,0.021,0.0125
2026-07-06T23:15Z,Senegal,0.003,0.0
2026-07-06T23:15Z,Ecuador,0.002,0.0
2026-07-06T23:15Z,Japan,0.002,0.0
2026-07-06T23:15Z,Algeria,0.001,0.0
2026-07-06T23:15Z,Ivory Coast,0.001,0.0
2026-07-06T23:15Z,Australia,0.0,0.0
2026-07-06T23:15Z,Austria,0.0,0.0
2026-07-06T23:15Z,Bosnia and Herzegovina,0.0,0.0
2026-07-06T23:15Z,Canada,0.0,0.0
2026-07-06T23:15Z,Cape Verde,0.0,0.0
2026-07-06T23:15Z,Croatia,0.0,0.0
2026-07-06T23:15Z,Curaçao,0.0,0.0
2026-07-06T23:15Z,Czech Republic,0.0,0.0
2026-07-06T23:15Z,DR Congo,0.0,0.0
2026-07-06T23:15Z,Ghana,0.0,0.0
2026-07-06T23:15Z,Haiti,0.0,0.0
2026-07-06T23:15Z,Iran,0.0,0.0
2026-07-06T23:15Z,Iraq,0.0,0.0
2026-07-06T23:15Z,Jordan,0.0,0.0
2026-07-06T23:15Z,Mexico,0.0,0.0
2026-07-06T23:15Z,New Zealand,0.0,0.0
2026-07-06T23:15Z,Panama,0.0,0.0
2026-07-06T23:15Z,Paraguay,0.0,0.0
2026-07-06T23:15Z,Qatar,0.0,0.0
2026-07-06T23:15Z,Saudi Arabia,0.0,0.0
2026-07-06T23:15Z,Scotland,0.0,0.0
2026-07-06T23:15Z,South Africa,0.0,0.0
2026-07-06T23:15Z,South Korea,0.0,0.0
2026-07-06T23:15Z,Sweden,0.0,0.0
2026-07-06T23:15Z,Tunisia,0.0,0.0
2026-07-06T23:15Z,Uruguay,0.0,0.0
2026-07-06T23:15Z,Uzbekistan,0.0,0.0
2026-07-06T23:15Z,Morocco,0.027,0.0275
2026-07-06T23:15Z,Switzerland,0.008,0.0095
2026-07-06T23:15Z,Egypt,0.0,0.0035
2026-07-06T23:15Z,Colombia,0.026,0.0325
2026-07-06T23:15Z,United States,0.0,0.0295
2026-07-06T23:15Z,Norway,0.01,0.0475
2026-07-06T23:15Z,England,0.102,0.1495
2026-07-06T23:15Z,France,0.112,0.3285
2026-07-07T01:11Z,Argentina,0.306,0.1705
2026-07-07T01:11Z,Spain,0.246,0.1815
2026-07-07T01:11Z,Portugal,0.056,0.0
2026-07-07T01:11Z,Brazil,0.042,0.0
2026-07-07T01:11Z,Netherlands,0.019,0.0
2026-07-07T01:11Z,Germany,0.016,0.0
2026-07-07T01:11Z,Senegal,0.003,0.0
2026-07-07T01:11Z,Belgium,0.021,0.0185
2026-07-07T01:11Z,Ecuador,0.002,0.0
2026-07-07T01:11Z,Japan,0.002,0.0
2026-07-07T01:11Z,Algeria,0.001,0.0
2026-07-07T01:11Z,Ivory Coast,0.001,0.0
2026-07-07T01:11Z,Australia,0.0,0.0
2026-07-07T01:11Z,Austria,0.0,0.0
2026-07-07T01:11Z,Bosnia and Herzegovina,0.0,0.0
2026-07-07T01:11Z,Canada,0.0,0.0
2026-07-07T01:11Z,Cape Verde,0.0,0.0
2026-07-07T01:11Z,Croatia,0.0,0.0
2026-07-07T01:11Z,Curaçao,0.0,0.0
2026-07-07T01:11Z,Czech Republic,0.0,0.0
2026-07-07T01:11Z,DR Congo,0.0,0.0
2026-07-07T01:11Z,Ghana,0.0,0.0
2026-07-07T01:11Z,Haiti,0.0,0.0
2026-07-07T01:11Z,Iran,0.0,0.0
2026-07-07T01:11Z,Iraq,0.0,0.0
2026-07-07T01:11Z,Jordan,0.0,0.0
2026-07-07T01:11Z,Mexico,0.0,0.0
2026-07-07T01:11Z,New Zealand,0.0,0.0
2026-07-07T01:11Z,Panama,0.0,0.0
2026-07-07T01:11Z,Paraguay,0.0,0.0
2026-07-07T01:11Z,Qatar,0.0,0.0
2026-07-07T01:11Z,Saudi Arabia,0.0,0.0
2026-07-07T01:11Z,Scotland,0.0,0.0
2026-07-07T01:11Z,South Africa,0.0,0.0
2026-07-07T01:11Z,South Korea,0.0,0.0
2026-07-07T01:11Z,Sweden,0.0,0.0
2026-07-07T01:11Z,Tunisia,0.0,0.0
2026-07-07T01:11Z,Uruguay,0.0,0.0
2026-07-07T01:11Z,Uzbekistan,0.0,0.0
2026-07-07T01:11Z,Morocco,0.027,0.0275
2026-07-07T01:11Z,Switzerland,0.008,0.0105
2026-07-07T01:11Z,Egypt,0.0,0.0035
2026-07-07T01:11Z,Colombia,0.026,0.0325
2026-07-07T01:11Z,United States,0.0,0.0115
2026-07-07T01:11Z,Norway,0.01,0.0485
2026-07-07T01:11Z,England,0.102,0.1465
2026-07-07T01:11Z,France,0.112,0.3285
2026-07-07T05:10Z,Argentina,0.305,0.1845
2026-07-07T05:10Z,Portugal,0.057,0.0
2026-07-07T05:10Z,Spain,0.235,0.1845
2026-07-07T05:10Z,Brazil,0.04,0.0
2026-07-07T05:10Z,Netherlands,0.028,0.0
2026-07-07T05:10Z,Germany,0.015,0.0
2026-07-07T05:10Z,Croatia,0.004,0.0
2026-07-07T05:10Z,Belgium,0.027,0.0235
2026-07-07T05:10Z,Ecuador,0.003,0.0
2026-07-07T05:10Z,Canada,0.002,0.0
2026-07-07T05:10Z,Japan,0.002,0.0
2026-07-07T05:10Z,Australia,0.001,0.0
2026-07-07T05:10Z,Ivory Coast,0.001,0.0
2026-07-07T05:10Z,Algeria,0.0,0.0
2026-07-07T05:10Z,Austria,0.0,0.0
2026-07-07T05:10Z,Bosnia and Herzegovina,0.0,0.0
2026-07-07T05:10Z,Cape Verde,0.0,0.0
2026-07-07T05:10Z,Curaçao,0.0,0.0
2026-07-07T05:10Z,Czech Republic,0.0,0.0
2026-07-07T05:10Z,DR Congo,0.0,0.0
2026-07-07T05:10Z,Ghana,0.0,0.0
2026-07-07T05:10Z,Haiti,0.0,0.0
2026-07-07T05:10Z,Iran,0.0,0.0
2026-07-07T05:10Z,Iraq,0.0,0.0
2026-07-07T05:10Z,Jordan,0.0,0.0
2026-07-07T05:10Z,Mexico,0.0,0.0
2026-07-07T05:10Z,New Zealand,0.0,0.0
2026-07-07T05:10Z,Panama,0.0,0.0
2026-07-07T05:10Z,Paraguay,0.0,0.0
2026-07-07T05:10Z,Qatar,0.0,0.0
2026-07-07T05:10Z,Saudi Arabia,0.0,0.0
2026-07-07T05:10Z,Scotland,0.0,0.0
2026-07-07T05:10Z,Senegal,0.0,0.0
2026-07-07T05:10Z,South Africa,0.0,0.0
2026-07-07T05:10Z,South Korea,0.0,0.0
2026-07-07T05:10Z,Sweden,0.0,0.0
2026-07-07T05:10Z,Tunisia,0.0,0.0
2026-07-07T05:10Z,United States,0.0,0.0
2026-07-07T05:10Z,Uruguay,0.0,0.0
2026-07-07T05:10Z,Uzbekistan,0.0,0.0
2026-07-07T05:10Z,Morocco,0.027,0.0275
2026-07-07T05:10Z,Egypt,0.0,0.0035
2026-07-07T05:10Z,Switzerland,0.005,0.0105
2026-07-07T05:10Z,Colombia,0.026,0.0335
2026-07-07T05:10Z,England,0.117,0.1475
2026-07-07T05:10Z,Norway,0.005,0.0565
2026-07-07T05:10Z,France,0.1,0.3305
2026-07-07T08:47Z,Argentina,0.305,0.1865
2026-07-07T08:47Z,Portugal,0.057,0.0
2026-07-07T08:47Z,Spain,0.235,0.1815
2026-07-07T08:47Z,Brazil,0.04,0.0
2026-07-07T08:47Z,Netherlands,0.028,0.0
2026-07-07T08:47Z,Germany,0.015,0.0
2026-07-07T08:47Z,Belgium,0.027,0.0225
2026-07-07T08:47Z,Croatia,0.004,0.0
2026-07-07T08:47Z,Ecuador,0.003,0.0
2026-07-07T08:47Z,Canada,0.002,0.0
2026-07-07T08:47Z,Japan,0.002,0.0
2026-07-07T08:47Z,Australia,0.001,0.0
2026-07-07T08:47Z,Ivory Coast,0.001,0.0
2026-07-07T08:47Z,Algeria,0.0,0.0
2026-07-07T08:47Z,Austria,0.0,0.0
2026-07-07T08:47Z,Bosnia and Herzegovina,0.0,0.0
2026-07-07T08:47Z,Cape Verde,0.0,0.0
2026-07-07T08:47Z,Curaçao,0.0,0.0
2026-07-07T08:47Z,Czech Republic,0.0,0.0
2026-07-07T08:47Z,DR Congo,0.0,0.0
2026-07-07T08:47Z,Ghana,0.0,0.0
2026-07-07T08:47Z,Haiti,0.0,0.0
2026-07-07T08:47Z,Iran,0.0,0.0
2026-07-07T08:47Z,Iraq,0.0,0.0
2026-07-07T08:47Z,Jordan,0.0,0.0
2026-07-07T08:47Z,Mexico,0.0,0.0
2026-07-07T08:47Z,New Zealand,0.0,0.0
2026-07-07T08:47Z,Panama,0.0,0.0
2026-07-07T08:47Z,Paraguay,0.0,0.0
2026-07-07T08:47Z,Qatar,0.0,0.0
2026-07-07T08:47Z,Saudi Arabia,0.0,0.0
2026-07-07T08:47Z,Scotland,0.0,0.0
2026-07-07T08:47Z,Senegal,0.0,0.0
2026-07-07T08:47Z,South Africa,0.0,0.0
2026-07-07T08:47Z,South Korea,0.0,0.0
2026-07-07T08:47Z,Sweden,0.0,0.0
2026-07-07T08:47Z,Tunisia,0.0,0.0
2026-07-07T08:47Z,United States,0.0,0.0
2026-07-07T08:47Z,Uruguay,0.0,0.0
2026-07-07T08:47Z,Uzbekistan,0.0,0.0
2026-07-07T08:47Z,Morocco,0.027,0.0275
2026-07-07T08:47Z,Egypt,0.0,0.0035
2026-07-07T08:47Z,Switzerland,0.005,0.0095
2026-07-07T08:47Z,Colombia,0.026,0.0335
2026-07-07T08:47Z,England,0.117,0.1435
2026-07-07T08:47Z,Norway,0.005,0.0575
2026-07-07T08:47Z,France,0.1,0.3305
2026-07-07T11:42Z,Argentina,0.305,0.1825
2026-07-07T11:42Z,Portugal,0.057,0.0
2026-07-07T11:42Z,Spain,0.235,0.1795
2026-07-07T11:42Z,Brazil,0.04,0.0
2026-07-07T11:42Z,Netherlands,0.028,0.0
2026-07-07T11:42Z,Germany,0.015,0.0
2026-07-07T11:42Z,Belgium,0.027,0.0225
2026-07-07T11:42Z,Croatia,0.004,0.0
2026-07-07T11:42Z,Ecuador,0.003,0.0
2026-07-07T11:42Z,Canada,0.002,0.0
2026-07-07T11:42Z,Japan,0.002,0.0
2026-07-07T11:42Z,Australia,0.001,0.0
2026-07-07T11:42Z,Ivory Coast,0.001,0.0
2026-07-07T11:42Z,Algeria,0.0,0.0
2026-07-07T11:42Z,Austria,0.0,0.0
2026-07-07T11:42Z,Bosnia and Herzegovina,0.0,0.0
2026-07-07T11:42Z,Cape Verde,0.0,0.0
2026-07-07T11:42Z,Curaçao,0.0,0.0
2026-07-07T11:42Z,Czech Republic,0.0,0.0
2026-07-07T11:42Z,DR Congo,0.0,0.0
2026-07-07T11:42Z,Ghana,0.0,0.0
2026-07-07T11:42Z,Haiti,0.0,0.0
2026-07-07T11:42Z,Iran,0.0,0.0
2026-07-07T11:42Z,Iraq,0.0,0.0
2026-07-07T11:42Z,Jordan,0.0,0.0
2026-07-07T11:42Z,Mexico,0.0,0.0
2026-07-07T11:42Z,New Zealand,0.0,0.0
2026-07-07T11:42Z,Panama,0.0,0.0
2026-07-07T11:42Z,Paraguay,0.0,0.0
2026-07-07T11:42Z,Qatar,0.0,0.0
2026-07-07T11:42Z,Saudi Arabia,0.0,0.0
2026-07-07T11:42Z,Scotland,0.0,0.0
2026-07-07T11:42Z,Senegal,0.0,0.0
2026-07-07T11:42Z,South Africa,0.0,0.0
2026-07-07T11:42Z,South Korea,0.0,0.0
2026-07-07T11:42Z,Sweden,0.0,0.0
2026-07-07T11:42Z,Tunisia,0.0,0.0
2026-07-07T11:42Z,United States,0.0,0.0
2026-07-07T11:42Z,Uruguay,0.0,0.0
2026-07-07T11:42Z,Uzbekistan,0.0,0.0
2026-07-07T11:42Z,Morocco,0.027,0.0275
2026-07-07T11:42Z,Egypt,0.0,0.0025
2026-07-07T11:42Z,Switzerland,0.005,0.0095
2026-07-07T11:42Z,Colombia,0.026,0.0335
2026-07-07T11:42Z,England,0.117,0.1435
2026-07-07T11:42Z,Norway,0.005,0.0555
2026-07-07T11:42Z,France,0.1,0.3305
2026-07-07T13:53Z,Argentina,0.305,0.1785
2026-07-07T13:53Z,Portugal,0.057,0.0
2026-07-07T13:53Z,Spain,0.235,0.1905
2026-07-07T13:53Z,Brazil,0.04,0.0
2026-07-07T13:53Z,Netherlands,0.028,0.0
2026-07-07T13:53Z,Germany,0.015,0.0
2026-07-07T13:53Z,Belgium,0.027,0.0225
2026-07-07T13:53Z,Croatia,0.004,0.0
2026-07-07T13:53Z,Ecuador,0.003,0.0
2026-07-07T13:53Z,Canada,0.002,0.0
2026-07-07T13:53Z,Japan,0.002,0.0
2026-07-07T13:53Z,Australia,0.001,0.0
2026-07-07T13:53Z,Ivory Coast,0.001,0.0
2026-07-07T13:53Z,Algeria,0.0,0.0
2026-07-07T13:53Z,Austria,0.0,0.0
2026-07-07T13:53Z,Bosnia and Herzegovina,0.0,0.0
2026-07-07T13:53Z,Cape Verde,0.0,0.0
2026-07-07T13:53Z,Curaçao,0.0,0.0
2026-07-07T13:53Z,Czech Republic,0.0,0.0
2026-07-07T13:53Z,DR Congo,0.0,0.0
2026-07-07T13:53Z,Ghana,0.0,0.0
2026-07-07T13:53Z,Haiti,0.0,0.0
2026-07-07T13:53Z,Iran,0.0,0.0
2026-07-07T13:53Z,Iraq,0.0,0.0
2026-07-07T13:53Z,Jordan,0.0,0.0
2026-07-07T13:53Z,Mexico,0.0,0.0
2026-07-07T13:53Z,New Zealand,0.0,0.0
2026-07-07T13:53Z,Panama,0.0,0.0
2026-07-07T13:53Z,Paraguay,0.0,0.0
2026-07-07T13:53Z,Qatar,0.0,0.0
2026-07-07T13:53Z,Saudi Arabia,0.0,0.0
2026-07-07T13:53Z,Scotland,0.0,0.0
2026-07-07T13:53Z,Senegal,0.0,0.0
2026-07-07T13:53Z,South Africa,0.0,0.0
2026-07-07T13:53Z,South Korea,0.0,0.0
2026-07-07T13:53Z,Sweden,0.0,0.0
2026-07-07T13:53Z,Tunisia,0.0,0.0
2026-07-07T13:53Z,United States,0.0,0.0
2026-07-07T13:53Z,Uruguay,0.0,0.0
2026-07-07T13:53Z,Uzbekistan,0.0,0.0
2026-07-07T13:53Z,Morocco,0.027,0.0285
2026-07-07T13:53Z,Egypt,0.0,0.0025
2026-07-07T13:53Z,Switzerland,0.005,0.0095
2026-07-07T13:53Z,Colombia,0.026,0.0335
2026-07-07T13:53Z,England,0.117,0.1485
2026-07-07T13:53Z,Norway,0.005,0.0575
2026-07-07T13:53Z,France,0.1,0.3295
2026-07-07T16:23Z,Argentina,0.305,0.1505
2026-07-07T16:23Z,Portugal,0.057,0.0
2026-07-07T16:23Z,Spain,0.235,0.1905
2026-07-07T16:23Z,Brazil,0.04,0.0
2026-07-07T16:23Z,Netherlands,0.028,0.0
2026-07-07T16:23Z,Germany,0.015,0.0
2026-07-07T16:23Z,Belgium,0.027,0.0225
2026-07-07T16:23Z,Croatia,0.004,0.0
2026-07-07T16:23Z,Ecuador,0.003,0.0
2026-07-07T16:23Z,Canada,0.002,0.0
2026-07-07T16:23Z,Japan,0.002,0.0
2026-07-07T16:23Z,Australia,0.001,0.0
2026-07-07T16:23Z,Ivory Coast,0.001,0.0
2026-07-07T16:23Z,Algeria,0.0,0.0
2026-07-07T16:23Z,Austria,0.0,0.0
2026-07-07T16:23Z,Bosnia and Herzegovina,0.0,0.0
2026-07-07T16:23Z,Cape Verde,0.0,0.0
2026-07-07T16:23Z,Curaçao,0.0,0.0
2026-07-07T16:23Z,Czech Republic,0.0,0.0
2026-07-07T16:23Z,DR Congo,0.0,0.0
2026-07-07T16:23Z,Ghana,0.0,0.0
2026-07-07T16:23Z,Haiti,0.0,0.0
2026-07-07T16:23Z,Iran,0.0,0.0
2026-07-07T16:23Z,Iraq,0.0,0.0
2026-07-07T16:23Z,Jordan,0.0,0.0
2026-07-07T16:23Z,Mexico,0.0,0.0
2026-07-07T16:23Z,New Zealand,0.0,0.0
2026-07-07T16:23Z,Panama,0.0,0.0
2026-07-07T16:23Z,Paraguay,0.0,0.0
2026-07-07T16:23Z,Qatar,0.0,0.0
2026-07-07T16:23Z,Saudi Arabia,0.0,0.0
2026-07-07T16:23Z,Scotland,0.0,0.0
2026-07-07T16:23Z,Senegal,0.0,0.0
2026-07-07T16:23Z,South Africa,0.0,0.0
2026-07-07T16:23Z,South Korea,0.0,0.0
2026-07-07T16:23Z,Sweden,0.0,0.0
2026-07-07T16:23Z,Tunisia,0.0,0.0
2026-07-07T16:23Z,United States,0.0,0.0
2026-07-07T16:23Z,Uruguay,0.0,0.0
2026-07-07T16:23Z,Uzbekistan,0.0,0.0
2026-07-07T16:23Z,Morocco,0.027,0.0275
2026-07-07T16:23Z,Egypt,0.0,0.0035
2026-07-07T16:23Z,Switzerland,0.005,0.011
2026-07-07T16:23Z,Colombia,0.026,0.0365
2026-07-07T16:23Z,England,0.117,0.1625
2026-07-07T16:23Z,Norway,0.005,0.0685
2026-07-07T16:23Z,France,0.1,0.3275
2026-07-07T18:36Z,Argentina,0.276,0.1725
2026-07-07T18:36Z,Portugal,0.06,0.0
2026-07-07T18:36Z,Brazil,0.044,0.0
2026-07-07T18:36Z,Spain,0.225,0.1855
2026-07-07T18:36Z,Netherlands,0.027,0.0
2026-07-07T18:36Z,Germany,0.02,0.0
2026-07-07T18:36Z,Belgium,0.04,0.024
2026-07-07T18:36Z,Japan,0.006,0.0
2026-07-07T18:36Z,Mexico,0.004,0.0
2026-07-07T18:36Z,Canada,0.003,0.0
2026-07-07T18:36Z,Senegal,0.003,0.0
2026-07-07T18:36Z,Morocco,0.034,0.0325
2026-07-07T18:36Z,Australia,0.001,0.0
2026-07-07T18:36Z,Ecuador,0.001,0.0
2026-07-07T18:36Z,Ivory Coast,0.001,0.0
2026-07-07T18:36Z,Algeria,0.0,0.0
2026-07-07T18:36Z,Austria,0.0,0.0
2026-07-07T18:36Z,Bosnia and Herzegovina,0.0,0.0
2026-07-07T18:36Z,Cape Verde,0.0,0.0
2026-07-07T18:36Z,Croatia,0.0,0.0
2026-07-07T18:36Z,Curaçao,0.0,0.0
2026-07-07T18:36Z,Czech Republic,0.0,0.0
2026-07-07T18:36Z,DR Congo,0.0,0.0
2026-07-07T18:36Z,Ghana,0.0,0.0
2026-07-07T18:36Z,Haiti,0.0,0.0
2026-07-07T18:36Z,Iran,0.0,0.0
2026-07-07T18:36Z,Iraq,0.0,0.0
2026-07-07T18:36Z,Jordan,0.0,0.0
2026-07-07T18:36Z,New Zealand,0.0,0.0
2026-07-07T18:36Z,Panama,0.0,0.0
2026-07-07T18:36Z,Paraguay,0.0,0.0
2026-07-07T18:36Z,Qatar,0.0,0.0
2026-07-07T18:36Z,Saudi Arabia,0.0,0.0
2026-07-07T18:36Z,Scotland,0.0,0.0
2026-07-07T18:36Z,South Africa,0.0,0.0
2026-07-07T18:36Z,South Korea,0.0,0.0
2026-07-07T18:36Z,Sweden,0.0,0.0
2026-07-07T18:36Z,Tunisia,0.0,0.0
2026-07-07T18:36Z,United States,0.0,0.0
2026-07-07T18:36Z,Uruguay,0.0,0.0
2026-07-07T18:36Z,Uzbekistan,0.0,0.0
2026-07-07T18:36Z,Egypt,0.0,0.0005
2026-07-07T18:36Z,Switzerland,0.003,0.0095
2026-07-07T18:36Z,Colombia,0.024,0.0345
2026-07-07T18:36Z,Norway,0.013,0.0595
2026-07-07T18:36Z,England,0.098,0.1505
2026-07-07T18:36Z,France,0.117,0.3275
2026-07-07T20:31Z,Argentina,0.276,0.1705
2026-07-07T20:31Z,Portugal,0.06,0.0
2026-07-07T20:31Z,Brazil,0.044,0.0
2026-07-07T20:31Z,Spain,0.225,0.1875
2026-07-07T20:31Z,Netherlands,0.027,0.0
2026-07-07T20:31Z,Germany,0.02,0.0
2026-07-07T20:31Z,Belgium,0.04,0.0245
2026-07-07T20:31Z,Japan,0.006,0.0
2026-07-07T20:31Z,Morocco,0.034,0.0285
2026-07-07T20:31Z,Mexico,0.004,0.0
2026-07-07T20:31Z,Canada,0.003,0.0
2026-07-07T20:31Z,Senegal,0.003,0.0
2026-07-07T20:31Z,Australia,0.001,0.0
2026-07-07T20:31Z,Ecuador,0.001,0.0
2026-07-07T20:31Z,Ivory Coast,0.001,0.0
2026-07-07T20:31Z,Algeria,0.0,0.0
2026-07-07T20:31Z,Austria,0.0,0.0
2026-07-07T20:31Z,Bosnia and Herzegovina,0.0,0.0
2026-07-07T20:31Z,Cape Verde,0.0,0.0
2026-07-07T20:31Z,Croatia,0.0,0.0
2026-07-07T20:31Z,Curaçao,0.0,0.0
2026-07-07T20:31Z,Czech Republic,0.0,0.0
2026-07-07T20:31Z,DR Congo,0.0,0.0
2026-07-07T20:31Z,Ghana,0.0,0.0
2026-07-07T20:31Z,Haiti,0.0,0.0
2026-07-07T20:31Z,Iran,0.0,0.0
2026-07-07T20:31Z,Iraq,0.0,0.0
2026-07-07T20:31Z,Jordan,0.0,0.0
2026-07-07T20:31Z,New Zealand,0.0,0.0
2026-07-07T20:31Z,Panama,0.0,0.0
2026-07-07T20:31Z,Paraguay,0.0,0.0
2026-07-07T20:31Z,Qatar,0.0,0.0
2026-07-07T20:31Z,Saudi Arabia,0.0,0.0
2026-07-07T20:31Z,Scotland,0.0,0.0
2026-07-07T20:31Z,South Africa,0.0,0.0
2026-07-07T20:31Z,South Korea,0.0,0.0
2026-07-07T20:31Z,Sweden,0.0,0.0
2026-07-07T20:31Z,Tunisia,0.0,0.0
2026-07-07T20:31Z,United States,0.0,0.0
2026-07-07T20:31Z,Uruguay,0.0,0.0
2026-07-07T20:31Z,Uzbekistan,0.0,0.0
2026-07-07T20:31Z,Egypt,0.0,0.0005
2026-07-07T20:31Z,Switzerland,0.003,0.0095
2026-07-07T20:31Z,Colombia,0.024,0.0345
2026-07-07T20:31Z,Norway,0.013,0.0605
2026-07-07T20:31Z,England,0.098,0.1545
2026-07-07T20:31Z,France,0.117,0.3295
2026-07-07T22:00Z,Argentina,0.276,0.1745
2026-07-07T22:00Z,Portugal,0.06,0.0
2026-07-07T22:00Z,Brazil,0.044,0.0
2026-07-07T22:00Z,Spain,0.225,0.1875
2026-07-07T22:00Z,Netherlands,0.027,0.0
2026-07-07T22:00Z,Germany,0.02,0.0
2026-07-07T22:00Z,Belgium,0.04,0.0245
2026-07-07T22:00Z,Japan,0.006,0.0
2026-07-07T22:00Z,Morocco,0.034,0.0295
2026-07-07T22:00Z,Mexico,0.004,0.0
2026-07-07T22:00Z,Canada,0.003,0.0
2026-07-07T22:00Z,Senegal,0.003,0.0
2026-07-07T22:00Z,Australia,0.001,0.0
2026-07-07T22:00Z,Ecuador,0.001,0.0
2026-07-07T22:00Z,Ivory Coast,0.001,0.0
2026-07-07T22:00Z,Algeria,0.0,0.0
2026-07-07T22:00Z,Austria,0.0,0.0
2026-07-07T22:00Z,Bosnia and Herzegovina,0.0,0.0
2026-07-07T22:00Z,Cape Verde,0.0,0.0
2026-07-07T22:00Z,Croatia,0.0,0.0
2026-07-07T22:00Z,Curaçao,0.0,0.0
2026-07-07T22:00Z,Czech Republic,0.0,0.0
2026-07-07T22:00Z,DR Congo,0.0,0.0
2026-07-07T22:00Z,Egypt,0.0,0.0
2026-07-07T22:00Z,Ghana,0.0,0.0
2026-07-07T22:00Z,Haiti,0.0,0.0
2026-07-07T22:00Z,Iran,0.0,0.0
2026-07-07T22:00Z,Iraq,0.0,0.0
2026-07-07T22:00Z,Jordan,0.0,0.0
2026-07-07T22:00Z,New Zealand,0.0,0.0
2026-07-07T22:00Z,Panama,0.0,0.0
2026-07-07T22:00Z,Paraguay,0.0,0.0
2026-07-07T22:00Z,Qatar,0.0,0.0
2026-07-07T22:00Z,Saudi Arabia,0.0,0.0
2026-07-07T22:00Z,Scotland,0.0,0.0
2026-07-07T22:00Z,South Africa,0.0,0.0
2026-07-07T22:00Z,South Korea,0.0,0.0
2026-07-07T22:00Z,Sweden,0.0,0.0
2026-07-07T22:00Z,Tunisia,0.0,0.0
2026-07-07T22:00Z,United States,0.0,0.0
2026-07-07T22:00Z,Uruguay,0.0,0.0
2026-07-07T22:00Z,Uzbekistan,0.0,0.0
2026-07-07T22:00Z,Colombia,0.024,0.0255
2026-07-07T22:00Z,Switzerland,0.003,0.0125
2026-07-07T22:00Z,Norway,0.013,0.0575
2026-07-07T22:00Z,England,0.098,0.1525
2026-07-07T22:00Z,France,0.117,0.3275
2026-07-08T00:15Z,Argentina,0.276,0.1855
2026-07-08T00:15Z,Portugal,0.06,0.0
2026-07-08T00:15Z,Brazil,0.044,0.0
2026-07-08T00:15Z,Spain,0.225,0.1855
2026-07-08T00:15Z,Netherlands,0.027,0.0
2026-07-08T00:15Z,Colombia,0.024,0.0005
2026-07-08T00:15Z,Germany,0.02,0.0
2026-07-08T00:15Z,Belgium,0.04,0.0245
2026-07-08T00:15Z,Japan,0.006,0.0
2026-07-08T00:15Z,Morocco,0.034,0.0295
2026-07-08T00:15Z,Mexico,0.004,0.0
2026-07-08T00:15Z,Canada,0.003,0.0
2026-07-08T00:15Z,Senegal,0.003,0.0
2026-07-08T00:15Z,Australia,0.001,0.0
2026-07-08T00:15Z,Ecuador,0.001,0.0
2026-07-08T00:15Z,Ivory Coast,0.001,0.0
2026-07-08T00:15Z,Algeria,0.0,0.0
2026-07-08T00:15Z,Austria,0.0,0.0
2026-07-08T00:15Z,Bosnia and Herzegovina,0.0,0.0
2026-07-08T00:15Z,Cape Verde,0.0,0.0
2026-07-08T00:15Z,Croatia,0.0,0.0
2026-07-08T00:15Z,Curaçao,0.0,0.0
2026-07-08T00:15Z,Czech Republic,0.0,0.0
2026-07-08T00:15Z,DR Congo,0.0,0.0
2026-07-08T00:15Z,Egypt,0.0,0.0
2026-07-08T00:15Z,Ghana,0.0,0.0
2026-07-08T00:15Z,Haiti,0.0,0.0
2026-07-08T00:15Z,Iran,0.0,0.0
2026-07-08T00:15Z,Iraq,0.0,0.0
2026-07-08T00:15Z,Jordan,0.0,0.0
2026-07-08T00:15Z,New Zealand,0.0,0.0
2026-07-08T00:15Z,Panama,0.0,0.0
2026-07-08T00:15Z,Paraguay,0.0,0.0
2026-07-08T00:15Z,Qatar,0.0,0.0
2026-07-08T00:15Z,Saudi Arabia,0.0,0.0
2026-07-08T00:15Z,Scotland,0.0,0.0
2026-07-08T00:15Z,South Africa,0.0,0.0
2026-07-08T00:15Z,South Korea,0.0,0.0
2026-07-08T00:15Z,Sweden,0.0,0.0
2026-07-08T00:15Z,Tunisia,0.0,0.0
2026-07-08T00:15Z,United States,0.0,0.0
2026-07-08T00:15Z,Uruguay,0.0,0.0
2026-07-08T00:15Z,Uzbekistan,0.0,0.0
2026-07-08T00:15Z,Switzerland,0.003,0.0215
2026-07-08T00:15Z,Norway,0.013,0.0605
2026-07-08T00:15Z,England,0.098,0.1585
2026-07-08T00:15Z,France,0.117,0.3305
2026-07-08T03:49Z,Argentina,0.276,0.1875
2026-07-08T03:49Z,Portugal,0.06,0.0
2026-07-08T03:49Z,Brazil,0.044,0.0
2026-07-08T03:49Z,Spain,0.225,0.1855
2026-07-08T03:49Z,Netherlands,0.027,0.0
2026-07-08T03:49Z,Colombia,0.024,0.0
2026-07-08T03:49Z,Germany,0.02,0.0
2026-07-08T03:49Z,Belgium,0.04,0.0235
2026-07-08T03:49Z,Japan,0.006,0.0
2026-07-08T03:49Z,Morocco,0.034,0.0295
2026-07-08T03:49Z,Mexico,0.004,0.0
2026-07-08T03:49Z,Canada,0.003,0.0
2026-07-08T03:49Z,Senegal,0.003,0.0
2026-07-08T03:49Z,Australia,0.001,0.0
2026-07-08T03:49Z,Ecuador,0.001,0.0
2026-07-08T03:49Z,Ivory Coast,0.001,0.0
2026-07-08T03:49Z,Algeria,0.0,0.0
2026-07-08T03:49Z,Austria,0.0,0.0
2026-07-08T03:49Z,Bosnia and Herzegovina,0.0,0.0
2026-07-08T03:49Z,Cape Verde,0.0,0.0
2026-07-08T03:49Z,Croatia,0.0,0.0
2026-07-08T03:49Z,Curaçao,0.0,0.0
2026-07-08T03:49Z,Czech Republic,0.0,0.0
2026-07-08T03:49Z,DR Congo,0.0,0.0
2026-07-08T03:49Z,Egypt,0.0,0.0
2026-07-08T03:49Z,Ghana,0.0,0.0
2026-07-08T03:49Z,Haiti,0.0,0.0
2026-07-08T03:49Z,Iran,0.0,0.0
2026-07-08T03:49Z,Iraq,0.0,0.0
2026-07-08T03:49Z,Jordan,0.0,0.0
2026-07-08T03:49Z,New Zealand,0.0,0.0
2026-07-08T03:49Z,Panama,0.0,0.0
2026-07-08T03:49Z,Paraguay,0.0,0.0
2026-07-08T03:49Z,Qatar,0.0,0.0
2026-07-08T03:49Z,Saudi Arabia,0.0,0.0
2026-07-08T03:49Z,Scotland,0.0,0.0
2026-07-08T03:49Z,South Africa,0.0,0.0
2026-07-08T03:49Z,South Korea,0.0,0.0
2026-07-08T03:49Z,Sweden,0.0,0.0
2026-07-08T03:49Z,Tunisia,0.0,0.0
2026-07-08T03:49Z,United States,0.0,0.0
2026-07-08T03:49Z,Uruguay,0.0,0.0
2026-07-08T03:49Z,Uzbekistan,0.0,0.0
2026-07-08T03:49Z,Switzerland,0.003,0.0225
2026-07-08T03:49Z,Norway,0.013,0.0585
2026-07-08T03:49Z,England,0.098,0.1555
2026-07-08T03:49Z,France,0.117,0.3275
2026-07-08T06:25Z,Argentina,0.276,0.1865
2026-07-08T06:25Z,Portugal,0.06,0.0
2026-07-08T06:25Z,Brazil,0.044,0.0
2026-07-08T06:25Z,Spain,0.225,0.1855
2026-07-08T06:25Z,Netherlands,0.027,0.0
2026-07-08T06:25Z,Colombia,0.024,0.0
2026-07-08T06:25Z,Germany,0.02,0.0
2026-07-08T06:25Z,Belgium,0.04,0.0245
2026-07-08T06:25Z,Japan,0.006,0.0
2026-07-08T06:25Z,Morocco,0.034,0.0295
2026-07-08T06:25Z,Mexico,0.004,0.0
2026-07-08T06:25Z,Canada,0.003,0.0
2026-07-08T06:25Z,Senegal,0.003,0.0
2026-07-08T06:25Z,Australia,0.001,0.0
2026-07-08T06:25Z,Ecuador,0.001,0.0
2026-07-08T06:25Z,Ivory Coast,0.001,0.0
2026-07-08T06:25Z,Algeria,0.0,0.0
2026-07-08T06:25Z,Austria,0.0,0.0
2026-07-08T06:25Z,Bosnia and Herzegovina,0.0,0.0
2026-07-08T06:25Z,Cape Verde,0.0,0.0
2026-07-08T06:25Z,Croatia,0.0,0.0
2026-07-08T06:25Z,Curaçao,0.0,0.0
2026-07-08T06:25Z,Czech Republic,0.0,0.0
2026-07-08T06:25Z,DR Congo,0.0,0.0
2026-07-08T06:25Z,Egypt,0.0,0.0
2026-07-08T06:25Z,Ghana,0.0,0.0
2026-07-08T06:25Z,Haiti,0.0,0.0
2026-07-08T06:25Z,Iran,0.0,0.0
2026-07-08T06:25Z,Iraq,0.0,0.0
2026-07-08T06:25Z,Jordan,0.0,0.0
2026-07-08T06:25Z,New Zealand,0.0,0.0
2026-07-08T06:25Z,Panama,0.0,0.0
2026-07-08T06:25Z,Paraguay,0.0,0.0
2026-07-08T06:25Z,Qatar,0.0,0.0
2026-07-08T06:25Z,Saudi Arabia,0.0,0.0
2026-07-08T06:25Z,Scotland,0.0,0.0
2026-07-08T06:25Z,South Africa,0.0,0.0
2026-07-08T06:25Z,South Korea,0.0,0.0
2026-07-08T06:25Z,Sweden,0.0,0.0
2026-07-08T06:25Z,Tunisia,0.0,0.0
2026-07-08T06:25Z,United States,0.0,0.0
2026-07-08T06:25Z,Uruguay,0.0,0.0
2026-07-08T06:25Z,Uzbekistan,0.0,0.0
2026-07-08T06:25Z,Switzerland,0.003,0.0225
2026-07-08T06:25Z,Norway,0.013,0.0595
2026-07-08T06:25Z,England,0.098,0.1555
2026-07-08T06:25Z,France,0.117,0.3275
2026-07-08T09:12Z,Argentina,0.276,0.1865
2026-07-08T09:12Z,Portugal,0.06,0.0
2026-07-08T09:12Z,Brazil,0.044,0.0
2026-07-08T09:12Z,Spain,0.225,0.1855
2026-07-08T09:12Z,Netherlands,0.027,0.0
2026-07-08T09:12Z,Colombia,0.024,0.0
2026-07-08T09:12Z,Germany,0.02,0.0
2026-07-08T09:12Z,Belgium,0.04,0.0245
2026-07-08T09:12Z,Japan,0.006,0.0
2026-07-08T09:12Z,Mexico,0.004,0.0
2026-07-08T09:12Z,Morocco,0.034,0.0305
2026-07-08T09:12Z,Canada,0.003,0.0
2026-07-08T09:12Z,Senegal,0.003,0.0
2026-07-08T09:12Z,Australia,0.001,0.0
2026-07-08T09:12Z,Ecuador,0.001,0.0
2026-07-08T09:12Z,Ivory Coast,0.001,0.0
2026-07-08T09:12Z,Algeria,0.0,0.0
2026-07-08T09:12Z,Austria,0.0,0.0
2026-07-08T09:12Z,Bosnia and Herzegovina,0.0,0.0
2026-07-08T09:12Z,Cape Verde,0.0,0.0
2026-07-08T09:12Z,Croatia,0.0,0.0
2026-07-08T09:12Z,Curaçao,0.0,0.0
2026-07-08T09:12Z,Czech Republic,0.0,0.0
2026-07-08T09:12Z,DR Congo,0.0,0.0
2026-07-08T09:12Z,Egypt,0.0,0.0
2026-07-08T09:12Z,Ghana,0.0,0.0
2026-07-08T09:12Z,Haiti,0.0,0.0
2026-07-08T09:12Z,Iran,0.0,0.0
2026-07-08T09:12Z,Iraq,0.0,0.0
2026-07-08T09:12Z,Jordan,0.0,0.0
2026-07-08T09:12Z,New Zealand,0.0,0.0
2026-07-08T09:12Z,Panama,0.0,0.0
2026-07-08T09:12Z,Paraguay,0.0,0.0
2026-07-08T09:12Z,Qatar,0.0,0.0
2026-07-08T09:12Z,Saudi Arabia,0.0,0.0
2026-07-08T09:12Z,Scotland,0.0,0.0
2026-07-08T09:12Z,South Africa,0.0,0.0
2026-07-08T09:12Z,South Korea,0.0,0.0
2026-07-08T09:12Z,Sweden,0.0,0.0
2026-07-08T09:12Z,Tunisia,0.0,0.0
2026-07-08T09:12Z,United States,0.0,0.0
2026-07-08T09:12Z,Uruguay,0.0,0.0
2026-07-08T09:12Z,Uzbekistan,0.0,0.0
2026-07-08T09:12Z,Switzerland,0.003,0.0215
2026-07-08T09:12Z,Norway,0.013,0.0595
2026-07-08T09:12Z,England,0.098,0.1565
2026-07-08T09:12Z,France,0.117,0.3265
2026-07-08T11:20Z,Argentina,0.276,0.1875
2026-07-08T11:20Z,Portugal,0.06,0.0
2026-07-08T11:20Z,Brazil,0.044,0.0
2026-07-08T11:20Z,Spain,0.225,0.1855
2026-07-08T11:20Z,Netherlands,0.027,0.0
2026-07-08T11:20Z,Colombia,0.024,0.0
2026-07-08T11:20Z,Germany,0.02,0.0
2026-07-08T11:20Z,Belgium,0.04,0.0245
2026-07-08T11:20Z,Japan,0.006,0.0
2026-07-08T11:20Z,Morocco,0.034,0.0295
2026-07-08T11:20Z,Mexico,0.004,0.0
2026-07-08T11:20Z,Canada,0.003,0.0
2026-07-08T11:20Z,Senegal,0.003,0.0
2026-07-08T11:20Z,Australia,0.001,0.0
2026-07-08T11:20Z,Ecuador,0.001,0.0
2026-07-08T11:20Z,Ivory Coast,0.001,0.0
2026-07-08T11:20Z,Algeria,0.0,0.0
2026-07-08T11:20Z,Austria,0.0,0.0
2026-07-08T11:20Z,Bosnia and Herzegovina,0.0,0.0
2026-07-08T11:20Z,Cape Verde,0.0,0.0
2026-07-08T11:20Z,Croatia,0.0,0.0
2026-07-08T11:20Z,Curaçao,0.0,0.0
2026-07-08T11:20Z,Czech Republic,0.0,0.0
2026-07-08T11:20Z,DR Congo,0.0,0.0
2026-07-08T11:20Z,Egypt,0.0,0.0
2026-07-08T11:20Z,Ghana,0.0,0.0
2026-07-08T11:20Z,Haiti,0.0,0.0
2026-07-08T11:20Z,Iran,0.0,0.0
2026-07-08T11:20Z,Iraq,0.0,0.0
2026-07-08T11:20Z,Jordan,0.0,0.0
2026-07-08T11:20Z,New Zealand,0.0,0.0
2026-07-08T11:20Z,Panama,0.0,0.0
2026-07-08T11:20Z,Paraguay,0.0,0.0
2026-07-08T11:20Z,Qatar,0.0,0.0
2026-07-08T11:20Z,Saudi Arabia,0.0,0.0
2026-07-08T11:20Z,Scotland,0.0,0.0
2026-07-08T11:20Z,South Africa,0.0,0.0
2026-07-08T11:20Z,South Korea,0.0,0.0
2026-07-08T11:20Z,Sweden,0.0,0.0
2026-07-08T11:20Z,Tunisia,0.0,0.0
2026-07-08T11:20Z,United States,0.0,0.0
2026-07-08T11:20Z,Uruguay,0.0,0.0
2026-07-08T11:20Z,Uzbekistan,0.0,0.0
2026-07-08T11:20Z,Switzerland,0.003,0.0215
2026-07-08T11:20Z,Norway,0.013,0.0595
2026-07-08T11:20Z,England,0.098,0.1565
2026-07-08T11:20Z,France,0.117,0.3265
2026-07-08T12:57Z,Argentina,0.276,0.1875
2026-07-08T12:57Z,Portugal,0.06,0.0
2026-07-08T12:57Z,Brazil,0.044,0.0
2026-07-08T12:57Z,Spain,0.225,0.1865
2026-07-08T12:57Z,Netherlands,0.027,0.0
2026-07-08T12:57Z,Colombia,0.024,0.0
2026-07-08T12:57Z,Germany,0.02,0.0
2026-07-08T12:57Z,Belgium,0.04,0.0245
2026-07-08T12:57Z,Japan,0.006,0.0
2026-07-08T12:57Z,Mexico,0.004,0.0
2026-07-08T12:57Z,Morocco,0.034,0.0305
2026-07-08T12:57Z,Canada,0.003,0.0
2026-07-08T12:57Z,Senegal,0.003,0.0
2026-07-08T12:57Z,Australia,0.001,0.0
2026-07-08T12:57Z,Ecuador,0.001,0.0
2026-07-08T12:57Z,Ivory Coast,0.001,0.0
2026-07-08T12:57Z,Algeria,0.0,0.0
2026-07-08T12:57Z,Austria,0.0,0.0
2026-07-08T12:57Z,Bosnia and Herzegovina,0.0,0.0
2026-07-08T12:57Z,Cape Verde,0.0,0.0
2026-07-08T12:57Z,Croatia,0.0,0.0
2026-07-08T12:57Z,Curaçao,0.0,0.0
2026-07-08T12:57Z,Czech Republic,0.0,0.0
2026-07-08T12:57Z,DR Congo,0.0,0.0
2026-07-08T12:57Z,Egypt,0.0,0.0
2026-07-08T12:57Z,Ghana,0.0,0.0
2026-07-08T12:57Z,Haiti,0.0,0.0
2026-07-08T12:57Z,Iran,0.0,0.0
2026-07-08T12:57Z,Iraq,0.0,0.0
2026-07-08T12:57Z,Jordan,0.0,0.0
2026-07-08T12:57Z,New Zealand,0.0,0.0
2026-07-08T12:57Z,Panama,0.0,0.0
2026-07-08T12:57Z,Paraguay,0.0,0.0
2026-07-08T12:57Z,Qatar,0.0,0.0
2026-07-08T12:57Z,Saudi Arabia,0.0,0.0
2026-07-08T12:57Z,Scotland,0.0,0.0
2026-07-08T12:57Z,South Africa,0.0,0.0
2026-07-08T12:57Z,South Korea,0.0,0.0
2026-07-08T12:57Z,Sweden,0.0,0.0
2026-07-08T12:57Z,Tunisia,0.0,0.0
2026-07-08T12:57Z,United States,0.0,0.0
2026-07-08T12:57Z,Uruguay,0.0,0.0
2026-07-08T12:57Z,Uzbekistan,0.0,0.0
2026-07-08T12:57Z,Switzerland,0.003,0.0215
2026-07-08T12:57Z,Norway,0.013,0.0595
2026-07-08T12:57Z,England,0.098,0.1565
2026-07-08T12:57Z,France,0.117,0.3265
2026-07-08T15:14Z,Argentina,0.276,0.1875
2026-07-08T15:14Z,Portugal,0.06,0.0
2026-07-08T15:14Z,Brazil,0.044,0.0
2026-07-08T15:14Z,Spain,0.225,0.1875
2026-07-08T15:14Z,Netherlands,0.027,0.0
2026-07-08T15:14Z,Colombia,0.024,0.0
2026-07-08T15:14Z,Germany,0.02,0.0
2026-07-08T15:14Z,Belgium,0.04,0.0245
2026-07-08T15:14Z,Japan,0.006,0.0
2026-07-08T15:14Z,Mexico,0.004,0.0
2026-07-08T15:14Z,Canada,0.003,0.0
2026-07-08T15:14Z,Senegal,0.003,0.0
2026-07-08T15:14Z,Morocco,0.034,0.0315
2026-07-08T15:14Z,Australia,0.001,0.0
2026-07-08T15:14Z,Ecuador,0.001,0.0
2026-07-08T15:14Z,Ivory Coast,0.001,0.0
2026-07-08T15:14Z,Algeria,0.0,0.0
2026-07-08T15:14Z,Austria,0.0,0.0
2026-07-08T15:14Z,Bosnia and Herzegovina,0.0,0.0
2026-07-08T15:14Z,Cape Verde,0.0,0.0
2026-07-08T15:14Z,Croatia,0.0,0.0
2026-07-08T15:14Z,Curaçao,0.0,0.0
2026-07-08T15:14Z,Czech Republic,0.0,0.0
2026-07-08T15:14Z,DR Congo,0.0,0.0
2026-07-08T15:14Z,Egypt,0.0,0.0
2026-07-08T15:14Z,Ghana,0.0,0.0
2026-07-08T15:14Z,Haiti,0.0,0.0
2026-07-08T15:14Z,Iran,0.0,0.0
2026-07-08T15:14Z,Iraq,0.0,0.0
2026-07-08T15:14Z,Jordan,0.0,0.0
2026-07-08T15:14Z,New Zealand,0.0,0.0
2026-07-08T15:14Z,Panama,0.0,0.0
2026-07-08T15:14Z,Paraguay,0.0,0.0
2026-07-08T15:14Z,Qatar,0.0,0.0
2026-07-08T15:14Z,Saudi Arabia,0.0,0.0
2026-07-08T15:14Z,Scotland,0.0,0.0
2026-07-08T15:14Z,South Africa,0.0,0.0
2026-07-08T15:14Z,South Korea,0.0,0.0
2026-07-08T15:14Z,Sweden,0.0,0.0
2026-07-08T15:14Z,Tunisia,0.0,0.0
2026-07-08T15:14Z,United States,0.0,0.0
2026-07-08T15:14Z,Uruguay,0.0,0.0
2026-07-08T15:14Z,Uzbekistan,0.0,0.0
2026-07-08T15:14Z,Switzerland,0.003,0.0215
2026-07-08T15:14Z,Norway,0.013,0.0595
2026-07-08T15:14Z,England,0.098,0.1585
2026-07-08T15:14Z,France,0.117,0.3265
2026-07-08T16:53Z,Argentina,0.276,0.1875
2026-07-08T16:53Z,Portugal,0.06,0.0
2026-07-08T16:53Z,Brazil,0.044,0.0
2026-07-08T16:53Z,Spain,0.225,0.1875
2026-07-08T16:53Z,Netherlands,0.027,0.0
2026-07-08T16:53Z,Colombia,0.024,0.0
2026-07-08T16:53Z,Germany,0.02,0.0
2026-07-08T16:53Z,Belgium,0.04,0.0245
2026-07-08T16:53Z,Japan,0.006,0.0
2026-07-08T16:53Z,Mexico,0.004,0.0
2026-07-08T16:53Z,Canada,0.003,0.0
2026-07-08T16:53Z,Senegal,0.003,0.0
2026-07-08T16:53Z,Morocco,0.034,0.0325
2026-07-08T16:53Z,Australia,0.001,0.0
2026-07-08T16:53Z,Ecuador,0.001,0.0
2026-07-08T16:53Z,Ivory Coast,0.001,0.0
2026-07-08T16:53Z,Algeria,0.0,0.0
2026-07-08T16:53Z,Austria,0.0,0.0
2026-07-08T16:53Z,Bosnia and Herzegovina,0.0,0.0
2026-07-08T16:53Z,Cape Verde,0.0,0.0
2026-07-08T16:53Z,Croatia,0.0,0.0
2026-07-08T16:53Z,Curaçao,0.0,0.0
2026-07-08T16:53Z,Czech Republic,0.0,0.0
2026-07-08T16:53Z,DR Congo,0.0,0.0
2026-07-08T16:53Z,Egypt,0.0,0.0
2026-07-08T16:53Z,Ghana,0.0,0.0
2026-07-08T16:53Z,Haiti,0.0,0.0
2026-07-08T16:53Z,Iran,0.0,0.0
2026-07-08T16:53Z,Iraq,0.0,0.0
2026-07-08T16:53Z,Jordan,0.0,0.0
2026-07-08T16:53Z,New Zealand,0.0,0.0
2026-07-08T16:53Z,Panama,0.0,0.0
2026-07-08T16:53Z,Paraguay,0.0,0.0
2026-07-08T16:53Z,Qatar,0.0,0.0
2026-07-08T16:53Z,Saudi Arabia,0.0,0.0
2026-07-08T16:53Z,Scotland,0.0,0.0
2026-07-08T16:53Z,South Africa,0.0,0.0
2026-07-08T16:53Z,South Korea,0.0,0.0
2026-07-08T16:53Z,Sweden,0.0,0.0
2026-07-08T16:53Z,Tunisia,0.0,0.0
2026-07-08T16:53Z,United States,0.0,0.0
2026-07-08T16:53Z,Uruguay,0.0,0.0
2026-07-08T16:53Z,Uzbekistan,0.0,0.0
2026-07-08T16:53Z,Switzerland,0.003,0.0215
2026-07-08T16:53Z,Norway,0.013,0.0595
2026-07-08T16:53Z,England,0.098,0.1585
2026-07-08T16:53Z,France,0.117,0.3265
2026-07-08T18:15Z,Argentina,0.276,0.1945
2026-07-08T18:15Z,Portugal,0.06,0.0
2026-07-08T18:15Z,Brazil,0.044,0.0
2026-07-08T18:15Z,Spain,0.225,0.1875
2026-07-08T18:15Z,Netherlands,0.027,0.0
2026-07-08T18:15Z,Colombia,0.024,0.0
2026-07-08T18:15Z,Germany,0.02,0.0
2026-07-08T18:15Z,Belgium,0.04,0.0245
2026-07-08T18:15Z,Japan,0.006,0.0
2026-07-08T18:15Z,Mexico,0.004,0.0
2026-07-08T18:15Z,Morocco,0.034,0.0305
2026-07-08T18:15Z,Canada,0.003,0.0
2026-07-08T18:15Z,Senegal,0.003,0.0
2026-07-08T18:15Z,Australia,0.001,0.0
2026-07-08T18:15Z,Ecuador,0.001,0.0
2026-07-08T18:15Z,Ivory Coast,0.001,0.0
2026-07-08T18:15Z,Algeria,0.0,0.0
2026-07-08T18:15Z,Austria,0.0,0.0
2026-07-08T18:15Z,Bosnia and Herzegovina,0.0,0.0
2026-07-08T18:15Z,Cape Verde,0.0,0.0
2026-07-08T18:15Z,Croatia,0.0,0.0
2026-07-08T18:15Z,Curaçao,0.0,0.0
2026-07-08T18:15Z,Czech Republic,0.0,0.0
2026-07-08T18:15Z,DR Congo,0.0,0.0
2026-07-08T18:15Z,Egypt,0.0,0.0
2026-07-08T18:15Z,Ghana,0.0,0.0
2026-07-08T18:15Z,Haiti,0.0,0.0
2026-07-08T18:15Z,Iran,0.0,0.0
2026-07-08T18:15Z,Iraq,0.0,0.0
2026-07-08T18:15Z,Jordan,0.0,0.0
2026-07-08T18:15Z,New Zealand,0.0,0.0
2026-07-08T18:15Z,Panama,0.0,0.0
2026-07-08T18:15Z,Paraguay,0.0,0.0
2026-07-08T18:15Z,Qatar,0.0,0.0
2026-07-08T18:15Z,Saudi Arabia,0.0,0.0
2026-07-08T18:15Z,Scotland,0.0,0.0
2026-07-08T18:15Z,South Africa,0.0,0.0
2026-07-08T18:15Z,South Korea,0.0,0.0
2026-07-08T18:15Z,Sweden,0.0,0.0
2026-07-08T18:15Z,Tunisia,0.0,0.0
2026-07-08T18:15Z,United States,0.0,0.0
2026-07-08T18:15Z,Uruguay,0.0,0.0
2026-07-08T18:15Z,Uzbekistan,0.0,0.0
2026-07-08T18:15Z,Switzerland,0.003,0.0215
2026-07-08T18:15Z,Norway,0.013,0.0595
2026-07-08T18:15Z,England,0.098,0.1585
2026-07-08T18:15Z,France,0.117,0.3265
2026-07-08T19:58Z,Argentina,0.276,0.2095
2026-07-08T19:58Z,Portugal,0.06,0.0
2026-07-08T19:58Z,Brazil,0.044,0.0
2026-07-08T19:58Z,Spain,0.225,0.1875
2026-07-08T19:58Z,Netherlands,0.027,0.0
2026-07-08T19:58Z,Colombia,0.024,0.0
2026-07-08T19:58Z,Germany,0.02,0.0
2026-07-08T19:58Z,Belgium,0.04,0.0245
2026-07-08T19:58Z,Japan,0.006,0.0
2026-07-08T19:58Z,Morocco,0.034,0.0295
2026-07-08T19:58Z,Mexico,0.004,0.0
2026-07-08T19:58Z,Canada,0.003,0.0
2026-07-08T19:58Z,Senegal,0.003,0.0
2026-07-08T19:58Z,Australia,0.001,0.0
2026-07-08T19:58Z,Ecuador,0.001,0.0
2026-07-08T19:58Z,Ivory Coast,0.001,0.0
2026-07-08T19:58Z,Algeria,0.0,0.0
2026-07-08T19:58Z,Austria,0.0,0.0
2026-07-08T19:58Z,Bosnia and Herzegovina,0.0,0.0
2026-07-08T19:58Z,Cape Verde,0.0,0.0
2026-07-08T19:58Z,Croatia,0.0,0.0
2026-07-08T19:58Z,Curaçao,0.0,0.0
2026-07-08T19:58Z,Czech Republic,0.0,0.0
2026-07-08T19:58Z,DR Congo,0.0,0.0
2026-07-08T19:58Z,Egypt,0.0,0.0
2026-07-08T19:58Z,Ghana,0.0,0.0
2026-07-08T19:58Z,Haiti,0.0,0.0
2026-07-08T19:58Z,Iran,0.0,0.0
2026-07-08T19:58Z,Iraq,0.0,0.0
2026-07-08T19:58Z,Jordan,0.0,0.0
2026-07-08T19:58Z,New Zealand,0.0,0.0
2026-07-08T19:58Z,Panama,0.0,0.0
2026-07-08T19:58Z,Paraguay,0.0,0.0
2026-07-08T19:58Z,Qatar,0.0,0.0
2026-07-08T19:58Z,Saudi Arabia,0.0,0.0
2026-07-08T19:58Z,Scotland,0.0,0.0
2026-07-08T19:58Z,South Africa,0.0,0.0
2026-07-08T19:58Z,South Korea,0.0,0.0
2026-07-08T19:58Z,Sweden,0.0,0.0
2026-07-08T19:58Z,Tunisia,0.0,0.0
2026-07-08T19:58Z,United States,0.0,0.0
2026-07-08T19:58Z,Uruguay,0.0,0.0
2026-07-08T19:58Z,Uzbekistan,0.0,0.0
2026-07-08T19:58Z,Switzerland,0.003,0.0215
2026-07-08T19:58Z,Norway,0.013,0.0595
2026-07-08T19:58Z,England,0.098,0.1585
2026-07-08T19:58Z,France,0.117,0.3255
2026-07-08T21:05Z,Argentina,0.276,0.2035
2026-07-08T21:05Z,Portugal,0.06,0.0
2026-07-08T21:05Z,Brazil,0.044,0.0
2026-07-08T21:05Z,Spain,0.225,0.1875
2026-07-08T21:05Z,Netherlands,0.027,0.0
2026-07-08T21:05Z,Colombia,0.024,0.0
2026-07-08T21:05Z,Germany,0.02,0.0
2026-07-08T21:05Z,Belgium,0.04,0.0245
2026-07-08T21:05Z,Japan,0.006,0.0
2026-07-08T21:05Z,Morocco,0.034,0.0295
2026-07-08T21:05Z,Mexico,0.004,0.0
2026-07-08T21:05Z,Canada,0.003,0.0
2026-07-08T21:05Z,Senegal,0.003,0.0
2026-07-08T21:05Z,Australia,0.001,0.0
2026-07-08T21:05Z,Ecuador,0.001,0.0
2026-07-08T21:05Z,Ivory Coast,0.001,0.0
2026-07-08T21:05Z,Algeria,0.0,0.0
2026-07-08T21:05Z,Austria,0.0,0.0
2026-07-08T21:05Z,Bosnia and Herzegovina,0.0,0.0
2026-07-08T21:05Z,Cape Verde,0.0,0.0
2026-07-08T21:05Z,Croatia,0.0,0.0
2026-07-08T21:05Z,Curaçao,0.0,0.0
2026-07-08T21:05Z,Czech Republic,0.0,0.0
2026-07-08T21:05Z,DR Congo,0.0,0.0
2026-07-08T21:05Z,Egypt,0.0,0.0
2026-07-08T21:05Z,Ghana,0.0,0.0
2026-07-08T21:05Z,Haiti,0.0,0.0
2026-07-08T21:05Z,Iran,0.0,0.0
2026-07-08T21:05Z,Iraq,0.0,0.0
2026-07-08T21:05Z,Jordan,0.0,0.0
2026-07-08T21:05Z,New Zealand,0.0,0.0
2026-07-08T21:05Z,Panama,0.0,0.0
2026-07-08T21:05Z,Paraguay,0.0,0.0
2026-07-08T21:05Z,Qatar,0.0,0.0
2026-07-08T21:05Z,Saudi Arabia,0.0,0.0
2026-07-08T21:05Z,Scotland,0.0,0.0
2026-07-08T21:05Z,South Africa,0.0,0.0
2026-07-08T21:05Z,South Korea,0.0,0.0
2026-07-08T21:05Z,Sweden,0.0,0.0
2026-07-08T21:05Z,Tunisia,0.0,0.0
2026-07-08T21:05Z,United States,0.0,0.0
2026-07-08T21:05Z,Uruguay,0.0,0.0
2026-07-08T21:05Z,Uzbekistan,0.0,0.0
2026-07-08T21:05Z,Switzerland,0.003,0.0215
2026-07-08T21:05Z,Norway,0.013,0.0595
2026-07-08T21:05Z,England,0.098,0.1585
2026-07-08T21:05Z,France,0.117,0.3255
2026-07-08T22:20Z,Argentina,0.276,0.2005
2026-07-08T22:20Z,Portugal,0.06,0.0
2026-07-08T22:20Z,Brazil,0.044,0.0
2026-07-08T22:20Z,Spain,0.225,0.1875
2026-07-08T22:20Z,Netherlands,0.027,0.0
2026-07-08T22:20Z,Colombia,0.024,0.0
2026-07-08T22:20Z,Germany,0.02,0.0
2026-07-08T22:20Z,Belgium,0.04,0.0245
2026-07-08T22:20Z,Japan,0.006,0.0
2026-07-08T22:20Z,Morocco,0.034,0.0295
2026-07-08T22:20Z,Mexico,0.004,0.0
2026-07-08T22:20Z,Canada,0.003,0.0
2026-07-08T22:20Z,Senegal,0.003,0.0
2026-07-08T22:20Z,Australia,0.001,0.0
2026-07-08T22:20Z,Ecuador,0.001,0.0
2026-07-08T22:20Z,Ivory Coast,0.001,0.0
2026-07-08T22:20Z,Algeria,0.0,0.0
2026-07-08T22:20Z,Austria,0.0,0.0
2026-07-08T22:20Z,Bosnia and Herzegovina,0.0,0.0
2026-07-08T22:20Z,Cape Verde,0.0,0.0
2026-07-08T22:20Z,Croatia,0.0,0.0
2026-07-08T22:20Z,Curaçao,0.0,0.0
2026-07-08T22:20Z,Czech Republic,0.0,0.0
2026-07-08T22:20Z,DR Congo,0.0,0.0
2026-07-08T22:20Z,Egypt,0.0,0.0
2026-07-08T22:20Z,Ghana,0.0,0.0
2026-07-08T22:20Z,Haiti,0.0,0.0
2026-07-08T22:20Z,Iran,0.0,0.0
2026-07-08T22:20Z,Iraq,0.0,0.0
2026-07-08T22:20Z,Jordan,0.0,0.0
2026-07-08T22:20Z,New Zealand,0.0,0.0
2026-07-08T22:20Z,Panama,0.0,0.0
2026-07-08T22:20Z,Paraguay,0.0,0.0
2026-07-08T22:20Z,Qatar,0.0,0.0
2026-07-08T22:20Z,Saudi Arabia,0.0,0.0
2026-07-08T22:20Z,Scotland,0.0,0.0
2026-07-08T22:20Z,South Africa,0.0,0.0
2026-07-08T22:20Z,South Korea,0.0,0.0
2026-07-08T22:20Z,Sweden,0.0,0.0
2026-07-08T22:20Z,Tunisia,0.0,0.0
2026-07-08T22:20Z,United States,0.0,0.0
2026-07-08T22:20Z,Uruguay,0.0,0.0
2026-07-08T22:20Z,Uzbekistan,0.0,0.0
2026-07-08T22:20Z,Switzerland,0.003,0.0215
2026-07-08T22:20Z,Norway,0.013,0.0595
2026-07-08T22:20Z,England,0.098,0.1585
2026-07-08T22:20Z,France,0.117,0.3255
2026-07-08T23:34Z,Argentina,0.276,0.2005
2026-07-08T23:34Z,Portugal,0.06,0.0
2026-07-08T23:34Z,Brazil,0.044,0.0
2026-07-08T23:34Z,Spain,0.225,0.1875
2026-07-08T23:34Z,Netherlands,0.027,0.0
2026-07-08T23:34Z,Colombia,0.024,0.0
2026-07-08T23:34Z,Germany,0.02,0.0
2026-07-08T23:34Z,Belgium,0.04,0.0245
2026-07-08T23:34Z,Japan,0.006,0.0
2026-07-08T23:34Z,Morocco,0.034,0.0295
2026-07-08T23:34Z,Mexico,0.004,0.0
2026-07-08T23:34Z,Canada,0.003,0.0
2026-07-08T23:34Z,Senegal,0.003,0.0
2026-07-08T23:34Z,Australia,0.001,0.0
2026-07-08T23:34Z,Ecuador,0.001,0.0
2026-07-08T23:34Z,Ivory Coast,0.001,0.0
2026-07-08T23:34Z,Algeria,0.0,0.0
2026-07-08T23:34Z,Austria,0.0,0.0
2026-07-08T23:34Z,Bosnia and Herzegovina,0.0,0.0
2026-07-08T23:34Z,Cape Verde,0.0,0.0
2026-07-08T23:34Z,Croatia,0.0,0.0
2026-07-08T23:34Z,Curaçao,0.0,0.0
2026-07-08T23:34Z,Czech Republic,0.0,0.0
2026-07-08T23:34Z,DR Congo,0.0,0.0
2026-07-08T23:34Z,Egypt,0.0,0.0
2026-07-08T23:34Z,Ghana,0.0,0.0
2026-07-08T23:34Z,Haiti,0.0,0.0
2026-07-08T23:34Z,Iran,0.0,0.0
2026-07-08T23:34Z,Iraq,0.0,0.0
2026-07-08T23:34Z,Jordan,0.0,0.0
2026-07-08T23:34Z,New Zealand,0.0,0.0
2026-07-08T23:34Z,Panama,0.0,0.0
2026-07-08T23:34Z,Paraguay,0.0,0.0
2026-07-08T23:34Z,Qatar,0.0,0.0
2026-07-08T23:34Z,Saudi Arabia,0.0,0.0
2026-07-08T23:34Z,Scotland,0.0,0.0
2026-07-08T23:34Z,South Africa,0.0,0.0
2026-07-08T23:34Z,South Korea,0.0,0.0
2026-07-08T23:34Z,Sweden,0.0,0.0
2026-07-08T23:34Z,Tunisia,0.0,0.0
2026-07-08T23:34Z,United States,0.0,0.0
2026-07-08T23:34Z,Uruguay,0.0,0.0
2026-07-08T23:34Z,Uzbekistan,0.0,0.0
2026-07-08T23:34Z,Switzerland,0.003,0.0215
2026-07-08T23:34Z,Norway,0.013,0.0595
2026-07-08T23:34Z,England,0.098,0.1585
2026-07-08T23:34Z,France,0.117,0.3255
2026-07-09T01:14Z,Argentina,0.276,0.2005
2026-07-09T01:14Z,Portugal,0.06,0.0
2026-07-09T01:14Z,Brazil,0.044,0.0
2026-07-09T01:14Z,Spain,0.225,0.1875
2026-07-09T01:14Z,Netherlands,0.027,0.0
2026-07-09T01:14Z,Colombia,0.024,0.0
2026-07-09T01:14Z,Germany,0.02,0.0
2026-07-09T01:14Z,Belgium,0.04,0.0245
2026-07-09T01:14Z,Japan,0.006,0.0
2026-07-09T01:14Z,Morocco,0.034,0.0285
2026-07-09T01:14Z,Mexico,0.004,0.0
2026-07-09T01:14Z,Canada,0.003,0.0
2026-07-09T01:14Z,Senegal,0.003,0.0
2026-07-09T01:14Z,Australia,0.001,0.0
2026-07-09T01:14Z,Ecuador,0.001,0.0
2026-07-09T01:14Z,Ivory Coast,0.001,0.0
2026-07-09T01:14Z,Algeria,0.0,0.0
2026-07-09T01:14Z,Austria,0.0,0.0
2026-07-09T01:14Z,Bosnia and Herzegovina,0.0,0.0
2026-07-09T01:14Z,Cape Verde,0.0,0.0
2026-07-09T01:14Z,Croatia,0.0,0.0
2026-07-09T01:14Z,Curaçao,0.0,0.0
2026-07-09T01:14Z,Czech Republic,0.0,0.0
2026-07-09T01:14Z,DR Congo,0.0,0.0
2026-07-09T01:14Z,Egypt,0.0,0.0
2026-07-09T01:14Z,Ghana,0.0,0.0
2026-07-09T01:14Z,Haiti,0.0,0.0
2026-07-09T01:14Z,Iran,0.0,0.0
2026-07-09T01:14Z,Iraq,0.0,0.0
2026-07-09T01:14Z,Jordan,0.0,0.0
2026-07-09T01:14Z,New Zealand,0.0,0.0
2026-07-09T01:14Z,Panama,0.0,0.0
2026-07-09T01:14Z,Paraguay,0.0,0.0
2026-07-09T01:14Z,Qatar,0.0,0.0
2026-07-09T01:14Z,Saudi Arabia,0.0,0.0
2026-07-09T01:14Z,Scotland,0.0,0.0
2026-07-09T01:14Z,South Africa,0.0,0.0
2026-07-09T01:14Z,South Korea,0.0,0.0
2026-07-09T01:14Z,Sweden,0.0,0.0
2026-07-09T01:14Z,Tunisia,0.0,0.0
2026-07-09T01:14Z,United States,0.0,0.0
2026-07-09T01:14Z,Uruguay,0.0,0.0
2026-07-09T01:14Z,Uzbekistan,0.0,0.0
2026-07-09T01:14Z,Switzerland,0.003,0.0215
2026-07-09T01:14Z,Norway,0.013,0.0595
2026-07-09T01:14Z,England,0.098,0.1585
2026-07-09T01:14Z,France,0.117,0.3255
2026-07-09T05:15Z,Argentina,0.276,0.2005
2026-07-09T05:15Z,Portugal,0.06,0.0
2026-07-09T05:15Z,Brazil,0.044,0.0
2026-07-09T05:15Z,Spain,0.225,0.1875
2026-07-09T05:15Z,Netherlands,0.027,0.0
2026-07-09T05:15Z,Colombia,0.024,0.0
2026-07-09T05:15Z,Germany,0.02,0.0
2026-07-09T05:15Z,Belgium,0.04,0.0245
2026-07-09T05:15Z,Japan,0.006,0.0
2026-07-09T05:15Z,Morocco,0.034,0.0285
2026-07-09T05:15Z,Mexico,0.004,0.0
2026-07-09T05:15Z,Canada,0.003,0.0
2026-07-09T05:15Z,Senegal,0.003,0.0
2026-07-09T05:15Z,Australia,0.001,0.0
2026-07-09T05:15Z,Ecuador,0.001,0.0
2026-07-09T05:15Z,Ivory Coast,0.001,0.0
2026-07-09T05:15Z,Algeria,0.0,0.0
2026-07-09T05:15Z,Austria,0.0,0.0
2026-07-09T05:15Z,Bosnia and Herzegovina,0.0,0.0
2026-07-09T05:15Z,Cape Verde,0.0,0.0
2026-07-09T05:15Z,Croatia,0.0,0.0
2026-07-09T05:15Z,Curaçao,0.0,0.0
2026-07-09T05:15Z,Czech Republic,0.0,0.0
2026-07-09T05:15Z,DR Congo,0.0,0.0
2026-07-09T05:15Z,Egypt,0.0,0.0
2026-07-09T05:15Z,Ghana,0.0,0.0
2026-07-09T05:15Z,Haiti,0.0,0.0
2026-07-09T05:15Z,Iran,0.0,0.0
2026-07-09T05:15Z,Iraq,0.0,0.0
2026-07-09T05:15Z,Jordan,0.0,0.0
2026-07-09T05:15Z,New Zealand,0.0,0.0
2026-07-09T05:15Z,Panama,0.0,0.0
2026-07-09T05:15Z,Paraguay,0.0,0.0
2026-07-09T05:15Z,Qatar,0.0,0.0
2026-07-09T05:15Z,Saudi Arabia,0.0,0.0
2026-07-09T05:15Z,Scotland,0.0,0.0
2026-07-09T05:15Z,South Africa,0.0,0.0
2026-07-09T05:15Z,South Korea,0.0,0.0
2026-07-09T05:15Z,Sweden,0.0,0.0
2026-07-09T05:15Z,Tunisia,0.0,0.0
2026-07-09T05:15Z,United States,0.0,0.0
2026-07-09T05:15Z,Uruguay,0.0,0.0
2026-07-09T05:15Z,Uzbekistan,0.0,0.0
2026-07-09T05:15Z,Switzerland,0.003,0.0215
2026-07-09T05:15Z,Norway,0.013,0.0595
2026-07-09T05:15Z,England,0.098,0.1585
2026-07-09T05:15Z,France,0.117,0.3215
2026-07-09T08:48Z,Argentina,0.276,0.2005
2026-07-09T08:48Z,Portugal,0.06,0.0
2026-07-09T08:48Z,Brazil,0.044,0.0
2026-07-09T08:48Z,Spain,0.225,0.1875
2026-07-09T08:48Z,Netherlands,0.027,0.0
2026-07-09T08:48Z,Colombia,0.024,0.0
2026-07-09T08:48Z,Germany,0.02,0.0
2026-07-09T08:48Z,Belgium,0.04,0.0245
2026-07-09T08:48Z,Morocco,0.034,0.0275
2026-07-09T08:48Z,Japan,0.006,0.0
2026-07-09T08:48Z,Mexico,0.004,0.0
2026-07-09T08:48Z,Canada,0.003,0.0
2026-07-09T08:48Z,Senegal,0.003,0.0
2026-07-09T08:48Z,Australia,0.001,0.0
2026-07-09T08:48Z,Ecuador,0.001,0.0
2026-07-09T08:48Z,Ivory Coast,0.001,0.0
2026-07-09T08:48Z,Algeria,0.0,0.0
2026-07-09T08:48Z,Austria,0.0,0.0
2026-07-09T08:48Z,Bosnia and Herzegovina,0.0,0.0
2026-07-09T08:48Z,Cape Verde,0.0,0.0
2026-07-09T08:48Z,Croatia,0.0,0.0
2026-07-09T08:48Z,Curaçao,0.0,0.0
2026-07-09T08:48Z,Czech Republic,0.0,0.0
2026-07-09T08:48Z,DR Congo,0.0,0.0
2026-07-09T08:48Z,Egypt,0.0,0.0
2026-07-09T08:48Z,Ghana,0.0,0.0
2026-07-09T08:48Z,Haiti,0.0,0.0
2026-07-09T08:48Z,Iran,0.0,0.0
2026-07-09T08:48Z,Iraq,0.0,0.0
2026-07-09T08:48Z,Jordan,0.0,0.0
2026-07-09T08:48Z,New Zealand,0.0,0.0
2026-07-09T08:48Z,Panama,0.0,0.0
2026-07-09T08:48Z,Paraguay,0.0,0.0
2026-07-09T08:48Z,Qatar,0.0,0.0
2026-07-09T08:48Z,Saudi Arabia,0.0,0.0
2026-07-09T08:48Z,Scotland,0.0,0.0
2026-07-09T08:48Z,South Africa,0.0,0.0
2026-07-09T08:48Z,South Korea,0.0,0.0
2026-07-09T08:48Z,Sweden,0.0,0.0
2026-07-09T08:48Z,Tunisia,0.0,0.0
2026-07-09T08:48Z,United States,0.0,0.0
2026-07-09T08:48Z,Uruguay,0.0,0.0
2026-07-09T08:48Z,Uzbekistan,0.0,0.0
2026-07-09T08:48Z,Switzerland,0.003,0.0215
2026-07-09T08:48Z,Norway,0.013,0.0605
2026-07-09T08:48Z,England,0.098,0.1595
2026-07-09T08:48Z,France,0.117,0.3195
2026-07-09T11:56Z,Argentina,0.276,0.2005
2026-07-09T11:56Z,Portugal,0.06,0.0
2026-07-09T11:56Z,Brazil,0.044,0.0
2026-07-09T11:56Z,Spain,0.225,0.1905
2026-07-09T11:56Z,Netherlands,0.027,0.0
2026-07-09T11:56Z,Colombia,0.024,0.0
2026-07-09T11:56Z,Germany,0.02,0.0
2026-07-09T11:56Z,Belgium,0.04,0.0245
2026-07-09T11:56Z,Japan,0.006,0.0
2026-07-09T11:56Z,Mexico,0.004,0.0
2026-07-09T11:56Z,Morocco,0.034,0.0305
2026-07-09T11:56Z,Canada,0.003,0.0
2026-07-09T11:56Z,Senegal,0.003,0.0
2026-07-09T11:56Z,Australia,0.001,0.0
2026-07-09T11:56Z,Ecuador,0.001,0.0
2026-07-09T11:56Z,Ivory Coast,0.001,0.0
2026-07-09T11:56Z,Algeria,0.0,0.0
2026-07-09T11:56Z,Austria,0.0,0.0
2026-07-09T11:56Z,Bosnia and Herzegovina,0.0,0.0
2026-07-09T11:56Z,Cape Verde,0.0,0.0
2026-07-09T11:56Z,Croatia,0.0,0.0
2026-07-09T11:56Z,Curaçao,0.0,0.0
2026-07-09T11:56Z,Czech Republic,0.0,0.0
2026-07-09T11:56Z,DR Congo,0.0,0.0
2026-07-09T11:56Z,Egypt,0.0,0.0
2026-07-09T11:56Z,Ghana,0.0,0.0
2026-07-09T11:56Z,Haiti,0.0,0.0
2026-07-09T11:56Z,Iran,0.0,0.0
2026-07-09T11:56Z,Iraq,0.0,0.0
2026-07-09T11:56Z,Jordan,0.0,0.0
2026-07-09T11:56Z,New Zealand,0.0,0.0
2026-07-09T11:56Z,Panama,0.0,0.0
2026-07-09T11:56Z,Paraguay,0.0,0.0
2026-07-09T11:56Z,Qatar,0.0,0.0
2026-07-09T11:56Z,Saudi Arabia,0.0,0.0
2026-07-09T11:56Z,Scotland,0.0,0.0
2026-07-09T11:56Z,South Africa,0.0,0.0
2026-07-09T11:56Z,South Korea,0.0,0.0
2026-07-09T11:56Z,Sweden,0.0,0.0
2026-07-09T11:56Z,Tunisia,0.0,0.0
2026-07-09T11:56Z,United States,0.0,0.0
2026-07-09T11:56Z,Uruguay,0.0,0.0
2026-07-09T11:56Z,Uzbekistan,0.0,0.0
2026-07-09T11:56Z,Switzerland,0.003,0.0215
2026-07-09T11:56Z,Norway,0.013,0.0605
2026-07-09T11:56Z,England,0.098,0.1605
2026-07-09T11:56Z,France,0.117,0.3215
2026-07-09T14:39Z,Argentina,0.276,0.2005
2026-07-09T14:39Z,Portugal,0.06,0.0
2026-07-09T14:39Z,Brazil,0.044,0.0
2026-07-09T14:39Z,Spain,0.225,0.1925
2026-07-09T14:39Z,Netherlands,0.027,0.0
2026-07-09T14:39Z,Colombia,0.024,0.0
2026-07-09T14:39Z,Germany,0.02,0.0
2026-07-09T14:39Z,Belgium,0.04,0.0245
2026-07-09T14:39Z,Japan,0.006,0.0
2026-07-09T14:39Z,Morocco,0.034,0.0295
2026-07-09T14:39Z,Mexico,0.004,0.0
2026-07-09T14:39Z,Canada,0.003,0.0
2026-07-09T14:39Z,Senegal,0.003,0.0
2026-07-09T14:39Z,Australia,0.001,0.0
2026-07-09T14:39Z,Ecuador,0.001,0.0
2026-07-09T14:39Z,Ivory Coast,0.001,0.0
2026-07-09T14:39Z,Algeria,0.0,0.0
2026-07-09T14:39Z,Austria,0.0,0.0
2026-07-09T14:39Z,Bosnia and Herzegovina,0.0,0.0
2026-07-09T14:39Z,Cape Verde,0.0,0.0
2026-07-09T14:39Z,Croatia,0.0,0.0
2026-07-09T14:39Z,Curaçao,0.0,0.0
2026-07-09T14:39Z,Czech Republic,0.0,0.0
2026-07-09T14:39Z,DR Congo,0.0,0.0
2026-07-09T14:39Z,Egypt,0.0,0.0
2026-07-09T14:39Z,Ghana,0.0,0.0
2026-07-09T14:39Z,Haiti,0.0,0.0
2026-07-09T14:39Z,Iran,0.0,0.0
2026-07-09T14:39Z,Iraq,0.0,0.0
2026-07-09T14:39Z,Jordan,0.0,0.0
2026-07-09T14:39Z,New Zealand,0.0,0.0
2026-07-09T14:39Z,Panama,0.0,0.0
2026-07-09T14:39Z,Paraguay,0.0,0.0
2026-07-09T14:39Z,Qatar,0.0,0.0
2026-07-09T14:39Z,Saudi Arabia,0.0,0.0
2026-07-09T14:39Z,Scotland,0.0,0.0
2026-07-09T14:39Z,South Africa,0.0,0.0
2026-07-09T14:39Z,South Korea,0.0,0.0
2026-07-09T14:39Z,Sweden,0.0,0.0
2026-07-09T14:39Z,Tunisia,0.0,0.0
2026-07-09T14:39Z,United States,0.0,0.0
2026-07-09T14:39Z,Uruguay,0.0,0.0
2026-07-09T14:39Z,Uzbekistan,0.0,0.0
2026-07-09T14:39Z,Switzerland,0.003,0.0215
2026-07-09T14:39Z,Norway,0.013,0.0605
2026-07-09T14:39Z,England,0.098,0.1605
2026-07-09T14:39Z,France,0.117,0.3215
2026-07-09T17:06Z,Argentina,0.276,0.1965
2026-07-09T17:06Z,Portugal,0.06,0.0
2026-07-09T17:06Z,Brazil,0.044,0.0
2026-07-09T17:06Z,Spain,0.225,0.1925
2026-07-09T17:06Z,Netherlands,0.027,0.0
2026-07-09T17:06Z,Colombia,0.024,0.0
2026-07-09T17:06Z,Germany,0.02,0.0
2026-07-09T17:06Z,Belgium,0.04,0.0245
2026-07-09T17:06Z,Japan,0.006,0.0
2026-07-09T17:06Z,Mexico,0.004,0.0
2026-07-09T17:06Z,Morocco,0.034,0.0305
2026-07-09T17:06Z,Canada,0.003,0.0
2026-07-09T17:06Z,Senegal,0.003,0.0
2026-07-09T17:06Z,Australia,0.001,0.0
2026-07-09T17:06Z,Ecuador,0.001,0.0
2026-07-09T17:06Z,Ivory Coast,0.001,0.0
2026-07-09T17:06Z,Algeria,0.0,0.0
2026-07-09T17:06Z,Austria,0.0,0.0
2026-07-09T17:06Z,Bosnia and Herzegovina,0.0,0.0
2026-07-09T17:06Z,Cape Verde,0.0,0.0
2026-07-09T17:06Z,Croatia,0.0,0.0
2026-07-09T17:06Z,Curaçao,0.0,0.0
2026-07-09T17:06Z,Czech Republic,0.0,0.0
2026-07-09T17:06Z,DR Congo,0.0,0.0
2026-07-09T17:06Z,Egypt,0.0,0.0
2026-07-09T17:06Z,Ghana,0.0,0.0
2026-07-09T17:06Z,Haiti,0.0,0.0
2026-07-09T17:06Z,Iran,0.0,0.0
2026-07-09T17:06Z,Iraq,0.0,0.0
2026-07-09T17:06Z,Jordan,0.0,0.0
2026-07-09T17:06Z,New Zealand,0.0,0.0
2026-07-09T17:06Z,Panama,0.0,0.0
2026-07-09T17:06Z,Paraguay,0.0,0.0
2026-07-09T17:06Z,Qatar,0.0,0.0
2026-07-09T17:06Z,Saudi Arabia,0.0,0.0
2026-07-09T17:06Z,Scotland,0.0,0.0
2026-07-09T17:06Z,South Africa,0.0,0.0
2026-07-09T17:06Z,South Korea,0.0,0.0
2026-07-09T17:06Z,Sweden,0.0,0.0
2026-07-09T17:06Z,Tunisia,0.0,0.0
2026-07-09T17:06Z,United States,0.0,0.0
2026-07-09T17:06Z,Uruguay,0.0,0.0
2026-07-09T17:06Z,Uzbekistan,0.0,0.0
2026-07-09T17:06Z,Switzerland,0.003,0.0215
2026-07-09T17:06Z,Norway,0.013,0.0595
2026-07-09T17:06Z,England,0.098,0.1605
2026-07-09T17:06Z,France,0.117,0.3205
2026-07-09T19:03Z,Argentina,0.276,0.1905
2026-07-09T19:03Z,Portugal,0.06,0.0
2026-07-09T19:03Z,Brazil,0.044,0.0
2026-07-09T19:03Z,Spain,0.225,0.1955
2026-07-09T19:03Z,Netherlands,0.027,0.0
2026-07-09T19:03Z,Colombia,0.024,0.0
2026-07-09T19:03Z,Germany,0.02,0.0
2026-07-09T19:03Z,Belgium,0.04,0.0245
2026-07-09T19:03Z,Japan,0.006,0.0
2026-07-09T19:03Z,Mexico,0.004,0.0
2026-07-09T19:03Z,Canada,0.003,0.0
2026-07-09T19:03Z,Senegal,0.003,0.0
2026-07-09T19:03Z,Morocco,0.034,0.0315
2026-07-09T19:03Z,Australia,0.001,0.0
2026-07-09T19:03Z,Ecuador,0.001,0.0
2026-07-09T19:03Z,Ivory Coast,0.001,0.0
2026-07-09T19:03Z,Algeria,0.0,0.0
2026-07-09T19:03Z,Austria,0.0,0.0
2026-07-09T19:03Z,Bosnia and Herzegovina,0.0,0.0
2026-07-09T19:03Z,Cape Verde,0.0,0.0
2026-07-09T19:03Z,Croatia,0.0,0.0
2026-07-09T19:03Z,Curaçao,0.0,0.0
2026-07-09T19:03Z,Czech Republic,0.0,0.0
2026-07-09T19:03Z,DR Congo,0.0,0.0
2026-07-09T19:03Z,Egypt,0.0,0.0
2026-07-09T19:03Z,Ghana,0.0,0.0
2026-07-09T19:03Z,Haiti,0.0,0.0
2026-07-09T19:03Z,Iran,0.0,0.0
2026-07-09T19:03Z,Iraq,0.0,0.0
2026-07-09T19:03Z,Jordan,0.0,0.0
2026-07-09T19:03Z,New Zealand,0.0,0.0
2026-07-09T19:03Z,Panama,0.0,0.0
2026-07-09T19:03Z,Paraguay,0.0,0.0
2026-07-09T19:03Z,Qatar,0.0,0.0
2026-07-09T19:03Z,Saudi Arabia,0.0,0.0
2026-07-09T19:03Z,Scotland,0.0,0.0
2026-07-09T19:03Z,South Africa,0.0,0.0
2026-07-09T19:03Z,South Korea,0.0,0.0
2026-07-09T19:03Z,Sweden,0.0,0.0
2026-07-09T19:03Z,Tunisia,0.0,0.0
2026-07-09T19:03Z,United States,0.0,0.0
2026-07-09T19:03Z,Uruguay,0.0,0.0
2026-07-09T19:03Z,Uzbekistan,0.0,0.0
2026-07-09T19:03Z,Switzerland,0.003,0.0205
2026-07-09T19:03Z,Norway,0.013,0.0615
2026-07-09T19:03Z,England,0.098,0.1605
2026-07-09T19:03Z,France,0.117,0.3175
2026-07-09T20:59Z,Argentina,0.276,0.1875
2026-07-09T20:59Z,Portugal,0.06,0.0
2026-07-09T20:59Z,Brazil,0.044,0.0
2026-07-09T20:59Z,Spain,0.225,0.1875
2026-07-09T20:59Z,Netherlands,0.027,0.0
2026-07-09T20:59Z,Colombia,0.024,0.0
2026-07-09T20:59Z,Germany,0.02,0.0
2026-07-09T20:59Z,Belgium,0.04,0.0245
2026-07-09T20:59Z,Japan,0.006,0.0
2026-07-09T20:59Z,Morocco,0.034,0.0285
2026-07-09T20:59Z,Mexico,0.004,0.0
2026-07-09T20:59Z,Canada,0.003,0.0
2026-07-09T20:59Z,Senegal,0.003,0.0
2026-07-09T20:59Z,Australia,0.001,0.0
2026-07-09T20:59Z,Ecuador,0.001,0.0
2026-07-09T20:59Z,Ivory Coast,0.001,0.0
2026-07-09T20:59Z,Algeria,0.0,0.0
2026-07-09T20:59Z,Austria,0.0,0.0
2026-07-09T20:59Z,Bosnia and Herzegovina,0.0,0.0
2026-07-09T20:59Z,Cape Verde,0.0,0.0
2026-07-09T20:59Z,Croatia,0.0,0.0
2026-07-09T20:59Z,Curaçao,0.0,0.0
2026-07-09T20:59Z,Czech Republic,0.0,0.0
2026-07-09T20:59Z,DR Congo,0.0,0.0
2026-07-09T20:59Z,Egypt,0.0,0.0
2026-07-09T20:59Z,Ghana,0.0,0.0
2026-07-09T20:59Z,Haiti,0.0,0.0
2026-07-09T20:59Z,Iran,0.0,0.0
2026-07-09T20:59Z,Iraq,0.0,0.0
2026-07-09T20:59Z,Jordan,0.0,0.0
2026-07-09T20:59Z,New Zealand,0.0,0.0
2026-07-09T20:59Z,Panama,0.0,0.0
2026-07-09T20:59Z,Paraguay,0.0,0.0
2026-07-09T20:59Z,Qatar,0.0,0.0
2026-07-09T20:59Z,Saudi Arabia,0.0,0.0
2026-07-09T20:59Z,Scotland,0.0,0.0
2026-07-09T20:59Z,South Africa,0.0,0.0
2026-07-09T20:59Z,South Korea,0.0,0.0
2026-07-09T20:59Z,Sweden,0.0,0.0
2026-07-09T20:59Z,Tunisia,0.0,0.0
2026-07-09T20:59Z,United States,0.0,0.0
2026-07-09T20:59Z,Uruguay,0.0,0.0
2026-07-09T20:59Z,Uzbekistan,0.0,0.0
2026-07-09T20:59Z,Switzerland,0.003,0.0205
2026-07-09T20:59Z,Norway,0.013,0.0635
2026-07-09T20:59Z,England,0.098,0.1605
2026-07-09T20:59Z,France,0.117,0.3195
2026-07-09T22:22Z,Argentina,0.268,0.1785
2026-07-09T22:22Z,Portugal,0.061,0.0
2026-07-09T22:22Z,Spain,0.228,0.1765
2026-07-09T22:22Z,Brazil,0.037,0.0
2026-07-09T22:22Z,Netherlands,0.037,0.0
2026-07-09T22:22Z,Morocco,0.029,0.0005
2026-07-09T22:22Z,Colombia,0.024,0.0
2026-07-09T22:22Z,Germany,0.016,0.0
2026-07-09T22:22Z,Belgium,0.033,0.0225
2026-07-09T22:22Z,Ivory Coast,0.003,0.0
2026-07-09T22:22Z,Japan,0.003,0.0
2026-07-09T22:22Z,Australia,0.002,0.0
2026-07-09T22:22Z,Canada,0.001,0.0
2026-07-09T22:22Z,Croatia,0.001,0.0
2026-07-09T22:22Z,Ecuador,0.001,0.0
2026-07-09T22:22Z,Algeria,0.0,0.0
2026-07-09T22:22Z,Austria,0.0,0.0
2026-07-09T22:22Z,Bosnia and Herzegovina,0.0,0.0
2026-07-09T22:22Z,Cape Verde,0.0,0.0
2026-07-09T22:22Z,Curaçao,0.0,0.0
2026-07-09T22:22Z,Czech Republic,0.0,0.0
2026-07-09T22:22Z,DR Congo,0.0,0.0
2026-07-09T22:22Z,Egypt,0.0,0.0
2026-07-09T22:22Z,Ghana,0.0,0.0
2026-07-09T22:22Z,Haiti,0.0,0.0
2026-07-09T22:22Z,Iran,0.0,0.0
2026-07-09T22:22Z,Iraq,0.0,0.0
2026-07-09T22:22Z,Jordan,0.0,0.0
2026-07-09T22:22Z,Mexico,0.0,0.0
2026-07-09T22:22Z,New Zealand,0.0,0.0
2026-07-09T22:22Z,Panama,0.0,0.0
2026-07-09T22:22Z,Paraguay,0.0,0.0
2026-07-09T22:22Z,Qatar,0.0,0.0
2026-07-09T22:22Z,Saudi Arabia,0.0,0.0
2026-07-09T22:22Z,Scotland,0.0,0.0
2026-07-09T22:22Z,Senegal,0.0,0.0
2026-07-09T22:22Z,South Africa,0.0,0.0
2026-07-09T22:22Z,South Korea,0.0,0.0
2026-07-09T22:22Z,Sweden,0.0,0.0
2026-07-09T22:22Z,Tunisia,0.0,0.0
2026-07-09T22:22Z,United States,0.0,0.0
2026-07-09T22:22Z,Uruguay,0.0,0.0
2026-07-09T22:22Z,Uzbekistan,0.0,0.0
2026-07-09T22:22Z,Switzerland,0.004,0.0195
2026-07-09T22:22Z,Norway,0.014,0.0575
2026-07-09T22:22Z,England,0.099,0.1595
2026-07-09T22:22Z,France,0.139,0.3835
2026-07-09T23:42Z,Argentina,0.268,0.1785
2026-07-09T23:42Z,Portugal,0.061,0.0
2026-07-09T23:42Z,Spain,0.228,0.1725
2026-07-09T23:42Z,Brazil,0.037,0.0
2026-07-09T23:42Z,Netherlands,0.037,0.0
2026-07-09T23:42Z,Morocco,0.029,0.0005
2026-07-09T23:42Z,Colombia,0.024,0.0
2026-07-09T23:42Z,Germany,0.016,0.0
2026-07-09T23:42Z,Belgium,0.033,0.0215
2026-07-09T23:42Z,Ivory Coast,0.003,0.0
2026-07-09T23:42Z,Japan,0.003,0.0
2026-07-09T23:42Z,Australia,0.002,0.0
2026-07-09T23:42Z,Canada,0.001,0.0
2026-07-09T23:42Z,Croatia,0.001,0.0
2026-07-09T23:42Z,Ecuador,0.001,0.0
2026-07-09T23:42Z,Algeria,0.0,0.0
2026-07-09T23:42Z,Austria,0.0,0.0
2026-07-09T23:42Z,Bosnia and Herzegovina,0.0,0.0
2026-07-09T23:42Z,Cape Verde,0.0,0.0
2026-07-09T23:42Z,Curaçao,0.0,0.0
2026-07-09T23:42Z,Czech Republic,0.0,0.0
2026-07-09T23:42Z,DR Congo,0.0,0.0
2026-07-09T23:42Z,Egypt,0.0,0.0
2026-07-09T23:42Z,Ghana,0.0,0.0
2026-07-09T23:42Z,Haiti,0.0,0.0
2026-07-09T23:42Z,Iran,0.0,0.0
2026-07-09T23:42Z,Iraq,0.0,0.0
2026-07-09T23:42Z,Jordan,0.0,0.0
2026-07-09T23:42Z,Mexico,0.0,0.0
2026-07-09T23:42Z,New Zealand,0.0,0.0
2026-07-09T23:42Z,Panama,0.0,0.0
2026-07-09T23:42Z,Paraguay,0.0,0.0
2026-07-09T23:42Z,Qatar,0.0,0.0
2026-07-09T23:42Z,Saudi Arabia,0.0,0.0
2026-07-09T23:42Z,Scotland,0.0,0.0
2026-07-09T23:42Z,Senegal,0.0,0.0
2026-07-09T23:42Z,South Africa,0.0,0.0
2026-07-09T23:42Z,South Korea,0.0,0.0
2026-07-09T23:42Z,Sweden,0.0,0.0
2026-07-09T23:42Z,Tunisia,0.0,0.0
2026-07-09T23:42Z,United States,0.0,0.0
2026-07-09T23:42Z,Uruguay,0.0,0.0
2026-07-09T23:42Z,Uzbekistan,0.0,0.0
2026-07-09T23:42Z,Switzerland,0.004,0.0195
2026-07-09T23:42Z,Norway,0.014,0.0585
2026-07-09T23:42Z,England,0.099,0.1595
2026-07-09T23:42Z,France,0.139,0.3875
2026-07-10T02:11Z,Argentina,0.268,0.1785
2026-07-10T02:11Z,Portugal,0.061,0.0
2026-07-10T02:11Z,Spain,0.228,0.1725
2026-07-10T02:11Z,Brazil,0.037,0.0
2026-07-10T02:11Z,Netherlands,0.037,0.0
2026-07-10T02:11Z,Morocco,0.029,0.0
2026-07-10T02:11Z,Colombia,0.024,0.0
2026-07-10T02:11Z,Germany,0.016,0.0
2026-07-10T02:11Z,Belgium,0.033,0.0215
2026-07-10T02:11Z,Ivory Coast,0.003,0.0
2026-07-10T02:11Z,Japan,0.003,0.0
2026-07-10T02:11Z,Australia,0.002,0.0
2026-07-10T02:11Z,Canada,0.001,0.0
2026-07-10T02:11Z,Croatia,0.001,0.0
2026-07-10T02:11Z,Ecuador,0.001,0.0
2026-07-10T02:11Z,Algeria,0.0,0.0
2026-07-10T02:11Z,Austria,0.0,0.0
2026-07-10T02:11Z,Bosnia and Herzegovina,0.0,0.0
2026-07-10T02:11Z,Cape Verde,0.0,0.0
2026-07-10T02:11Z,Curaçao,0.0,0.0
2026-07-10T02:11Z,Czech Republic,0.0,0.0
2026-07-10T02:11Z,DR Congo,0.0,0.0
2026-07-10T02:11Z,Egypt,0.0,0.0
2026-07-10T02:11Z,Ghana,0.0,0.0
2026-07-10T02:11Z,Haiti,0.0,0.0
2026-07-10T02:11Z,Iran,0.0,0.0
2026-07-10T02:11Z,Iraq,0.0,0.0
2026-07-10T02:11Z,Jordan,0.0,0.0
2026-07-10T02:11Z,Mexico,0.0,0.0
2026-07-10T02:11Z,New Zealand,0.0,0.0
2026-07-10T02:11Z,Panama,0.0,0.0
2026-07-10T02:11Z,Paraguay,0.0,0.0
2026-07-10T02:11Z,Qatar,0.0,0.0
2026-07-10T02:11Z,Saudi Arabia,0.0,0.0
2026-07-10T02:11Z,Scotland,0.0,0.0
2026-07-10T02:11Z,Senegal,0.0,0.0
2026-07-10T02:11Z,South Africa,0.0,0.0
2026-07-10T02:11Z,South Korea,0.0,0.0
2026-07-10T02:11Z,Sweden,0.0,0.0
2026-07-10T02:11Z,Tunisia,0.0,0.0
2026-07-10T02:11Z,United States,0.0,0.0
2026-07-10T02:11Z,Uruguay,0.0,0.0
2026-07-10T02:11Z,Uzbekistan,0.0,0.0
2026-07-10T02:11Z,Switzerland,0.004,0.0195
2026-07-10T02:11Z,Norway,0.014,0.0585
2026-07-10T02:11Z,England,0.099,0.1595
2026-07-10T02:11Z,France,0.139,0.3855
2026-07-10T06:18Z,Argentina,0.268,0.1825
2026-07-10T06:18Z,Portugal,0.061,0.0
2026-07-10T06:18Z,Spain,0.228,0.1715
2026-07-10T06:18Z,Brazil,0.037,0.0
2026-07-10T06:18Z,Netherlands,0.037,0.0
2026-07-10T06:18Z,Morocco,0.029,0.0
2026-07-10T06:18Z,Colombia,0.024,0.0
2026-07-10T06:18Z,Germany,0.016,0.0
2026-07-10T06:18Z,Belgium,0.033,0.0215
2026-07-10T06:18Z,Ivory Coast,0.003,0.0
2026-07-10T06:18Z,Japan,0.003,0.0
2026-07-10T06:18Z,Australia,0.002,0.0
2026-07-10T06:18Z,Canada,0.001,0.0
2026-07-10T06:18Z,Croatia,0.001,0.0
2026-07-10T06:18Z,Ecuador,0.001,0.0
2026-07-10T06:18Z,Algeria,0.0,0.0
2026-07-10T06:18Z,Austria,0.0,0.0
2026-07-10T06:18Z,Bosnia and Herzegovina,0.0,0.0
2026-07-10T06:18Z,Cape Verde,0.0,0.0
2026-07-10T06:18Z,Curaçao,0.0,0.0
2026-07-10T06:18Z,Czech Republic,0.0,0.0
2026-07-10T06:18Z,DR Congo,0.0,0.0
2026-07-10T06:18Z,Egypt,0.0,0.0
2026-07-10T06:18Z,Ghana,0.0,0.0
2026-07-10T06:18Z,Haiti,0.0,0.0
2026-07-10T06:18Z,Iran,0.0,0.0
2026-07-10T06:18Z,Iraq,0.0,0.0
2026-07-10T06:18Z,Jordan,0.0,0.0
2026-07-10T06:18Z,Mexico,0.0,0.0
2026-07-10T06:18Z,New Zealand,0.0,0.0
2026-07-10T06:18Z,Panama,0.0,0.0
2026-07-10T06:18Z,Paraguay,0.0,0.0
2026-07-10T06:18Z,Qatar,0.0,0.0
2026-07-10T06:18Z,Saudi Arabia,0.0,0.0
2026-07-10T06:18Z,Scotland,0.0,0.0
2026-07-10T06:18Z,Senegal,0.0,0.0
2026-07-10T06:18Z,South Africa,0.0,0.0
2026-07-10T06:18Z,South Korea,0.0,0.0
2026-07-10T06:18Z,Sweden,0.0,0.0
2026-07-10T06:18Z,Tunisia,0.0,0.0
2026-07-10T06:18Z,United States,0.0,0.0
2026-07-10T06:18Z,Uruguay,0.0,0.0
2026-07-10T06:18Z,Uzbekistan,0.0,0.0
2026-07-10T06:18Z,Switzerland,0.004,0.0195
2026-07-10T06:18Z,Norway,0.014,0.0605
2026-07-10T06:18Z,England,0.099,0.1595
2026-07-10T06:18Z,France,0.139,0.3855
2026-07-10T09:56Z,Argentina,0.268,0.1875
2026-07-10T09:56Z,Portugal,0.061,0.0
2026-07-10T09:56Z,Spain,0.228,0.1685
2026-07-10T09:56Z,Brazil,0.037,0.0
2026-07-10T09:56Z,Netherlands,0.037,0.0
2026-07-10T09:56Z,Morocco,0.029,0.0
2026-07-10T09:56Z,Colombia,0.024,0.0
2026-07-10T09:56Z,Germany,0.016,0.0
2026-07-10T09:56Z,Belgium,0.033,0.0215
2026-07-10T09:56Z,Ivory Coast,0.003,0.0
2026-07-10T09:56Z,Japan,0.003,0.0
2026-07-10T09:56Z,Australia,0.002,0.0
2026-07-10T09:56Z,Canada,0.001,0.0
2026-07-10T09:56Z,Croatia,0.001,0.0
2026-07-10T09:56Z,Ecuador,0.001,0.0
2026-07-10T09:56Z,Algeria,0.0,0.0
2026-07-10T09:56Z,Austria,0.0,0.0
2026-07-10T09:56Z,Bosnia and Herzegovina,0.0,0.0
2026-07-10T09:56Z,Cape Verde,0.0,0.0
2026-07-10T09:56Z,Curaçao,0.0,0.0
2026-07-10T09:56Z,Czech Republic,0.0,0.0
2026-07-10T09:56Z,DR Congo,0.0,0.0
2026-07-10T09:56Z,Egypt,0.0,0.0
2026-07-10T09:56Z,Ghana,0.0,0.0
2026-07-10T09:56Z,Haiti,0.0,0.0
2026-07-10T09:56Z,Iran,0.0,0.0
2026-07-10T09:56Z,Iraq,0.0,0.0
2026-07-10T09:56Z,Jordan,0.0,0.0
2026-07-10T09:56Z,Mexico,0.0,0.0
2026-07-10T09:56Z,New Zealand,0.0,0.0
2026-07-10T09:56Z,Panama,0.0,0.0
2026-07-10T09:56Z,Paraguay,0.0,0.0
2026-07-10T09:56Z,Qatar,0.0,0.0
2026-07-10T09:56Z,Saudi Arabia,0.0,0.0
2026-07-10T09:56Z,Scotland,0.0,0.0
2026-07-10T09:56Z,Senegal,0.0,0.0
2026-07-10T09:56Z,South Africa,0.0,0.0
2026-07-10T09:56Z,South Korea,0.0,0.0
2026-07-10T09:56Z,Sweden,0.0,0.0
2026-07-10T09:56Z,Tunisia,0.0,0.0
2026-07-10T09:56Z,United States,0.0,0.0
2026-07-10T09:56Z,Uruguay,0.0,0.0
2026-07-10T09:56Z,Uzbekistan,0.0,0.0
2026-07-10T09:56Z,Switzerland,0.004,0.0195
2026-07-10T09:56Z,Norway,0.014,0.0605
2026-07-10T09:56Z,England,0.099,0.1595
2026-07-10T09:56Z,France,0.139,0.3855
2026-07-10T12:23Z,Argentina,0.268,0.1835
2026-07-10T12:23Z,Spain,0.228,0.1635
2026-07-10T12:23Z,Portugal,0.061,0.0
2026-07-10T12:23Z,Brazil,0.037,0.0
2026-07-10T12:23Z,Netherlands,0.037,0.0
2026-07-10T12:23Z,Morocco,0.029,0.0
2026-07-10T12:23Z,Colombia,0.024,0.0
2026-07-10T12:23Z,Germany,0.016,0.0
2026-07-10T12:23Z,Belgium,0.033,0.0215
2026-07-10T12:23Z,Ivory Coast,0.003,0.0
2026-07-10T12:23Z,Japan,0.003,0.0
2026-07-10T12:23Z,Australia,0.002,0.0
2026-07-10T12:23Z,Canada,0.001,0.0
2026-07-10T12:23Z,Croatia,0.001,0.0
2026-07-10T12:23Z,Ecuador,0.001,0.0
2026-07-10T12:23Z,Algeria,0.0,0.0
2026-07-10T12:23Z,Austria,0.0,0.0
2026-07-10T12:23Z,Bosnia and Herzegovina,0.0,0.0
2026-07-10T12:23Z,Cape Verde,0.0,0.0
2026-07-10T12:23Z,Curaçao,0.0,0.0
2026-07-10T12:23Z,Czech Republic,0.0,0.0
2026-07-10T12:23Z,DR Congo,0.0,0.0
2026-07-10T12:23Z,Egypt,0.0,0.0
2026-07-10T12:23Z,Ghana,0.0,0.0
2026-07-10T12:23Z,Haiti,0.0,0.0
2026-07-10T12:23Z,Iran,0.0,0.0
2026-07-10T12:23Z,Iraq,0.0,0.0
2026-07-10T12:23Z,Jordan,0.0,0.0
2026-07-10T12:23Z,Mexico,0.0,0.0
2026-07-10T12:23Z,New Zealand,0.0,0.0
2026-07-10T12:23Z,Panama,0.0,0.0
2026-07-10T12:23Z,Paraguay,0.0,0.0
2026-07-10T12:23Z,Qatar,0.0,0.0
2026-07-10T12:23Z,Saudi Arabia,0.0,0.0
2026-07-10T12:23Z,Scotland,0.0,0.0
2026-07-10T12:23Z,Senegal,0.0,0.0
2026-07-10T12:23Z,South Africa,0.0,0.0
2026-07-10T12:23Z,South Korea,0.0,0.0
2026-07-10T12:23Z,Sweden,0.0,0.0
2026-07-10T12:23Z,Tunisia,0.0,0.0
2026-07-10T12:23Z,United States,0.0,0.0
2026-07-10T12:23Z,Uruguay,0.0,0.0
2026-07-10T12:23Z,Uzbekistan,0.0,0.0
2026-07-10T12:23Z,Switzerland,0.004,0.0195
2026-07-10T12:23Z,Norway,0.014,0.0585
2026-07-10T12:23Z,England,0.099,0.1585
2026-07-10T12:23Z,France,0.139,0.3855
2026-07-10T15:19Z,Argentina,0.268,0.1795
2026-07-10T15:19Z,Spain,0.228,0.1645
2026-07-10T15:19Z,Portugal,0.061,0.0
2026-07-10T15:19Z,Brazil,0.037,0.0
2026-07-10T15:19Z,Netherlands,0.037,0.0
2026-07-10T15:19Z,Morocco,0.029,0.0
2026-07-10T15:19Z,Colombia,0.024,0.0
2026-07-10T15:19Z,Germany,0.016,0.0
2026-07-10T15:19Z,Belgium,0.033,0.0215
2026-07-10T15:19Z,Ivory Coast,0.003,0.0
2026-07-10T15:19Z,Japan,0.003,0.0
2026-07-10T15:19Z,Australia,0.002,0.0
2026-07-10T15:19Z,Canada,0.001,0.0
2026-07-10T15:19Z,Croatia,0.001,0.0
2026-07-10T15:19Z,Ecuador,0.001,0.0
2026-07-10T15:19Z,Algeria,0.0,0.0
2026-07-10T15:19Z,Austria,0.0,0.0
2026-07-10T15:19Z,Bosnia and Herzegovina,0.0,0.0
2026-07-10T15:19Z,Cape Verde,0.0,0.0
2026-07-10T15:19Z,Curaçao,0.0,0.0
2026-07-10T15:19Z,Czech Republic,0.0,0.0
2026-07-10T15:19Z,DR Congo,0.0,0.0
2026-07-10T15:19Z,Egypt,0.0,0.0
2026-07-10T15:19Z,Ghana,0.0,0.0
2026-07-10T15:19Z,Haiti,0.0,0.0
2026-07-10T15:19Z,Iran,0.0,0.0
2026-07-10T15:19Z,Iraq,0.0,0.0
2026-07-10T15:19Z,Jordan,0.0,0.0
2026-07-10T15:19Z,Mexico,0.0,0.0
2026-07-10T15:19Z,New Zealand,0.0,0.0
2026-07-10T15:19Z,Panama,0.0,0.0
2026-07-10T15:19Z,Paraguay,0.0,0.0
2026-07-10T15:19Z,Qatar,0.0,0.0
2026-07-10T15:19Z,Saudi Arabia,0.0,0.0
2026-07-10T15:19Z,Scotland,0.0,0.0
2026-07-10T15:19Z,Senegal,0.0,0.0
2026-07-10T15:19Z,South Africa,0.0,0.0
2026-07-10T15:19Z,South Korea,0.0,0.0
2026-07-10T15:19Z,Sweden,0.0,0.0
2026-07-10T15:19Z,Tunisia,0.0,0.0
2026-07-10T15:19Z,United States,0.0,0.0
2026-07-10T15:19Z,Uruguay,0.0,0.0
2026-07-10T15:19Z,Uzbekistan,0.0,0.0
2026-07-10T15:19Z,Switzerland,0.004,0.0175
2026-07-10T15:19Z,Norway,0.014,0.0585
2026-07-10T15:19Z,England,0.099,0.1545
2026-07-10T15:19Z,France,0.139,0.3855
2026-07-10T17:13Z,Argentina,0.268,0.1785
2026-07-10T17:13Z,Spain,0.228,0.1645
2026-07-10T17:13Z,Portugal,0.061,0.0
2026-07-10T17:13Z,Brazil,0.037,0.0
2026-07-10T17:13Z,Netherlands,0.037,0.0
2026-07-10T17:13Z,Morocco,0.029,0.0
2026-07-10T17:13Z,Colombia,0.024,0.0
2026-07-10T17:13Z,Germany,0.016,0.0
2026-07-10T17:13Z,Belgium,0.033,0.0205
2026-07-10T17:13Z,Ivory Coast,0.003,0.0
2026-07-10T17:13Z,Japan,0.003,0.0
2026-07-10T17:13Z,Australia,0.002,0.0
2026-07-10T17:13Z,Canada,0.001,0.0
2026-07-10T17:13Z,Croatia,0.001,0.0
2026-07-10T17:13Z,Ecuador,0.001,0.0
2026-07-10T17:13Z,Algeria,0.0,0.0
2026-07-10T17:13Z,Austria,0.0,0.0
2026-07-10T17:13Z,Bosnia and Herzegovina,0.0,0.0
2026-07-10T17:13Z,Cape Verde,0.0,0.0
2026-07-10T17:13Z,Curaçao,0.0,0.0
2026-07-10T17:13Z,Czech Republic,0.0,0.0
2026-07-10T17:13Z,DR Congo,0.0,0.0
2026-07-10T17:13Z,Egypt,0.0,0.0
2026-07-10T17:13Z,Ghana,0.0,0.0
2026-07-10T17:13Z,Haiti,0.0,0.0
2026-07-10T17:13Z,Iran,0.0,0.0
2026-07-10T17:13Z,Iraq,0.0,0.0
2026-07-10T17:13Z,Jordan,0.0,0.0
2026-07-10T17:13Z,Mexico,0.0,0.0
2026-07-10T17:13Z,New Zealand,0.0,0.0
2026-07-10T17:13Z,Panama,0.0,0.0
2026-07-10T17:13Z,Paraguay,0.0,0.0
2026-07-10T17:13Z,Qatar,0.0,0.0
2026-07-10T17:13Z,Saudi Arabia,0.0,0.0
2026-07-10T17:13Z,Scotland,0.0,0.0
2026-07-10T17:13Z,Senegal,0.0,0.0
2026-07-10T17:13Z,South Africa,0.0,0.0
2026-07-10T17:13Z,South Korea,0.0,0.0
2026-07-10T17:13Z,Sweden,0.0,0.0
2026-07-10T17:13Z,Tunisia,0.0,0.0
2026-07-10T17:13Z,United States,0.0,0.0
2026-07-10T17:13Z,Uruguay,0.0,0.0
2026-07-10T17:13Z,Uzbekistan,0.0,0.0
2026-07-10T17:13Z,Switzerland,0.004,0.0175
2026-07-10T17:13Z,Norway,0.014,0.0615
2026-07-10T17:13Z,England,0.099,0.1545
2026-07-10T17:13Z,France,0.139,0.3855
2026-07-10T18:48Z,Argentina,0.268,0.1815
2026-07-10T18:48Z,Portugal,0.061,0.0
2026-07-10T18:48Z,Spain,0.228,0.1705
2026-07-10T18:48Z,Brazil,0.037,0.0
2026-07-10T18:48Z,Netherlands,0.037,0.0
2026-07-10T18:48Z,Morocco,0.029,0.0
2026-07-10T18:48Z,Colombia,0.024,0.0
2026-07-10T18:48Z,Germany,0.016,0.0
2026-07-10T18:48Z,Belgium,0.033,0.0215
2026-07-10T18:48Z,Ivory Coast,0.003,0.0
2026-07-10T18:48Z,Japan,0.003,0.0
2026-07-10T18:48Z,Australia,0.002,0.0
2026-07-10T18:48Z,Canada,0.001,0.0
2026-07-10T18:48Z,Croatia,0.001,0.0
2026-07-10T18:48Z,Ecuador,0.001,0.0
2026-07-10T18:48Z,Algeria,0.0,0.0
2026-07-10T18:48Z,Austria,0.0,0.0
2026-07-10T18:48Z,Bosnia and Herzegovina,0.0,0.0
2026-07-10T18:48Z,Cape Verde,0.0,0.0
2026-07-10T18:48Z,Curaçao,0.0,0.0
2026-07-10T18:48Z,Czech Republic,0.0,0.0
2026-07-10T18:48Z,DR Congo,0.0,0.0
2026-07-10T18:48Z,Egypt,0.0,0.0
2026-07-10T18:48Z,Ghana,0.0,0.0
2026-07-10T18:48Z,Haiti,0.0,0.0
2026-07-10T18:48Z,Iran,0.0,0.0
2026-07-10T18:48Z,Iraq,0.0,0.0
2026-07-10T18:48Z,Jordan,0.0,0.0
2026-07-10T18:48Z,Mexico,0.0,0.0
2026-07-10T18:48Z,New Zealand,0.0,0.0
2026-07-10T18:48Z,Panama,0.0,0.0
2026-07-10T18:48Z,Paraguay,0.0,0.0
2026-07-10T18:48Z,Qatar,0.0,0.0
2026-07-10T18:48Z,Saudi Arabia,0.0,0.0
2026-07-10T18:48Z,Scotland,0.0,0.0
2026-07-10T18:48Z,Senegal,0.0,0.0
2026-07-10T18:48Z,South Africa,0.0,0.0
2026-07-10T18:48Z,South Korea,0.0,0.0
2026-07-10T18:48Z,Sweden,0.0,0.0
2026-07-10T18:48Z,Tunisia,0.0,0.0
2026-07-10T18:48Z,United States,0.0,0.0
2026-07-10T18:48Z,Uruguay,0.0,0.0
2026-07-10T18:48Z,Uzbekistan,0.0,0.0
2026-07-10T18:48Z,Switzerland,0.004,0.0175
2026-07-10T18:48Z,Norway,0.014,0.0615
2026-07-10T18:48Z,England,0.099,0.1515
2026-07-10T18:48Z,France,0.139,0.3875
2026-07-10T20:18Z,Argentina,0.268,0.1775
2026-07-10T20:18Z,Spain,0.228,0.157
2026-07-10T20:18Z,Portugal,0.061,0.0
2026-07-10T20:18Z,Brazil,0.037,0.0
2026-07-10T20:18Z,Netherlands,0.037,0.0
2026-07-10T20:18Z,Morocco,0.029,0.0
2026-07-10T20:18Z,Colombia,0.024,0.0
2026-07-10T20:18Z,Germany,0.016,0.0
2026-07-10T20:18Z,Belgium,0.033,0.023
2026-07-10T20:18Z,Ivory Coast,0.003,0.0
2026-07-10T20:18Z,Japan,0.003,0.0
2026-07-10T20:18Z,Australia,0.002,0.0
2026-07-10T20:18Z,Canada,0.001,0.0
2026-07-10T20:18Z,Croatia,0.001,0.0
2026-07-10T20:18Z,Ecuador,0.001,0.0
2026-07-10T20:18Z,Algeria,0.0,0.0
2026-07-10T20:18Z,Austria,0.0,0.0
2026-07-10T20:18Z,Bosnia and Herzegovina,0.0,0.0
2026-07-10T20:18Z,Cape Verde,0.0,0.0
2026-07-10T20:18Z,Curaçao,0.0,0.0
2026-07-10T20:18Z,Czech Republic,0.0,0.0
2026-07-10T20:18Z,DR Congo,0.0,0.0
2026-07-10T20:18Z,Egypt,0.0,0.0
2026-07-10T20:18Z,Ghana,0.0,0.0
2026-07-10T20:18Z,Haiti,0.0,0.0
2026-07-10T20:18Z,Iran,0.0,0.0
2026-07-10T20:18Z,Iraq,0.0,0.0
2026-07-10T20:18Z,Jordan,0.0,0.0
2026-07-10T20:18Z,Mexico,0.0,0.0
2026-07-10T20:18Z,New Zealand,0.0,0.0
2026-07-10T20:18Z,Panama,0.0,0.0
2026-07-10T20:18Z,Paraguay,0.0,0.0
2026-07-10T20:18Z,Qatar,0.0,0.0
2026-07-10T20:18Z,Saudi Arabia,0.0,0.0
2026-07-10T20:18Z,Scotland,0.0,0.0
2026-07-10T20:18Z,Senegal,0.0,0.0
2026-07-10T20:18Z,South Africa,0.0,0.0
2026-07-10T20:18Z,South Korea,0.0,0.0
2026-07-10T20:18Z,Sweden,0.0,0.0
2026-07-10T20:18Z,Tunisia,0.0,0.0
2026-07-10T20:18Z,United States,0.0,0.0
2026-07-10T20:18Z,Uruguay,0.0,0.0
2026-07-10T20:18Z,Uzbekistan,0.0,0.0
2026-07-10T20:18Z,Switzerland,0.004,0.0175
2026-07-10T20:18Z,Norway,0.014,0.0625
2026-07-10T20:18Z,England,0.099,0.1505
2026-07-10T20:18Z,France,0.139,0.3955
2026-07-10T21:31Z,Argentina,0.273,0.1805
2026-07-10T21:31Z,Portugal,0.054,0.0
2026-07-10T21:31Z,Spain,0.259,0.2085
2026-07-10T21:31Z,Brazil,0.027,0.0
2026-07-10T21:31Z,Netherlands,0.026,0.0
2026-07-10T21:31Z,Colombia,0.024,0.0
2026-07-10T21:31Z,Belgium,0.023,0.0005
2026-07-10T21:31Z,Morocco,0.022,0.0
2026-07-10T21:31Z,Germany,0.013,0.0
2026-07-10T21:31Z,Ecuador,0.004,0.0
2026-07-10T21:31Z,Japan,0.004,0.0
2026-07-10T21:31Z,Australia,0.003,0.0
2026-07-10T21:31Z,Ivory Coast,0.003,0.0
2026-07-10T21:31Z,Algeria,0.001,0.0
2026-07-10T21:31Z,Canada,0.001,0.0
2026-07-10T21:31Z,Senegal,0.001,0.0
2026-07-10T21:31Z,Austria,0.0,0.0
2026-07-10T21:31Z,Bosnia and Herzegovina,0.0,0.0
2026-07-10T21:31Z,Cape Verde,0.0,0.0
2026-07-10T21:31Z,Croatia,0.0,0.0
2026-07-10T21:31Z,Curaçao,0.0,0.0
2026-07-10T21:31Z,Czech Republic,0.0,0.0
2026-07-10T21:31Z,DR Congo,0.0,0.0
2026-07-10T21:31Z,Egypt,0.0,0.0
2026-07-10T21:31Z,Ghana,0.0,0.0
2026-07-10T21:31Z,Haiti,0.0,0.0
2026-07-10T21:31Z,Iran,0.0,0.0
2026-07-10T21:31Z,Iraq,0.0,0.0
2026-07-10T21:31Z,Jordan,0.0,0.0
2026-07-10T21:31Z,Mexico,0.0,0.0
2026-07-10T21:31Z,New Zealand,0.0,0.0
2026-07-10T21:31Z,Panama,0.0,0.0
2026-07-10T21:31Z,Paraguay,0.0,0.0
2026-07-10T21:31Z,Qatar,0.0,0.0
2026-07-10T21:31Z,Saudi Arabia,0.0,0.0
2026-07-10T21:31Z,Scotland,0.0,0.0
2026-07-10T21:31Z,South Africa,0.0,0.0
2026-07-10T21:31Z,South Korea,0.0,0.0
2026-07-10T21:31Z,Sweden,0.0,0.0
2026-07-10T21:31Z,Tunisia,0.0,0.0
2026-07-10T21:31Z,United States,0.0,0.0
2026-07-10T21:31Z,Uruguay,0.0,0.0
2026-07-10T21:31Z,Uzbekistan,0.0,0.0
2026-07-10T21:31Z,Switzerland,0.007,0.0165
2026-07-10T21:31Z,England,0.109,0.1485
2026-07-10T21:31Z,Norway,0.011,0.0605
2026-07-10T21:31Z,France,0.135,0.3765
2026-07-10T22:38Z,Argentina,0.273,0.1775
2026-07-10T22:38Z,Portugal,0.054,0.0
2026-07-10T22:38Z,Spain,0.259,0.2105
2026-07-10T22:38Z,Brazil,0.027,0.0
2026-07-10T22:38Z,Netherlands,0.026,0.0
2026-07-10T22:38Z,Colombia,0.024,0.0
2026-07-10T22:38Z,Belgium,0.023,0.0005
2026-07-10T22:38Z,Morocco,0.022,0.0
2026-07-10T22:38Z,Germany,0.013,0.0
2026-07-10T22:38Z,Ecuador,0.004,0.0
2026-07-10T22:38Z,Japan,0.004,0.0
2026-07-10T22:38Z,Australia,0.003,0.0
2026-07-10T22:38Z,Ivory Coast,0.003,0.0
2026-07-10T22:38Z,Algeria,0.001,0.0
2026-07-10T22:38Z,Canada,0.001,0.0
2026-07-10T22:38Z,Senegal,0.001,0.0
2026-07-10T22:38Z,Austria,0.0,0.0
2026-07-10T22:38Z,Bosnia and Herzegovina,0.0,0.0
2026-07-10T22:38Z,Cape Verde,0.0,0.0
2026-07-10T22:38Z,Croatia,0.0,0.0
2026-07-10T22:38Z,Curaçao,0.0,0.0
2026-07-10T22:38Z,Czech Republic,0.0,0.0
2026-07-10T22:38Z,DR Congo,0.0,0.0
2026-07-10T22:38Z,Egypt,0.0,0.0
2026-07-10T22:38Z,Ghana,0.0,0.0
2026-07-10T22:38Z,Haiti,0.0,0.0
2026-07-10T22:38Z,Iran,0.0,0.0
2026-07-10T22:38Z,Iraq,0.0,0.0
2026-07-10T22:38Z,Jordan,0.0,0.0
2026-07-10T22:38Z,Mexico,0.0,0.0
2026-07-10T22:38Z,New Zealand,0.0,0.0
2026-07-10T22:38Z,Panama,0.0,0.0
2026-07-10T22:38Z,Paraguay,0.0,0.0
2026-07-10T22:38Z,Qatar,0.0,0.0
2026-07-10T22:38Z,Saudi Arabia,0.0,0.0
2026-07-10T22:38Z,Scotland,0.0,0.0
2026-07-10T22:38Z,South Africa,0.0,0.0
2026-07-10T22:38Z,South Korea,0.0,0.0
2026-07-10T22:38Z,Sweden,0.0,0.0
2026-07-10T22:38Z,Tunisia,0.0,0.0
2026-07-10T22:38Z,United States,0.0,0.0
2026-07-10T22:38Z,Uruguay,0.0,0.0
2026-07-10T22:38Z,Uzbekistan,0.0,0.0
2026-07-10T22:38Z,Switzerland,0.007,0.0165
2026-07-10T22:38Z,England,0.109,0.1465
2026-07-10T22:38Z,Norway,0.011,0.0605
2026-07-10T22:38Z,France,0.135,0.3705
2026-07-10T23:36Z,Argentina,0.273,0.1805
2026-07-10T23:36Z,Portugal,0.054,0.0
2026-07-10T23:36Z,Spain,0.259,0.2105
2026-07-10T23:36Z,Brazil,0.027,0.0
2026-07-10T23:36Z,Netherlands,0.026,0.0
2026-07-10T23:36Z,Colombia,0.024,0.0
2026-07-10T23:36Z,Belgium,0.023,0.0005
2026-07-10T23:36Z,Morocco,0.022,0.0
2026-07-10T23:36Z,Germany,0.013,0.0
2026-07-10T23:36Z,Ecuador,0.004,0.0
2026-07-10T23:36Z,Japan,0.004,0.0
2026-07-10T23:36Z,Australia,0.003,0.0
2026-07-10T23:36Z,Ivory Coast,0.003,0.0
2026-07-10T23:36Z,Algeria,0.001,0.0
2026-07-10T23:36Z,Canada,0.001,0.0
2026-07-10T23:36Z,Senegal,0.001,0.0
2026-07-10T23:36Z,Austria,0.0,0.0
2026-07-10T23:36Z,Bosnia and Herzegovina,0.0,0.0
2026-07-10T23:36Z,Cape Verde,0.0,0.0
2026-07-10T23:36Z,Croatia,0.0,0.0
2026-07-10T23:36Z,Curaçao,0.0,0.0
2026-07-10T23:36Z,Czech Republic,0.0,0.0
2026-07-10T23:36Z,DR Congo,0.0,0.0
2026-07-10T23:36Z,Egypt,0.0,0.0
2026-07-10T23:36Z,Ghana,0.0,0.0
2026-07-10T23:36Z,Haiti,0.0,0.0
2026-07-10T23:36Z,Iran,0.0,0.0
2026-07-10T23:36Z,Iraq,0.0,0.0
2026-07-10T23:36Z,Jordan,0.0,0.0
2026-07-10T23:36Z,Mexico,0.0,0.0
2026-07-10T23:36Z,New Zealand,0.0,0.0
2026-07-10T23:36Z,Panama,0.0,0.0
2026-07-10T23:36Z,Paraguay,0.0,0.0
2026-07-10T23:36Z,Qatar,0.0,0.0
2026-07-10T23:36Z,Saudi Arabia,0.0,0.0
2026-07-10T23:36Z,Scotland,0.0,0.0
2026-07-10T23:36Z,South Africa,0.0,0.0
2026-07-10T23:36Z,South Korea,0.0,0.0
2026-07-10T23:36Z,Sweden,0.0,0.0
2026-07-10T23:36Z,Tunisia,0.0,0.0
2026-07-10T23:36Z,United States,0.0,0.0
2026-07-10T23:36Z,Uruguay,0.0,0.0
2026-07-10T23:36Z,Uzbekistan,0.0,0.0
2026-07-10T23:36Z,Switzerland,0.007,0.0165
2026-07-10T23:36Z,England,0.109,0.1485
2026-07-10T23:36Z,Norway,0.011,0.0605
2026-07-10T23:36Z,France,0.135,0.3735
2026-07-11T01:05Z,Argentina,0.273,0.1785
2026-07-11T01:05Z,Portugal,0.054,0.0
2026-07-11T01:05Z,Spain,0.259,0.2105
2026-07-11T01:05Z,Brazil,0.027,0.0
2026-07-11T01:05Z,Netherlands,0.026,0.0
2026-07-11T01:05Z,Colombia,0.024,0.0
2026-07-11T01:05Z,Belgium,0.023,0.0
2026-07-11T01:05Z,Morocco,0.022,0.0
2026-07-11T01:05Z,Germany,0.013,0.0
2026-07-11T01:05Z,Ecuador,0.004,0.0
2026-07-11T01:05Z,Japan,0.004,0.0
2026-07-11T01:05Z,Australia,0.003,0.0
2026-07-11T01:05Z,Ivory Coast,0.003,0.0
2026-07-11T01:05Z,Algeria,0.001,0.0
2026-07-11T01:05Z,Canada,0.001,0.0
2026-07-11T01:05Z,Senegal,0.001,0.0
2026-07-11T01:05Z,Austria,0.0,0.0
2026-07-11T01:05Z,Bosnia and Herzegovina,0.0,0.0
2026-07-11T01:05Z,Cape Verde,0.0,0.0
2026-07-11T01:05Z,Croatia,0.0,0.0
2026-07-11T01:05Z,Curaçao,0.0,0.0
2026-07-11T01:05Z,Czech Republic,0.0,0.0
2026-07-11T01:05Z,DR Congo,0.0,0.0
2026-07-11T01:05Z,Egypt,0.0,0.0
2026-07-11T01:05Z,Ghana,0.0,0.0
2026-07-11T01:05Z,Haiti,0.0,0.0
2026-07-11T01:05Z,Iran,0.0,0.0
2026-07-11T01:05Z,Iraq,0.0,0.0
2026-07-11T01:05Z,Jordan,0.0,0.0
2026-07-11T01:05Z,Mexico,0.0,0.0
2026-07-11T01:05Z,New Zealand,0.0,0.0
2026-07-11T01:05Z,Panama,0.0,0.0
2026-07-11T01:05Z,Paraguay,0.0,0.0
2026-07-11T01:05Z,Qatar,0.0,0.0
2026-07-11T01:05Z,Saudi Arabia,0.0,0.0
2026-07-11T01:05Z,Scotland,0.0,0.0
2026-07-11T01:05Z,South Africa,0.0,0.0
2026-07-11T01:05Z,South Korea,0.0,0.0
2026-07-11T01:05Z,Sweden,0.0,0.0
2026-07-11T01:05Z,Tunisia,0.0,0.0
2026-07-11T01:05Z,United States,0.0,0.0
2026-07-11T01:05Z,Uruguay,0.0,0.0
2026-07-11T01:05Z,Uzbekistan,0.0,0.0
2026-07-11T01:05Z,Switzerland,0.007,0.0165
2026-07-11T01:05Z,England,0.109,0.1495
2026-07-11T01:05Z,Norway,0.011,0.0595
2026-07-11T01:05Z,France,0.135,0.3735
2026-07-11T04:32Z,Argentina,0.273,0.1785
2026-07-11T04:32Z,Portugal,0.054,0.0
2026-07-11T04:32Z,Spain,0.259,0.2115
2026-07-11T04:32Z,Brazil,0.027,0.0
2026-07-11T04:32Z,Netherlands,0.026,0.0
2026-07-11T04:32Z,Colombia,0.024,0.0
2026-07-11T04:32Z,Belgium,0.023,0.0
2026-07-11T04:32Z,Morocco,0.022,0.0
2026-07-11T04:32Z,Germany,0.013,0.0
2026-07-11T04:32Z,Ecuador,0.004,0.0
2026-07-11T04:32Z,Japan,0.004,0.0
2026-07-11T04:32Z,Australia,0.003,0.0
2026-07-11T04:32Z,Ivory Coast,0.003,0.0
2026-07-11T04:32Z,Algeria,0.001,0.0
2026-07-11T04:32Z,Canada,0.001,0.0
2026-07-11T04:32Z,Senegal,0.001,0.0
2026-07-11T04:32Z,Austria,0.0,0.0
2026-07-11T04:32Z,Bosnia and Herzegovina,0.0,0.0
2026-07-11T04:32Z,Cape Verde,0.0,0.0
2026-07-11T04:32Z,Croatia,0.0,0.0
2026-07-11T04:32Z,Curaçao,0.0,0.0
2026-07-11T04:32Z,Czech Republic,0.0,0.0
2026-07-11T04:32Z,DR Congo,0.0,0.0
2026-07-11T04:32Z,Egypt,0.0,0.0
2026-07-11T04:32Z,Ghana,0.0,0.0
2026-07-11T04:32Z,Haiti,0.0,0.0
2026-07-11T04:32Z,Iran,0.0,0.0
2026-07-11T04:32Z,Iraq,0.0,0.0
2026-07-11T04:32Z,Jordan,0.0,0.0
2026-07-11T04:32Z,Mexico,0.0,0.0
2026-07-11T04:32Z,New Zealand,0.0,0.0
2026-07-11T04:32Z,Panama,0.0,0.0
2026-07-11T04:32Z,Paraguay,0.0,0.0
2026-07-11T04:32Z,Qatar,0.0,0.0
2026-07-11T04:32Z,Saudi Arabia,0.0,0.0
2026-07-11T04:32Z,Scotland,0.0,0.0
2026-07-11T04:32Z,South Africa,0.0,0.0
2026-07-11T04:32Z,South Korea,0.0,0.0
2026-07-11T04:32Z,Sweden,0.0,0.0
2026-07-11T04:32Z,Tunisia,0.0,0.0
2026-07-11T04:32Z,United States,0.0,0.0
2026-07-11T04:32Z,Uruguay,0.0,0.0
2026-07-11T04:32Z,Uzbekistan,0.0,0.0
2026-07-11T04:32Z,Switzerland,0.007,0.0165
2026-07-11T04:32Z,England,0.109,0.1455
2026-07-11T04:32Z,Norway,0.011,0.0595
2026-07-11T04:32Z,France,0.135,0.3735
2026-07-11T06:58Z,Argentina,0.273,0.1785
2026-07-11T06:58Z,Portugal,0.054,0.0
2026-07-11T06:58Z,Spain,0.259,0.2115
2026-07-11T06:58Z,Brazil,0.027,0.0
2026-07-11T06:58Z,Netherlands,0.026,0.0
2026-07-11T06:58Z,Colombia,0.024,0.0
2026-07-11T06:58Z,Belgium,0.023,0.0
2026-07-11T06:58Z,Morocco,0.022,0.0
2026-07-11T06:58Z,Germany,0.013,0.0
2026-07-11T06:58Z,Ecuador,0.004,0.0
2026-07-11T06:58Z,Japan,0.004,0.0
2026-07-11T06:58Z,Australia,0.003,0.0
2026-07-11T06:58Z,Ivory Coast,0.003,0.0
2026-07-11T06:58Z,Algeria,0.001,0.0
2026-07-11T06:58Z,Canada,0.001,0.0
2026-07-11T06:58Z,Senegal,0.001,0.0
2026-07-11T06:58Z,Austria,0.0,0.0
2026-07-11T06:58Z,Bosnia and Herzegovina,0.0,0.0
2026-07-11T06:58Z,Cape Verde,0.0,0.0
2026-07-11T06:58Z,Croatia,0.0,0.0
2026-07-11T06:58Z,Curaçao,0.0,0.0
2026-07-11T06:58Z,Czech Republic,0.0,0.0
2026-07-11T06:58Z,DR Congo,0.0,0.0
2026-07-11T06:58Z,Egypt,0.0,0.0
2026-07-11T06:58Z,Ghana,0.0,0.0
2026-07-11T06:58Z,Haiti,0.0,0.0
2026-07-11T06:58Z,Iran,0.0,0.0
2026-07-11T06:58Z,Iraq,0.0,0.0
2026-07-11T06:58Z,Jordan,0.0,0.0
2026-07-11T06:58Z,Mexico,0.0,0.0
2026-07-11T06:58Z,New Zealand,0.0,0.0
2026-07-11T06:58Z,Panama,0.0,0.0
2026-07-11T06:58Z,Paraguay,0.0,0.0
2026-07-11T06:58Z,Qatar,0.0,0.0
2026-07-11T06:58Z,Saudi Arabia,0.0,0.0
2026-07-11T06:58Z,Scotland,0.0,0.0
2026-07-11T06:58Z,South Africa,0.0,0.0
2026-07-11T06:58Z,South Korea,0.0,0.0
2026-07-11T06:58Z,Sweden,0.0,0.0
2026-07-11T06:58Z,Tunisia,0.0,0.0
2026-07-11T06:58Z,United States,0.0,0.0
2026-07-11T06:58Z,Uruguay,0.0,0.0
2026-07-11T06:58Z,Uzbekistan,0.0,0.0
2026-07-11T06:58Z,Switzerland,0.007,0.0165
2026-07-11T06:58Z,England,0.109,0.1445
2026-07-11T06:58Z,Norway,0.011,0.0585
2026-07-11T06:58Z,France,0.135,0.3745
2026-07-11T08:46Z,Argentina,0.273,0.1785
2026-07-11T08:46Z,Portugal,0.054,0.0
2026-07-11T08:46Z,Spain,0.259,0.2115
2026-07-11T08:46Z,Brazil,0.027,0.0
2026-07-11T08:46Z,Netherlands,0.026,0.0
2026-07-11T08:46Z,Colombia,0.024,0.0
2026-07-11T08:46Z,Belgium,0.023,0.0
2026-07-11T08:46Z,Morocco,0.022,0.0
2026-07-11T08:46Z,Germany,0.013,0.0
2026-07-11T08:46Z,Ecuador,0.004,0.0
2026-07-11T08:46Z,Japan,0.004,0.0
2026-07-11T08:46Z,Australia,0.003,0.0
2026-07-11T08:46Z,Ivory Coast,0.003,0.0
2026-07-11T08:46Z,Algeria,0.001,0.0
2026-07-11T08:46Z,Canada,0.001,0.0
2026-07-11T08:46Z,Senegal,0.001,0.0
2026-07-11T08:46Z,Austria,0.0,0.0
2026-07-11T08:46Z,Bosnia and Herzegovina,0.0,0.0
2026-07-11T08:46Z,Cape Verde,0.0,0.0
2026-07-11T08:46Z,Croatia,0.0,0.0
2026-07-11T08:46Z,Curaçao,0.0,0.0
2026-07-11T08:46Z,Czech Republic,0.0,0.0
2026-07-11T08:46Z,DR Congo,0.0,0.0
2026-07-11T08:46Z,Egypt,0.0,0.0
2026-07-11T08:46Z,Ghana,0.0,0.0
2026-07-11T08:46Z,Haiti,0.0,0.0
2026-07-11T08:46Z,Iran,0.0,0.0
2026-07-11T08:46Z,Iraq,0.0,0.0
2026-07-11T08:46Z,Jordan,0.0,0.0
2026-07-11T08:46Z,Mexico,0.0,0.0
2026-07-11T08:46Z,New Zealand,0.0,0.0
2026-07-11T08:46Z,Panama,0.0,0.0
2026-07-11T08:46Z,Paraguay,0.0,0.0
2026-07-11T08:46Z,Qatar,0.0,0.0
2026-07-11T08:46Z,Saudi Arabia,0.0,0.0
2026-07-11T08:46Z,Scotland,0.0,0.0
2026-07-11T08:46Z,South Africa,0.0,0.0
2026-07-11T08:46Z,South Korea,0.0,0.0
2026-07-11T08:46Z,Sweden,0.0,0.0
2026-07-11T08:46Z,Tunisia,0.0,0.0
2026-07-11T08:46Z,United States,0.0,0.0
2026-07-11T08:46Z,Uruguay,0.0,0.0
2026-07-11T08:46Z,Uzbekistan,0.0,0.0
2026-07-11T08:46Z,Switzerland,0.007,0.0165
2026-07-11T08:46Z,England,0.109,0.1445
2026-07-11T08:46Z,Norway,0.011,0.0585
2026-07-11T08:46Z,France,0.135,0.3835
2026-07-11T10:11Z,Argentina,0.273,0.1765
2026-07-11T10:11Z,Portugal,0.054,0.0
2026-07-11T10:11Z,Spain,0.259,0.2115
2026-07-11T10:11Z,Brazil,0.027,0.0
2026-07-11T10:11Z,Netherlands,0.026,0.0
2026-07-11T10:11Z,Colombia,0.024,0.0
2026-07-11T10:11Z,Belgium,0.023,0.0
2026-07-11T10:11Z,Morocco,0.022,0.0
2026-07-11T10:11Z,Germany,0.013,0.0
2026-07-11T10:11Z,Ecuador,0.004,0.0
2026-07-11T10:11Z,Japan,0.004,0.0
2026-07-11T10:11Z,Australia,0.003,0.0
2026-07-11T10:11Z,Ivory Coast,0.003,0.0
2026-07-11T10:11Z,Algeria,0.001,0.0
2026-07-11T10:11Z,Canada,0.001,0.0
2026-07-11T10:11Z,Senegal,0.001,0.0
2026-07-11T10:11Z,Austria,0.0,0.0
2026-07-11T10:11Z,Bosnia and Herzegovina,0.0,0.0
2026-07-11T10:11Z,Cape Verde,0.0,0.0
2026-07-11T10:11Z,Croatia,0.0,0.0
2026-07-11T10:11Z,Curaçao,0.0,0.0
2026-07-11T10:11Z,Czech Republic,0.0,0.0
2026-07-11T10:11Z,DR Congo,0.0,0.0
2026-07-11T10:11Z,Egypt,0.0,0.0
2026-07-11T10:11Z,Ghana,0.0,0.0
2026-07-11T10:11Z,Haiti,0.0,0.0
2026-07-11T10:11Z,Iran,0.0,0.0
2026-07-11T10:11Z,Iraq,0.0,0.0
2026-07-11T10:11Z,Jordan,0.0,0.0
2026-07-11T10:11Z,Mexico,0.0,0.0
2026-07-11T10:11Z,New Zealand,0.0,0.0
2026-07-11T10:11Z,Panama,0.0,0.0
2026-07-11T10:11Z,Paraguay,0.0,0.0
2026-07-11T10:11Z,Qatar,0.0,0.0
2026-07-11T10:11Z,Saudi Arabia,0.0,0.0
2026-07-11T10:11Z,Scotland,0.0,0.0
2026-07-11T10:11Z,South Africa,0.0,0.0
2026-07-11T10:11Z,South Korea,0.0,0.0
2026-07-11T10:11Z,Sweden,0.0,0.0
2026-07-11T10:11Z,Tunisia,0.0,0.0
2026-07-11T10:11Z,United States,0.0,0.0
2026-07-11T10:11Z,Uruguay,0.0,0.0
2026-07-11T10:11Z,Uzbekistan,0.0,0.0
2026-07-11T10:11Z,Switzerland,0.007,0.0165
2026-07-11T10:11Z,England,0.109,0.1455
2026-07-11T10:11Z,Norway,0.011,0.0585
2026-07-11T10:11Z,France,0.135,0.3845
2026-07-11T11:28Z,Argentina,0.273,0.1775
2026-07-11T11:28Z,Portugal,0.054,0.0
2026-07-11T11:28Z,Spain,0.259,0.2115
2026-07-11T11:28Z,Brazil,0.027,0.0
2026-07-11T11:28Z,Netherlands,0.026,0.0
2026-07-11T11:28Z,Colombia,0.024,0.0
2026-07-11T11:28Z,Belgium,0.023,0.0
2026-07-11T11:28Z,Morocco,0.022,0.0
2026-07-11T11:28Z,Germany,0.013,0.0
2026-07-11T11:28Z,Ecuador,0.004,0.0
2026-07-11T11:28Z,Japan,0.004,0.0
2026-07-11T11:28Z,Australia,0.003,0.0
2026-07-11T11:28Z,Ivory Coast,0.003,0.0
2026-07-11T11:28Z,Algeria,0.001,0.0
2026-07-11T11:28Z,Canada,0.001,0.0
2026-07-11T11:28Z,Senegal,0.001,0.0
2026-07-11T11:28Z,Austria,0.0,0.0
2026-07-11T11:28Z,Bosnia and Herzegovina,0.0,0.0
2026-07-11T11:28Z,Cape Verde,0.0,0.0
2026-07-11T11:28Z,Croatia,0.0,0.0
2026-07-11T11:28Z,Curaçao,0.0,0.0
2026-07-11T11:28Z,Czech Republic,0.0,0.0
2026-07-11T11:28Z,DR Congo,0.0,0.0
2026-07-11T11:28Z,Egypt,0.0,0.0
2026-07-11T11:28Z,Ghana,0.0,0.0
2026-07-11T11:28Z,Haiti,0.0,0.0
2026-07-11T11:28Z,Iran,0.0,0.0
2026-07-11T11:28Z,Iraq,0.0,0.0
2026-07-11T11:28Z,Jordan,0.0,0.0
2026-07-11T11:28Z,Mexico,0.0,0.0
2026-07-11T11:28Z,New Zealand,0.0,0.0
2026-07-11T11:28Z,Panama,0.0,0.0
2026-07-11T11:28Z,Paraguay,0.0,0.0
2026-07-11T11:28Z,Qatar,0.0,0.0
2026-07-11T11:28Z,Saudi Arabia,0.0,0.0
2026-07-11T11:28Z,Scotland,0.0,0.0
2026-07-11T11:28Z,South Africa,0.0,0.0
2026-07-11T11:28Z,South Korea,0.0,0.0
2026-07-11T11:28Z,Sweden,0.0,0.0
2026-07-11T11:28Z,Tunisia,0.0,0.0
2026-07-11T11:28Z,United States,0.0,0.0
2026-07-11T11:28Z,Uruguay,0.0,0.0
2026-07-11T11:28Z,Uzbekistan,0.0,0.0
2026-07-11T11:28Z,Switzerland,0.007,0.0165
2026-07-11T11:28Z,England,0.109,0.1455
2026-07-11T11:28Z,Norway,0.011,0.0595
2026-07-11T11:28Z,France,0.135,0.3825
2026-07-11T12:37Z,Argentina,0.273,0.1725
2026-07-11T12:37Z,Portugal,0.054,0.0
2026-07-11T12:37Z,Spain,0.259,0.2095
2026-07-11T12:37Z,Brazil,0.027,0.0
2026-07-11T12:37Z,Netherlands,0.026,0.0
2026-07-11T12:37Z,Colombia,0.024,0.0
2026-07-11T12:37Z,Belgium,0.023,0.0
2026-07-11T12:37Z,Morocco,0.022,0.0
2026-07-11T12:37Z,Germany,0.013,0.0
2026-07-11T12:37Z,Ecuador,0.004,0.0
2026-07-11T12:37Z,Japan,0.004,0.0
2026-07-11T12:37Z,Australia,0.003,0.0
2026-07-11T12:37Z,Ivory Coast,0.003,0.0
2026-07-11T12:37Z,Algeria,0.001,0.0
2026-07-11T12:37Z,Canada,0.001,0.0
2026-07-11T12:37Z,Senegal,0.001,0.0
2026-07-11T12:37Z,Austria,0.0,0.0
2026-07-11T12:37Z,Bosnia and Herzegovina,0.0,0.0
2026-07-11T12:37Z,Cape Verde,0.0,0.0
2026-07-11T12:37Z,Croatia,0.0,0.0
2026-07-11T12:37Z,Curaçao,0.0,0.0
2026-07-11T12:37Z,Czech Republic,0.0,0.0
2026-07-11T12:37Z,DR Congo,0.0,0.0
2026-07-11T12:37Z,Egypt,0.0,0.0
2026-07-11T12:37Z,Ghana,0.0,0.0
2026-07-11T12:37Z,Haiti,0.0,0.0
2026-07-11T12:37Z,Iran,0.0,0.0
2026-07-11T12:37Z,Iraq,0.0,0.0
2026-07-11T12:37Z,Jordan,0.0,0.0
2026-07-11T12:37Z,Mexico,0.0,0.0
2026-07-11T12:37Z,New Zealand,0.0,0.0
2026-07-11T12:37Z,Panama,0.0,0.0
2026-07-11T12:37Z,Paraguay,0.0,0.0
2026-07-11T12:37Z,Qatar,0.0,0.0
2026-07-11T12:37Z,Saudi Arabia,0.0,0.0
2026-07-11T12:37Z,Scotland,0.0,0.0
2026-07-11T12:37Z,South Africa,0.0,0.0
2026-07-11T12:37Z,South Korea,0.0,0.0
2026-07-11T12:37Z,Sweden,0.0,0.0
2026-07-11T12:37Z,Tunisia,0.0,0.0
2026-07-11T12:37Z,United States,0.0,0.0
2026-07-11T12:37Z,Uruguay,0.0,0.0
2026-07-11T12:37Z,Uzbekistan,0.0,0.0
2026-07-11T12:37Z,Switzerland,0.007,0.0165
2026-07-11T12:37Z,England,0.109,0.1455
2026-07-11T12:37Z,Norway,0.011,0.0585
2026-07-11T12:37Z,France,0.135,0.3825
2026-07-11T14:08Z,Argentina,0.273,0.1765
2026-07-11T14:08Z,Portugal,0.054,0.0
2026-07-11T14:08Z,Spain,0.259,0.2095
2026-07-11T14:08Z,Brazil,0.027,0.0
2026-07-11T14:08Z,Netherlands,0.026,0.0
2026-07-11T14:08Z,Colombia,0.024,0.0
2026-07-11T14:08Z,Belgium,0.023,0.0
2026-07-11T14:08Z,Morocco,0.022,0.0
2026-07-11T14:08Z,Germany,0.013,0.0
2026-07-11T14:08Z,Ecuador,0.004,0.0
2026-07-11T14:08Z,Japan,0.004,0.0
2026-07-11T14:08Z,Australia,0.003,0.0
2026-07-11T14:08Z,Ivory Coast,0.003,0.0
2026-07-11T14:08Z,Algeria,0.001,0.0
2026-07-11T14:08Z,Canada,0.001,0.0
2026-07-11T14:08Z,Senegal,0.001,0.0
2026-07-11T14:08Z,Austria,0.0,0.0
2026-07-11T14:08Z,Bosnia and Herzegovina,0.0,0.0
2026-07-11T14:08Z,Cape Verde,0.0,0.0
2026-07-11T14:08Z,Croatia,0.0,0.0
2026-07-11T14:08Z,Curaçao,0.0,0.0
2026-07-11T14:08Z,Czech Republic,0.0,0.0
2026-07-11T14:08Z,DR Congo,0.0,0.0
2026-07-11T14:08Z,Egypt,0.0,0.0
2026-07-11T14:08Z,Ghana,0.0,0.0
2026-07-11T14:08Z,Haiti,0.0,0.0
2026-07-11T14:08Z,Iran,0.0,0.0
2026-07-11T14:08Z,Iraq,0.0,0.0
2026-07-11T14:08Z,Jordan,0.0,0.0
2026-07-11T14:08Z,Mexico,0.0,0.0
2026-07-11T14:08Z,New Zealand,0.0,0.0
2026-07-11T14:08Z,Panama,0.0,0.0
2026-07-11T14:08Z,Paraguay,0.0,0.0
2026-07-11T14:08Z,Qatar,0.0,0.0
2026-07-11T14:08Z,Saudi Arabia,0.0,0.0
2026-07-11T14:08Z,Scotland,0.0,0.0
2026-07-11T14:08Z,South Africa,0.0,0.0
2026-07-11T14:08Z,South Korea,0.0,0.0
2026-07-11T14:08Z,Sweden,0.0,0.0
2026-07-11T14:08Z,Tunisia,0.0,0.0
2026-07-11T14:08Z,United States,0.0,0.0
2026-07-11T14:08Z,Uruguay,0.0,0.0
2026-07-11T14:08Z,Uzbekistan,0.0,0.0
2026-07-11T14:08Z,Switzerland,0.007,0.0165
2026-07-11T14:08Z,England,0.109,0.1445
2026-07-11T14:08Z,Norway,0.011,0.0585
2026-07-11T14:08Z,France,0.135,0.3845
2026-07-11T15:19Z,Argentina,0.273,0.1755
2026-07-11T15:19Z,Portugal,0.054,0.0
2026-07-11T15:19Z,Spain,0.259,0.2095
2026-07-11T15:19Z,Brazil,0.027,0.0
2026-07-11T15:19Z,Netherlands,0.026,0.0
2026-07-11T15:19Z,Colombia,0.024,0.0
2026-07-11T15:19Z,Belgium,0.023,0.0
2026-07-11T15:19Z,Morocco,0.022,0.0
2026-07-11T15:19Z,Germany,0.013,0.0
2026-07-11T15:19Z,Ecuador,0.004,0.0
2026-07-11T15:19Z,Japan,0.004,0.0
2026-07-11T15:19Z,Australia,0.003,0.0
2026-07-11T15:19Z,Ivory Coast,0.003,0.0
2026-07-11T15:19Z,Algeria,0.001,0.0
2026-07-11T15:19Z,Canada,0.001,0.0
2026-07-11T15:19Z,Senegal,0.001,0.0
2026-07-11T15:19Z,Austria,0.0,0.0
2026-07-11T15:19Z,Bosnia and Herzegovina,0.0,0.0
2026-07-11T15:19Z,Cape Verde,0.0,0.0
2026-07-11T15:19Z,Croatia,0.0,0.0
2026-07-11T15:19Z,Curaçao,0.0,0.0
2026-07-11T15:19Z,Czech Republic,0.0,0.0
2026-07-11T15:19Z,DR Congo,0.0,0.0
2026-07-11T15:19Z,Egypt,0.0,0.0
2026-07-11T15:19Z,Ghana,0.0,0.0
2026-07-11T15:19Z,Haiti,0.0,0.0
2026-07-11T15:19Z,Iran,0.0,0.0
2026-07-11T15:19Z,Iraq,0.0,0.0
2026-07-11T15:19Z,Jordan,0.0,0.0
2026-07-11T15:19Z,Mexico,0.0,0.0
2026-07-11T15:19Z,New Zealand,0.0,0.0
2026-07-11T15:19Z,Panama,0.0,0.0
2026-07-11T15:19Z,Paraguay,0.0,0.0
2026-07-11T15:19Z,Qatar,0.0,0.0
2026-07-11T15:19Z,Saudi Arabia,0.0,0.0
2026-07-11T15:19Z,Scotland,0.0,0.0
2026-07-11T15:19Z,South Africa,0.0,0.0
2026-07-11T15:19Z,South Korea,0.0,0.0
2026-07-11T15:19Z,Sweden,0.0,0.0
2026-07-11T15:19Z,Tunisia,0.0,0.0
2026-07-11T15:19Z,United States,0.0,0.0
2026-07-11T15:19Z,Uruguay,0.0,0.0
2026-07-11T15:19Z,Uzbekistan,0.0,0.0
2026-07-11T15:19Z,Switzerland,0.007,0.0165
2026-07-11T15:19Z,England,0.109,0.1445
2026-07-11T15:19Z,Norway,0.011,0.0575
2026-07-11T15:19Z,France,0.135,0.3825
2026-07-11T16:14Z,Argentina,0.273,0.1765
2026-07-11T16:14Z,Portugal,0.054,0.0
2026-07-11T16:14Z,Spain,0.259,0.2095
2026-07-11T16:14Z,Brazil,0.027,0.0
2026-07-11T16:14Z,Netherlands,0.026,0.0
2026-07-11T16:14Z,Colombia,0.024,0.0
2026-07-11T16:14Z,Belgium,0.023,0.0
2026-07-11T16:14Z,Morocco,0.022,0.0
2026-07-11T16:14Z,Germany,0.013,0.0
2026-07-11T16:14Z,Ecuador,0.004,0.0
2026-07-11T16:14Z,Japan,0.004,0.0
2026-07-11T16:14Z,Australia,0.003,0.0
2026-07-11T16:14Z,Ivory Coast,0.003,0.0
2026-07-11T16:14Z,Algeria,0.001,0.0
2026-07-11T16:14Z,Canada,0.001,0.0
2026-07-11T16:14Z,Senegal,0.001,0.0
2026-07-11T16:14Z,Austria,0.0,0.0
2026-07-11T16:14Z,Bosnia and Herzegovina,0.0,0.0
2026-07-11T16:14Z,Cape Verde,0.0,0.0
2026-07-11T16:14Z,Croatia,0.0,0.0
2026-07-11T16:14Z,Curaçao,0.0,0.0
2026-07-11T16:14Z,Czech Republic,0.0,0.0
2026-07-11T16:14Z,DR Congo,0.0,0.0
2026-07-11T16:14Z,Egypt,0.0,0.0
2026-07-11T16:14Z,Ghana,0.0,0.0
2026-07-11T16:14Z,Haiti,0.0,0.0
2026-07-11T16:14Z,Iran,0.0,0.0
2026-07-11T16:14Z,Iraq,0.0,0.0
2026-07-11T16:14Z,Jordan,0.0,0.0
2026-07-11T16:14Z,Mexico,0.0,0.0
2026-07-11T16:14Z,New Zealand,0.0,0.0
2026-07-11T16:14Z,Panama,0.0,0.0
2026-07-11T16:14Z,Paraguay,0.0,0.0
2026-07-11T16:14Z,Qatar,0.0,0.0
2026-07-11T16:14Z,Saudi Arabia,0.0,0.0
2026-07-11T16:14Z,Scotland,0.0,0.0
2026-07-11T16:14Z,South Africa,0.0,0.0
2026-07-11T16:14Z,South Korea,0.0,0.0
2026-07-11T16:14Z,Sweden,0.0,0.0
2026-07-11T16:14Z,Tunisia,0.0,0.0
2026-07-11T16:14Z,United States,0.0,0.0
2026-07-11T16:14Z,Uruguay,0.0,0.0
2026-07-11T16:14Z,Uzbekistan,0.0,0.0
2026-07-11T16:14Z,Switzerland,0.007,0.0165
2026-07-11T16:14Z,England,0.109,0.1445
2026-07-11T16:14Z,Norway,0.011,0.059
2026-07-11T16:14Z,France,0.135,0.3815
2026-07-11T17:19Z,Argentina,0.273,0.1755
2026-07-11T17:19Z,Portugal,0.054,0.0
2026-07-11T17:19Z,Spain,0.259,0.2095
2026-07-11T17:19Z,Brazil,0.027,0.0
2026-07-11T17:19Z,Netherlands,0.026,0.0
2026-07-11T17:19Z,Colombia,0.024,0.0
2026-07-11T17:19Z,Belgium,0.023,0.0
2026-07-11T17:19Z,Morocco,0.022,0.0
2026-07-11T17:19Z,Germany,0.013,0.0
2026-07-11T17:19Z,Ecuador,0.004,0.0
2026-07-11T17:19Z,Japan,0.004,0.0
2026-07-11T17:19Z,Australia,0.003,0.0
2026-07-11T17:19Z,Ivory Coast,0.003,0.0
2026-07-11T17:19Z,Algeria,0.001,0.0
2026-07-11T17:19Z,Canada,0.001,0.0
2026-07-11T17:19Z,Senegal,0.001,0.0
2026-07-11T17:19Z,Austria,0.0,0.0
2026-07-11T17:19Z,Bosnia and Herzegovina,0.0,0.0
2026-07-11T17:19Z,Cape Verde,0.0,0.0
2026-07-11T17:19Z,Croatia,0.0,0.0
2026-07-11T17:19Z,Curaçao,0.0,0.0
2026-07-11T17:19Z,Czech Republic,0.0,0.0
2026-07-11T17:19Z,DR Congo,0.0,0.0
2026-07-11T17:19Z,Egypt,0.0,0.0
2026-07-11T17:19Z,Ghana,0.0,0.0
2026-07-11T17:19Z,Haiti,0.0,0.0
2026-07-11T17:19Z,Iran,0.0,0.0
2026-07-11T17:19Z,Iraq,0.0,0.0
2026-07-11T17:19Z,Jordan,0.0,0.0
2026-07-11T17:19Z,Mexico,0.0,0.0
2026-07-11T17:19Z,New Zealand,0.0,0.0
2026-07-11T17:19Z,Panama,0.0,0.0
2026-07-11T17:19Z,Paraguay,0.0,0.0
2026-07-11T17:19Z,Qatar,0.0,0.0
2026-07-11T17:19Z,Saudi Arabia,0.0,0.0
2026-07-11T17:19Z,Scotland,0.0,0.0
2026-07-11T17:19Z,South Africa,0.0,0.0
2026-07-11T17:19Z,South Korea,0.0,0.0
2026-07-11T17:19Z,Sweden,0.0,0.0
2026-07-11T17:19Z,Tunisia,0.0,0.0
2026-07-11T17:19Z,United States,0.0,0.0
2026-07-11T17:19Z,Uruguay,0.0,0.0
2026-07-11T17:19Z,Uzbekistan,0.0,0.0
2026-07-11T17:19Z,Switzerland,0.007,0.0165
2026-07-11T17:19Z,England,0.109,0.1445
2026-07-11T17:19Z,Norway,0.011,0.0595
2026-07-11T17:19Z,France,0.135,0.3805
2026-07-11T18:12Z,Argentina,0.273,0.1775
2026-07-11T18:12Z,Portugal,0.054,0.0
2026-07-11T18:12Z,Spain,0.259,0.2095
2026-07-11T18:12Z,Brazil,0.027,0.0
2026-07-11T18:12Z,Netherlands,0.026,0.0
2026-07-11T18:12Z,Colombia,0.024,0.0
2026-07-11T18:12Z,Belgium,0.023,0.0
2026-07-11T18:12Z,Morocco,0.022,0.0
2026-07-11T18:12Z,Germany,0.013,0.0
2026-07-11T18:12Z,Ecuador,0.004,0.0
2026-07-11T18:12Z,Japan,0.004,0.0
2026-07-11T18:12Z,Australia,0.003,0.0
2026-07-11T18:12Z,Ivory Coast,0.003,0.0
2026-07-11T18:12Z,Algeria,0.001,0.0
2026-07-11T18:12Z,Canada,0.001,0.0
2026-07-11T18:12Z,Senegal,0.001,0.0
2026-07-11T18:12Z,Austria,0.0,0.0
2026-07-11T18:12Z,Bosnia and Herzegovina,0.0,0.0
2026-07-11T18:12Z,Cape Verde,0.0,0.0
2026-07-11T18:12Z,Croatia,0.0,0.0
2026-07-11T18:12Z,Curaçao,0.0,0.0
2026-07-11T18:12Z,Czech Republic,0.0,0.0
2026-07-11T18:12Z,DR Congo,0.0,0.0
2026-07-11T18:12Z,Egypt,0.0,0.0
2026-07-11T18:12Z,Ghana,0.0,0.0
2026-07-11T18:12Z,Haiti,0.0,0.0
2026-07-11T18:12Z,Iran,0.0,0.0
2026-07-11T18:12Z,Iraq,0.0,0.0
2026-07-11T18:12Z,Jordan,0.0,0.0
2026-07-11T18:12Z,Mexico,0.0,0.0
2026-07-11T18:12Z,New Zealand,0.0,0.0
2026-07-11T18:12Z,Panama,0.0,0.0
2026-07-11T18:12Z,Paraguay,0.0,0.0
2026-07-11T18:12Z,Qatar,0.0,0.0
2026-07-11T18:12Z,Saudi Arabia,0.0,0.0
2026-07-11T18:12Z,Scotland,0.0,0.0
2026-07-11T18:12Z,South Africa,0.0,0.0
2026-07-11T18:12Z,South Korea,0.0,0.0
2026-07-11T18:12Z,Sweden,0.0,0.0
2026-07-11T18:12Z,Tunisia,0.0,0.0
2026-07-11T18:12Z,United States,0.0,0.0
2026-07-11T18:12Z,Uruguay,0.0,0.0
2026-07-11T18:12Z,Uzbekistan,0.0,0.0
2026-07-11T18:12Z,Switzerland,0.007,0.0165
2026-07-11T18:12Z,England,0.109,0.1445
2026-07-11T18:12Z,Norway,0.011,0.0595
2026-07-11T18:12Z,France,0.135,0.3815
2026-07-11T19:35Z,Argentina,0.273,0.1745
2026-07-11T19:35Z,Portugal,0.054,0.0
2026-07-11T19:35Z,Spain,0.259,0.2095
2026-07-11T19:35Z,Brazil,0.027,0.0
2026-07-11T19:35Z,Netherlands,0.026,0.0
2026-07-11T19:35Z,Colombia,0.024,0.0
2026-07-11T19:35Z,Belgium,0.023,0.0
2026-07-11T19:35Z,Morocco,0.022,0.0
2026-07-11T19:35Z,Germany,0.013,0.0
2026-07-11T19:35Z,Ecuador,0.004,0.0
2026-07-11T19:35Z,Japan,0.004,0.0
2026-07-11T19:35Z,Australia,0.003,0.0
2026-07-11T19:35Z,Ivory Coast,0.003,0.0
2026-07-11T19:35Z,Algeria,0.001,0.0
2026-07-11T19:35Z,Canada,0.001,0.0
2026-07-11T19:35Z,Senegal,0.001,0.0
2026-07-11T19:35Z,Austria,0.0,0.0
2026-07-11T19:35Z,Bosnia and Herzegovina,0.0,0.0
2026-07-11T19:35Z,Cape Verde,0.0,0.0
2026-07-11T19:35Z,Croatia,0.0,0.0
2026-07-11T19:35Z,Curaçao,0.0,0.0
2026-07-11T19:35Z,Czech Republic,0.0,0.0
2026-07-11T19:35Z,DR Congo,0.0,0.0
2026-07-11T19:35Z,Egypt,0.0,0.0
2026-07-11T19:35Z,Ghana,0.0,0.0
2026-07-11T19:35Z,Haiti,0.0,0.0
2026-07-11T19:35Z,Iran,0.0,0.0
2026-07-11T19:35Z,Iraq,0.0,0.0
2026-07-11T19:35Z,Jordan,0.0,0.0
2026-07-11T19:35Z,Mexico,0.0,0.0
2026-07-11T19:35Z,New Zealand,0.0,0.0
2026-07-11T19:35Z,Panama,0.0,0.0
2026-07-11T19:35Z,Paraguay,0.0,0.0
2026-07-11T19:35Z,Qatar,0.0,0.0
2026-07-11T19:35Z,Saudi Arabia,0.0,0.0
2026-07-11T19:35Z,Scotland,0.0,0.0
2026-07-11T19:35Z,South Africa,0.0,0.0
2026-07-11T19:35Z,South Korea,0.0,0.0
2026-07-11T19:35Z,Sweden,0.0,0.0
2026-07-11T19:35Z,Tunisia,0.0,0.0
2026-07-11T19:35Z,United States,0.0,0.0
2026-07-11T19:35Z,Uruguay,0.0,0.0
2026-07-11T19:35Z,Uzbekistan,0.0,0.0
2026-07-11T19:35Z,Switzerland,0.007,0.0165
2026-07-11T19:35Z,England,0.109,0.1435
2026-07-11T19:35Z,Norway,0.011,0.0605
2026-07-11T19:35Z,France,0.135,0.3835
2026-07-11T20:27Z,Argentina,0.273,0.1765
2026-07-11T20:27Z,Portugal,0.054,0.0
2026-07-11T20:27Z,Spain,0.259,0.2095
2026-07-11T20:27Z,Brazil,0.027,0.0
2026-07-11T20:27Z,Netherlands,0.026,0.0
2026-07-11T20:27Z,Colombia,0.024,0.0
2026-07-11T20:27Z,Belgium,0.023,0.0
2026-07-11T20:27Z,Morocco,0.022,0.0
2026-07-11T20:27Z,Germany,0.013,0.0
2026-07-11T20:27Z,Ecuador,0.004,0.0
2026-07-11T20:27Z,Japan,0.004,0.0
2026-07-11T20:27Z,Australia,0.003,0.0
2026-07-11T20:27Z,Ivory Coast,0.003,0.0
2026-07-11T20:27Z,Algeria,0.001,0.0
2026-07-11T20:27Z,Canada,0.001,0.0
2026-07-11T20:27Z,Senegal,0.001,0.0
2026-07-11T20:27Z,Austria,0.0,0.0
2026-07-11T20:27Z,Bosnia and Herzegovina,0.0,0.0
2026-07-11T20:27Z,Cape Verde,0.0,0.0
2026-07-11T20:27Z,Croatia,0.0,0.0
2026-07-11T20:27Z,Curaçao,0.0,0.0
2026-07-11T20:27Z,Czech Republic,0.0,0.0
2026-07-11T20:27Z,DR Congo,0.0,0.0
2026-07-11T20:27Z,Egypt,0.0,0.0
2026-07-11T20:27Z,Ghana,0.0,0.0
2026-07-11T20:27Z,Haiti,0.0,0.0
2026-07-11T20:27Z,Iran,0.0,0.0
2026-07-11T20:27Z,Iraq,0.0,0.0
2026-07-11T20:27Z,Jordan,0.0,0.0
2026-07-11T20:27Z,Mexico,0.0,0.0
2026-07-11T20:27Z,New Zealand,0.0,0.0
2026-07-11T20:27Z,Panama,0.0,0.0
2026-07-11T20:27Z,Paraguay,0.0,0.0
2026-07-11T20:27Z,Qatar,0.0,0.0
2026-07-11T20:27Z,Saudi Arabia,0.0,0.0
2026-07-11T20:27Z,Scotland,0.0,0.0
2026-07-11T20:27Z,South Africa,0.0,0.0
2026-07-11T20:27Z,South Korea,0.0,0.0
2026-07-11T20:27Z,Sweden,0.0,0.0
2026-07-11T20:27Z,Tunisia,0.0,0.0
2026-07-11T20:27Z,United States,0.0,0.0
2026-07-11T20:27Z,Uruguay,0.0,0.0
2026-07-11T20:27Z,Uzbekistan,0.0,0.0
2026-07-11T20:27Z,Switzerland,0.007,0.0165
2026-07-11T20:27Z,England,0.109,0.1435
2026-07-11T20:27Z,Norway,0.011,0.0595
2026-07-11T20:27Z,France,0.135,0.3825
2026-07-11T21:30Z,Argentina,0.273,0.1755
2026-07-11T21:30Z,Portugal,0.054,0.0
2026-07-11T21:30Z,Spain,0.259,0.2095
2026-07-11T21:30Z,Brazil,0.027,0.0
2026-07-11T21:30Z,Netherlands,0.026,0.0
2026-07-11T21:30Z,Colombia,0.024,0.0
2026-07-11T21:30Z,Belgium,0.023,0.0
2026-07-11T21:30Z,Morocco,0.022,0.0
2026-07-11T21:30Z,Germany,0.013,0.0
2026-07-11T21:30Z,Ecuador,0.004,0.0
2026-07-11T21:30Z,Japan,0.004,0.0
2026-07-11T21:30Z,Australia,0.003,0.0
2026-07-11T21:30Z,Ivory Coast,0.003,0.0
2026-07-11T21:30Z,Algeria,0.001,0.0
2026-07-11T21:30Z,Canada,0.001,0.0
2026-07-11T21:30Z,Senegal,0.001,0.0
2026-07-11T21:30Z,Austria,0.0,0.0
2026-07-11T21:30Z,Bosnia and Herzegovina,0.0,0.0
2026-07-11T21:30Z,Cape Verde,0.0,0.0
2026-07-11T21:30Z,Croatia,0.0,0.0
2026-07-11T21:30Z,Curaçao,0.0,0.0
2026-07-11T21:30Z,Czech Republic,0.0,0.0
2026-07-11T21:30Z,DR Congo,0.0,0.0
2026-07-11T21:30Z,Egypt,0.0,0.0
2026-07-11T21:30Z,Ghana,0.0,0.0
2026-07-11T21:30Z,Haiti,0.0,0.0
2026-07-11T21:30Z,Iran,0.0,0.0
2026-07-11T21:30Z,Iraq,0.0,0.0
2026-07-11T21:30Z,Jordan,0.0,0.0
2026-07-11T21:30Z,Mexico,0.0,0.0
2026-07-11T21:30Z,New Zealand,0.0,0.0
2026-07-11T21:30Z,Panama,0.0,0.0
2026-07-11T21:30Z,Paraguay,0.0,0.0
2026-07-11T21:30Z,Qatar,0.0,0.0
2026-07-11T21:30Z,Saudi Arabia,0.0,0.0
2026-07-11T21:30Z,Scotland,0.0,0.0
2026-07-11T21:30Z,South Africa,0.0,0.0
2026-07-11T21:30Z,South Korea,0.0,0.0
2026-07-11T21:30Z,Sweden,0.0,0.0
2026-07-11T21:30Z,Tunisia,0.0,0.0
2026-07-11T21:30Z,United States,0.0,0.0
2026-07-11T21:30Z,Uruguay,0.0,0.0
2026-07-11T21:30Z,Uzbekistan,0.0,0.0
2026-07-11T21:30Z,Switzerland,0.007,0.0165
2026-07-11T21:30Z,Norway,0.011,0.0505
2026-07-11T21:30Z,England,0.109,0.1495
2026-07-11T21:30Z,France,0.135,0.3835
2026-07-11T22:30Z,Argentina,0.273,0.1755
2026-07-11T22:30Z,Portugal,0.054,0.0
2026-07-11T22:30Z,Spain,0.259,0.2085
2026-07-11T22:30Z,Brazil,0.027,0.0
2026-07-11T22:30Z,Netherlands,0.026,0.0
2026-07-11T22:30Z,Colombia,0.024,0.0
2026-07-11T22:30Z,Belgium,0.023,0.0
2026-07-11T22:30Z,Morocco,0.022,0.0
2026-07-11T22:30Z,Germany,0.013,0.0
2026-07-11T22:30Z,Ecuador,0.004,0.0
2026-07-11T22:30Z,Japan,0.004,0.0
2026-07-11T22:30Z,Australia,0.003,0.0
2026-07-11T22:30Z,Ivory Coast,0.003,0.0
2026-07-11T22:30Z,Algeria,0.001,0.0
2026-07-11T22:30Z,Canada,0.001,0.0
2026-07-11T22:30Z,Senegal,0.001,0.0
2026-07-11T22:30Z,Austria,0.0,0.0
2026-07-11T22:30Z,Bosnia and Herzegovina,0.0,0.0
2026-07-11T22:30Z,Cape Verde,0.0,0.0
2026-07-11T22:30Z,Croatia,0.0,0.0
2026-07-11T22:30Z,Curaçao,0.0,0.0
2026-07-11T22:30Z,Czech Republic,0.0,0.0
2026-07-11T22:30Z,DR Congo,0.0,0.0
2026-07-11T22:30Z,Egypt,0.0,0.0
2026-07-11T22:30Z,Ghana,0.0,0.0
2026-07-11T22:30Z,Haiti,0.0,0.0
2026-07-11T22:30Z,Iran,0.0,0.0
2026-07-11T22:30Z,Iraq,0.0,0.0
2026-07-11T22:30Z,Jordan,0.0,0.0
2026-07-11T22:30Z,Mexico,0.0,0.0
2026-07-11T22:30Z,New Zealand,0.0,0.0
2026-07-11T22:30Z,Panama,0.0,0.0
2026-07-11T22:30Z,Paraguay,0.0,0.0
2026-07-11T22:30Z,Qatar,0.0,0.0
2026-07-11T22:30Z,Saudi Arabia,0.0,0.0
2026-07-11T22:30Z,Scotland,0.0,0.0
2026-07-11T22:30Z,South Africa,0.0,0.0
2026-07-11T22:30Z,South Korea,0.0,0.0
2026-07-11T22:30Z,Sweden,0.0,0.0
2026-07-11T22:30Z,Tunisia,0.0,0.0
2026-07-11T22:30Z,United States,0.0,0.0
2026-07-11T22:30Z,Uruguay,0.0,0.0
2026-07-11T22:30Z,Uzbekistan,0.0,0.0
2026-07-11T22:30Z,Switzerland,0.007,0.0165
2026-07-11T22:30Z,England,0.109,0.1335
2026-07-11T22:30Z,Norway,0.011,0.0605
2026-07-11T22:30Z,France,0.135,0.3845
2026-07-11T23:35Z,Argentina,0.273,0.172
2026-07-11T23:35Z,Portugal,0.054,0.0
2026-07-11T23:35Z,Spain,0.259,0.2075
2026-07-11T23:35Z,Brazil,0.027,0.0
2026-07-11T23:35Z,Netherlands,0.026,0.0
2026-07-11T23:35Z,Colombia,0.024,0.0
2026-07-11T23:35Z,Belgium,0.023,0.0
2026-07-11T23:35Z,Morocco,0.022,0.0
2026-07-11T23:35Z,Germany,0.013,0.0
2026-07-11T23:35Z,Ecuador,0.004,0.0
2026-07-11T23:35Z,Japan,0.004,0.0
2026-07-11T23:35Z,Australia,0.003,0.0
2026-07-11T23:35Z,Ivory Coast,0.003,0.0
2026-07-11T23:35Z,Norway,0.011,0.009
2026-07-11T23:35Z,Algeria,0.001,0.0
2026-07-11T23:35Z,Canada,0.001,0.0
2026-07-11T23:35Z,Senegal,0.001,0.0
2026-07-11T23:35Z,Austria,0.0,0.0
2026-07-11T23:35Z,Bosnia and Herzegovina,0.0,0.0
2026-07-11T23:35Z,Cape Verde,0.0,0.0
2026-07-11T23:35Z,Croatia,0.0,0.0
2026-07-11T23:35Z,Curaçao,0.0,0.0
2026-07-11T23:35Z,Czech Republic,0.0,0.0
2026-07-11T23:35Z,DR Congo,0.0,0.0
2026-07-11T23:35Z,Egypt,0.0,0.0
2026-07-11T23:35Z,Ghana,0.0,0.0
2026-07-11T23:35Z,Haiti,0.0,0.0
2026-07-11T23:35Z,Iran,0.0,0.0
2026-07-11T23:35Z,Iraq,0.0,0.0
2026-07-11T23:35Z,Jordan,0.0,0.0
2026-07-11T23:35Z,Mexico,0.0,0.0
2026-07-11T23:35Z,New Zealand,0.0,0.0
2026-07-11T23:35Z,Panama,0.0,0.0
2026-07-11T23:35Z,Paraguay,0.0,0.0
2026-07-11T23:35Z,Qatar,0.0,0.0
2026-07-11T23:35Z,Saudi Arabia,0.0,0.0
2026-07-11T23:35Z,Scotland,0.0,0.0
2026-07-11T23:35Z,South Africa,0.0,0.0
2026-07-11T23:35Z,South Korea,0.0,0.0
2026-07-11T23:35Z,Sweden,0.0,0.0
2026-07-11T23:35Z,Tunisia,0.0,0.0
2026-07-11T23:35Z,United States,0.0,0.0
2026-07-11T23:35Z,Uruguay,0.0,0.0
2026-07-11T23:35Z,Uzbekistan,0.0,0.0
2026-07-11T23:35Z,Switzerland,0.007,0.0165
2026-07-11T23:35Z,England,0.109,0.1835
2026-07-11T23:35Z,France,0.135,0.3865
2026-07-12T01:12Z,Argentina,0.273,0.1745
2026-07-12T01:12Z,Spain,0.259,0.2045
2026-07-12T01:12Z,Portugal,0.054,0.0
2026-07-12T01:12Z,Brazil,0.027,0.0
2026-07-12T01:12Z,Netherlands,0.026,0.0
2026-07-12T01:12Z,Colombia,0.024,0.0
2026-07-12T01:12Z,Belgium,0.023,0.0
2026-07-12T01:12Z,Morocco,0.022,0.0
2026-07-12T01:12Z,Germany,0.013,0.0
2026-07-12T01:12Z,Norway,0.011,0.0005
2026-07-12T01:12Z,Ecuador,0.004,0.0
2026-07-12T01:12Z,Japan,0.004,0.0
2026-07-12T01:12Z,Australia,0.003,0.0
2026-07-12T01:12Z,Ivory Coast,0.003,0.0
2026-07-12T01:12Z,Algeria,0.001,0.0
2026-07-12T01:12Z,Canada,0.001,0.0
2026-07-12T01:12Z,Senegal,0.001,0.0
2026-07-12T01:12Z,Austria,0.0,0.0
2026-07-12T01:12Z,Bosnia and Herzegovina,0.0,0.0
2026-07-12T01:12Z,Cape Verde,0.0,0.0
2026-07-12T01:12Z,Croatia,0.0,0.0
2026-07-12T01:12Z,Curaçao,0.0,0.0
2026-07-12T01:12Z,Czech Republic,0.0,0.0
2026-07-12T01:12Z,DR Congo,0.0,0.0
2026-07-12T01:12Z,Egypt,0.0,0.0
2026-07-12T01:12Z,Ghana,0.0,0.0
2026-07-12T01:12Z,Haiti,0.0,0.0
2026-07-12T01:12Z,Iran,0.0,0.0
2026-07-12T01:12Z,Iraq,0.0,0.0
2026-07-12T01:12Z,Jordan,0.0,0.0
2026-07-12T01:12Z,Mexico,0.0,0.0
2026-07-12T01:12Z,New Zealand,0.0,0.0
2026-07-12T01:12Z,Panama,0.0,0.0
2026-07-12T01:12Z,Paraguay,0.0,0.0
2026-07-12T01:12Z,Qatar,0.0,0.0
2026-07-12T01:12Z,Saudi Arabia,0.0,0.0
2026-07-12T01:12Z,Scotland,0.0,0.0
2026-07-12T01:12Z,South Africa,0.0,0.0
2026-07-12T01:12Z,South Korea,0.0,0.0
2026-07-12T01:12Z,Sweden,0.0,0.0
2026-07-12T01:12Z,Tunisia,0.0,0.0
2026-07-12T01:12Z,United States,0.0,0.0
2026-07-12T01:12Z,Uruguay,0.0,0.0
2026-07-12T01:12Z,Uzbekistan,0.0,0.0
2026-07-12T01:12Z,Switzerland,0.007,0.0185
2026-07-12T01:12Z,England,0.109,0.2055
2026-07-12T01:12Z,France,0.135,0.382
2026-07-12T04:44Z,Argentina,0.273,0.2015
2026-07-12T04:44Z,Spain,0.259,0.2005
2026-07-12T04:44Z,Portugal,0.054,0.0
2026-07-12T04:44Z,Brazil,0.027,0.0
2026-07-12T04:44Z,Netherlands,0.026,0.0
2026-07-12T04:44Z,Colombia,0.024,0.0
2026-07-12T04:44Z,Belgium,0.023,0.0
2026-07-12T04:44Z,Morocco,0.022,0.0
2026-07-12T04:44Z,Germany,0.013,0.0
2026-07-12T04:44Z,Norway,0.011,0.0
2026-07-12T04:44Z,Switzerland,0.007,0.0005
2026-07-12T04:44Z,Ecuador,0.004,0.0
2026-07-12T04:44Z,Japan,0.004,0.0
2026-07-12T04:44Z,Australia,0.003,0.0
2026-07-12T04:44Z,Ivory Coast,0.003,0.0
2026-07-12T04:44Z,Algeria,0.001,0.0
2026-07-12T04:44Z,Canada,0.001,0.0
2026-07-12T04:44Z,Senegal,0.001,0.0
2026-07-12T04:44Z,Austria,0.0,0.0
2026-07-12T04:44Z,Bosnia and Herzegovina,0.0,0.0
2026-07-12T04:44Z,Cape Verde,0.0,0.0
2026-07-12T04:44Z,Croatia,0.0,0.0
2026-07-12T04:44Z,Curaçao,0.0,0.0
2026-07-12T04:44Z,Czech Republic,0.0,0.0
2026-07-12T04:44Z,DR Congo,0.0,0.0
2026-07-12T04:44Z,Egypt,0.0,0.0
2026-07-12T04:44Z,Ghana,0.0,0.0
2026-07-12T04:44Z,Haiti,0.0,0.0
2026-07-12T04:44Z,Iran,0.0,0.0
2026-07-12T04:44Z,Iraq,0.0,0.0
2026-07-12T04:44Z,Jordan,0.0,0.0
2026-07-12T04:44Z,Mexico,0.0,0.0
2026-07-12T04:44Z,New Zealand,0.0,0.0
2026-07-12T04:44Z,Panama,0.0,0.0
2026-07-12T04:44Z,Paraguay,0.0,0.0
2026-07-12T04:44Z,Qatar,0.0,0.0
2026-07-12T04:44Z,Saudi Arabia,0.0,0.0
2026-07-12T04:44Z,Scotland,0.0,0.0
2026-07-12T04:44Z,South Africa,0.0,0.0
2026-07-12T04:44Z,South Korea,0.0,0.0
2026-07-12T04:44Z,Sweden,0.0,0.0
2026-07-12T04:44Z,Tunisia,0.0,0.0
2026-07-12T04:44Z,United States,0.0,0.0
2026-07-12T04:44Z,Uruguay,0.0,0.0
2026-07-12T04:44Z,Uzbekistan,0.0,0.0
2026-07-12T04:44Z,England,0.109,0.2095
2026-07-12T04:44Z,France,0.135,0.3845
2026-07-12T07:27Z,Argentina,0.273,0.1885
2026-07-12T07:27Z,Spain,0.259,0.1995
2026-07-12T07:27Z,Portugal,0.054,0.0
2026-07-12T07:27Z,Brazil,0.027,0.0
2026-07-12T07:27Z,Netherlands,0.026,0.0
2026-07-12T07:27Z,Colombia,0.024,0.0
2026-07-12T07:27Z,Belgium,0.023,0.0
2026-07-12T07:27Z,Morocco,0.022,0.0
2026-07-12T07:27Z,Germany,0.013,0.0
2026-07-12T07:27Z,Norway,0.011,0.0
2026-07-12T07:27Z,Switzerland,0.007,0.0
2026-07-12T07:27Z,Ecuador,0.004,0.0
2026-07-12T07:27Z,Japan,0.004,0.0
2026-07-12T07:27Z,Australia,0.003,0.0
2026-07-12T07:27Z,Ivory Coast,0.003,0.0
2026-07-12T07:27Z,Algeria,0.001,0.0
2026-07-12T07:27Z,Canada,0.001,0.0
2026-07-12T07:27Z,Senegal,0.001,0.0
2026-07-12T07:27Z,Austria,0.0,0.0
2026-07-12T07:27Z,Bosnia and Herzegovina,0.0,0.0
2026-07-12T07:27Z,Cape Verde,0.0,0.0
2026-07-12T07:27Z,Croatia,0.0,0.0
2026-07-12T07:27Z,Curaçao,0.0,0.0
2026-07-12T07:27Z,Czech Republic,0.0,0.0
2026-07-12T07:27Z,DR Congo,0.0,0.0
2026-07-12T07:27Z,Egypt,0.0,0.0
2026-07-12T07:27Z,Ghana,0.0,0.0
2026-07-12T07:27Z,Haiti,0.0,0.0
2026-07-12T07:27Z,Iran,0.0,0.0
2026-07-12T07:27Z,Iraq,0.0,0.0
2026-07-12T07:27Z,Jordan,0.0,0.0
2026-07-12T07:27Z,Mexico,0.0,0.0
2026-07-12T07:27Z,New Zealand,0.0,0.0
2026-07-12T07:27Z,Panama,0.0,0.0
2026-07-12T07:27Z,Paraguay,0.0,0.0
2026-07-12T07:27Z,Qatar,0.0,0.0
2026-07-12T07:27Z,Saudi Arabia,0.0,0.0
2026-07-12T07:27Z,Scotland,0.0,0.0
2026-07-12T07:27Z,South Africa,0.0,0.0
2026-07-12T07:27Z,South Korea,0.0,0.0
2026-07-12T07:27Z,Sweden,0.0,0.0
2026-07-12T07:27Z,Tunisia,0.0,0.0
2026-07-12T07:27Z,United States,0.0,0.0
2026-07-12T07:27Z,Uruguay,0.0,0.0
2026-07-12T07:27Z,Uzbekistan,0.0,0.0
2026-07-12T07:27Z,England,0.109,0.2095
2026-07-12T07:27Z,France,0.135,0.3865
2026-07-12T09:31Z,Argentina,0.273,0.1875
2026-07-12T09:31Z,Spain,0.259,0.1995
2026-07-12T09:31Z,Portugal,0.054,0.0
2026-07-12T09:31Z,Brazil,0.027,0.0
2026-07-12T09:31Z,Netherlands,0.026,0.0
2026-07-12T09:31Z,Colombia,0.024,0.0
2026-07-12T09:31Z,Belgium,0.023,0.0
2026-07-12T09:31Z,Morocco,0.022,0.0
2026-07-12T09:31Z,Germany,0.013,0.0
2026-07-12T09:31Z,Norway,0.011,0.0
2026-07-12T09:31Z,Switzerland,0.007,0.0
2026-07-12T09:31Z,Ecuador,0.004,0.0
2026-07-12T09:31Z,Japan,0.004,0.0
2026-07-12T09:31Z,Australia,0.003,0.0
2026-07-12T09:31Z,Ivory Coast,0.003,0.0
2026-07-12T09:31Z,Algeria,0.001,0.0
2026-07-12T09:31Z,Canada,0.001,0.0
2026-07-12T09:31Z,Senegal,0.001,0.0
2026-07-12T09:31Z,Austria,0.0,0.0
2026-07-12T09:31Z,Bosnia and Herzegovina,0.0,0.0
2026-07-12T09:31Z,Cape Verde,0.0,0.0
2026-07-12T09:31Z,Croatia,0.0,0.0
2026-07-12T09:31Z,Curaçao,0.0,0.0
2026-07-12T09:31Z,Czech Republic,0.0,0.0
2026-07-12T09:31Z,DR Congo,0.0,0.0
2026-07-12T09:31Z,Egypt,0.0,0.0
2026-07-12T09:31Z,Ghana,0.0,0.0
2026-07-12T09:31Z,Haiti,0.0,0.0
2026-07-12T09:31Z,Iran,0.0,0.0
2026-07-12T09:31Z,Iraq,0.0,0.0
2026-07-12T09:31Z,Jordan,0.0,0.0
2026-07-12T09:31Z,Mexico,0.0,0.0
2026-07-12T09:31Z,New Zealand,0.0,0.0
2026-07-12T09:31Z,Panama,0.0,0.0
2026-07-12T09:31Z,Paraguay,0.0,0.0
2026-07-12T09:31Z,Qatar,0.0,0.0
2026-07-12T09:31Z,Saudi Arabia,0.0,0.0
2026-07-12T09:31Z,Scotland,0.0,0.0
2026-07-12T09:31Z,South Africa,0.0,0.0
2026-07-12T09:31Z,South Korea,0.0,0.0
2026-07-12T09:31Z,Sweden,0.0,0.0
2026-07-12T09:31Z,Tunisia,0.0,0.0
2026-07-12T09:31Z,United States,0.0,0.0
2026-07-12T09:31Z,Uruguay,0.0,0.0
2026-07-12T09:31Z,Uzbekistan,0.0,0.0
2026-07-12T09:31Z,England,0.109,0.2115
2026-07-12T09:31Z,France,0.135,0.3825
2026-07-12T11:00Z,Argentina,0.273,0.1885
2026-07-12T11:00Z,Spain,0.259,0.1995
2026-07-12T11:00Z,Portugal,0.054,0.0
2026-07-12T11:00Z,Brazil,0.027,0.0
2026-07-12T11:00Z,Netherlands,0.026,0.0
2026-07-12T11:00Z,Colombia,0.024,0.0
2026-07-12T11:00Z,Belgium,0.023,0.0
2026-07-12T11:00Z,Morocco,0.022,0.0
2026-07-12T11:00Z,Germany,0.013,0.0
2026-07-12T11:00Z,Norway,0.011,0.0
2026-07-12T11:00Z,Switzerland,0.007,0.0
2026-07-12T11:00Z,Ecuador,0.004,0.0
2026-07-12T11:00Z,Japan,0.004,0.0
2026-07-12T11:00Z,Australia,0.003,0.0
2026-07-12T11:00Z,Ivory Coast,0.003,0.0
2026-07-12T11:00Z,Algeria,0.001,0.0
2026-07-12T11:00Z,Canada,0.001,0.0
2026-07-12T11:00Z,Senegal,0.001,0.0
2026-07-12T11:00Z,Austria,0.0,0.0
2026-07-12T11:00Z,Bosnia and Herzegovina,0.0,0.0
2026-07-12T11:00Z,Cape Verde,0.0,0.0
2026-07-12T11:00Z,Croatia,0.0,0.0
2026-07-12T11:00Z,Curaçao,0.0,0.0
2026-07-12T11:00Z,Czech Republic,0.0,0.0
2026-07-12T11:00Z,DR Congo,0.0,0.0
2026-07-12T11:00Z,Egypt,0.0,0.0
2026-07-12T11:00Z,Ghana,0.0,0.0
2026-07-12T11:00Z,Haiti,0.0,0.0
2026-07-12T11:00Z,Iran,0.0,0.0
2026-07-12T11:00Z,Iraq,0.0,0.0
2026-07-12T11:00Z,Jordan,0.0,0.0
2026-07-12T11:00Z,Mexico,0.0,0.0
2026-07-12T11:00Z,New Zealand,0.0,0.0
2026-07-12T11:00Z,Panama,0.0,0.0
2026-07-12T11:00Z,Paraguay,0.0,0.0
2026-07-12T11:00Z,Qatar,0.0,0.0
2026-07-12T11:00Z,Saudi Arabia,0.0,0.0
2026-07-12T11:00Z,Scotland,0.0,0.0
2026-07-12T11:00Z,South Africa,0.0,0.0
2026-07-12T11:00Z,South Korea,0.0,0.0
2026-07-12T11:00Z,Sweden,0.0,0.0
2026-07-12T11:00Z,Tunisia,0.0,0.0
2026-07-12T11:00Z,United States,0.0,0.0
2026-07-12T11:00Z,Uruguay,0.0,0.0
2026-07-12T11:00Z,Uzbekistan,0.0,0.0
2026-07-12T11:00Z,England,0.109,0.2155
2026-07-12T11:00Z,France,0.135,0.3855
2026-07-12T12:01Z,Argentina,0.273,0.1895
2026-07-12T12:01Z,Spain,0.259,0.2005
2026-07-12T12:01Z,Portugal,0.054,0.0
2026-07-12T12:01Z,Brazil,0.027,0.0
2026-07-12T12:01Z,Netherlands,0.026,0.0
2026-07-12T12:01Z,Colombia,0.024,0.0
2026-07-12T12:01Z,Belgium,0.023,0.0
2026-07-12T12:01Z,Morocco,0.022,0.0
2026-07-12T12:01Z,Germany,0.013,0.0
2026-07-12T12:01Z,Norway,0.011,0.0
2026-07-12T12:01Z,Switzerland,0.007,0.0
2026-07-12T12:01Z,Ecuador,0.004,0.0
2026-07-12T12:01Z,Japan,0.004,0.0
2026-07-12T12:01Z,Australia,0.003,0.0
2026-07-12T12:01Z,Ivory Coast,0.003,0.0
2026-07-12T12:01Z,Algeria,0.001,0.0
2026-07-12T12:01Z,Canada,0.001,0.0
2026-07-12T12:01Z,Senegal,0.001,0.0
2026-07-12T12:01Z,Austria,0.0,0.0
2026-07-12T12:01Z,Bosnia and Herzegovina,0.0,0.0
2026-07-12T12:01Z,Cape Verde,0.0,0.0
2026-07-12T12:01Z,Croatia,0.0,0.0
2026-07-12T12:01Z,Curaçao,0.0,0.0
2026-07-12T12:01Z,Czech Republic,0.0,0.0
2026-07-12T12:01Z,DR Congo,0.0,0.0
2026-07-12T12:01Z,Egypt,0.0,0.0
2026-07-12T12:01Z,Ghana,0.0,0.0
2026-07-12T12:01Z,Haiti,0.0,0.0
2026-07-12T12:01Z,Iran,0.0,0.0
2026-07-12T12:01Z,Iraq,0.0,0.0
2026-07-12T12:01Z,Jordan,0.0,0.0
2026-07-12T12:01Z,Mexico,0.0,0.0
2026-07-12T12:01Z,New Zealand,0.0,0.0
2026-07-12T12:01Z,Panama,0.0,0.0
2026-07-12T12:01Z,Paraguay,0.0,0.0
2026-07-12T12:01Z,Qatar,0.0,0.0
2026-07-12T12:01Z,Saudi Arabia,0.0,0.0
2026-07-12T12:01Z,Scotland,0.0,0.0
2026-07-12T12:01Z,South Africa,0.0,0.0
2026-07-12T12:01Z,South Korea,0.0,0.0
2026-07-12T12:01Z,Sweden,0.0,0.0
2026-07-12T12:01Z,Tunisia,0.0,0.0
2026-07-12T12:01Z,United States,0.0,0.0
2026-07-12T12:01Z,Uruguay,0.0,0.0
2026-07-12T12:01Z,Uzbekistan,0.0,0.0
2026-07-12T12:01Z,England,0.109,0.2185
2026-07-12T12:01Z,France,0.135,0.3885
2026-07-12T13:37Z,Argentina,0.273,0.1895
2026-07-12T13:37Z,Spain,0.259,0.2005
2026-07-12T13:37Z,Portugal,0.054,0.0
2026-07-12T13:37Z,Brazil,0.027,0.0
2026-07-12T13:37Z,Netherlands,0.026,0.0
2026-07-12T13:37Z,Colombia,0.024,0.0
2026-07-12T13:37Z,Belgium,0.023,0.0
2026-07-12T13:37Z,Morocco,0.022,0.0
2026-07-12T13:37Z,Germany,0.013,0.0
2026-07-12T13:37Z,Norway,0.011,0.0
2026-07-12T13:37Z,Switzerland,0.007,0.0
2026-07-12T13:37Z,Ecuador,0.004,0.0
2026-07-12T13:37Z,Japan,0.004,0.0
2026-07-12T13:37Z,Australia,0.003,0.0
2026-07-12T13:37Z,Ivory Coast,0.003,0.0
2026-07-12T13:37Z,Algeria,0.001,0.0
2026-07-12T13:37Z,Canada,0.001,0.0
2026-07-12T13:37Z,Senegal,0.001,0.0
2026-07-12T13:37Z,Austria,0.0,0.0
2026-07-12T13:37Z,Bosnia and Herzegovina,0.0,0.0
2026-07-12T13:37Z,Cape Verde,0.0,0.0
2026-07-12T13:37Z,Croatia,0.0,0.0
2026-07-12T13:37Z,Curaçao,0.0,0.0
2026-07-12T13:37Z,Czech Republic,0.0,0.0
2026-07-12T13:37Z,DR Congo,0.0,0.0
2026-07-12T13:37Z,Egypt,0.0,0.0
2026-07-12T13:37Z,Ghana,0.0,0.0
2026-07-12T13:37Z,Haiti,0.0,0.0
2026-07-12T13:37Z,Iran,0.0,0.0
2026-07-12T13:37Z,Iraq,0.0,0.0
2026-07-12T13:37Z,Jordan,0.0,0.0
2026-07-12T13:37Z,Mexico,0.0,0.0
2026-07-12T13:37Z,New Zealand,0.0,0.0
2026-07-12T13:37Z,Panama,0.0,0.0
2026-07-12T13:37Z,Paraguay,0.0,0.0
2026-07-12T13:37Z,Qatar,0.0,0.0
2026-07-12T13:37Z,Saudi Arabia,0.0,0.0
2026-07-12T13:37Z,Scotland,0.0,0.0
2026-07-12T13:37Z,South Africa,0.0,0.0
2026-07-12T13:37Z,South Korea,0.0,0.0
2026-07-12T13:37Z,Sweden,0.0,0.0
2026-07-12T13:37Z,Tunisia,0.0,0.0
2026-07-12T13:37Z,United States,0.0,0.0
2026-07-12T13:37Z,Uruguay,0.0,0.0
2026-07-12T13:37Z,Uzbekistan,0.0,0.0
2026-07-12T13:37Z,England,0.109,0.2155
2026-07-12T13:37Z,France,0.135,0.3885
2026-07-12T14:44Z,Argentina,0.273,0.1895
2026-07-12T14:44Z,Spain,0.259,0.2005
2026-07-12T14:44Z,Portugal,0.054,0.0
2026-07-12T14:44Z,Brazil,0.027,0.0
2026-07-12T14:44Z,Netherlands,0.026,0.0
2026-07-12T14:44Z,Colombia,0.024,0.0
2026-07-12T14:44Z,Belgium,0.023,0.0
2026-07-12T14:44Z,Morocco,0.022,0.0
2026-07-12T14:44Z,Germany,0.013,0.0
2026-07-12T14:44Z,Norway,0.011,0.0
2026-07-12T14:44Z,Switzerland,0.007,0.0
2026-07-12T14:44Z,Ecuador,0.004,0.0
2026-07-12T14:44Z,Japan,0.004,0.0
2026-07-12T14:44Z,Australia,0.003,0.0
2026-07-12T14:44Z,Ivory Coast,0.003,0.0
2026-07-12T14:44Z,Algeria,0.001,0.0
2026-07-12T14:44Z,Canada,0.001,0.0
2026-07-12T14:44Z,Senegal,0.001,0.0
2026-07-12T14:44Z,Austria,0.0,0.0
2026-07-12T14:44Z,Bosnia and Herzegovina,0.0,0.0
2026-07-12T14:44Z,Cape Verde,0.0,0.0
2026-07-12T14:44Z,Croatia,0.0,0.0
2026-07-12T14:44Z,Curaçao,0.0,0.0
2026-07-12T14:44Z,Czech Republic,0.0,0.0
2026-07-12T14:44Z,DR Congo,0.0,0.0
2026-07-12T14:44Z,Egypt,0.0,0.0
2026-07-12T14:44Z,Ghana,0.0,0.0
2026-07-12T14:44Z,Haiti,0.0,0.0
2026-07-12T14:44Z,Iran,0.0,0.0
2026-07-12T14:44Z,Iraq,0.0,0.0
2026-07-12T14:44Z,Jordan,0.0,0.0
2026-07-12T14:44Z,Mexico,0.0,0.0
2026-07-12T14:44Z,New Zealand,0.0,0.0
2026-07-12T14:44Z,Panama,0.0,0.0
2026-07-12T14:44Z,Paraguay,0.0,0.0
2026-07-12T14:44Z,Qatar,0.0,0.0
2026-07-12T14:44Z,Saudi Arabia,0.0,0.0
2026-07-12T14:44Z,Scotland,0.0,0.0
2026-07-12T14:44Z,South Africa,0.0,0.0
2026-07-12T14:44Z,South Korea,0.0,0.0
2026-07-12T14:44Z,Sweden,0.0,0.0
2026-07-12T14:44Z,Tunisia,0.0,0.0
2026-07-12T14:44Z,United States,0.0,0.0
2026-07-12T14:44Z,Uruguay,0.0,0.0
2026-07-12T14:44Z,Uzbekistan,0.0,0.0
2026-07-12T14:44Z,England,0.109,0.2155
2026-07-12T14:44Z,France,0.135,0.3885
2026-07-12T15:54Z,Argentina,0.273,0.1885
2026-07-12T15:54Z,Spain,0.259,0.2005
2026-07-12T15:54Z,Portugal,0.054,0.0
2026-07-12T15:54Z,Brazil,0.027,0.0
2026-07-12T15:54Z,Netherlands,0.026,0.0
2026-07-12T15:54Z,Colombia,0.024,0.0
2026-07-12T15:54Z,Belgium,0.023,0.0
2026-07-12T15:54Z,Morocco,0.022,0.0
2026-07-12T15:54Z,Germany,0.013,0.0
2026-07-12T15:54Z,Norway,0.011,0.0
2026-07-12T15:54Z,Switzerland,0.007,0.0
2026-07-12T15:54Z,Ecuador,0.004,0.0
2026-07-12T15:54Z,Japan,0.004,0.0
2026-07-12T15:54Z,Australia,0.003,0.0
2026-07-12T15:54Z,Ivory Coast,0.003,0.0
2026-07-12T15:54Z,Algeria,0.001,0.0
2026-07-12T15:54Z,Canada,0.001,0.0
2026-07-12T15:54Z,Senegal,0.001,0.0
2026-07-12T15:54Z,Austria,0.0,0.0
2026-07-12T15:54Z,Bosnia and Herzegovina,0.0,0.0
2026-07-12T15:54Z,Cape Verde,0.0,0.0
2026-07-12T15:54Z,Croatia,0.0,0.0
2026-07-12T15:54Z,Curaçao,0.0,0.0
2026-07-12T15:54Z,Czech Republic,0.0,0.0
2026-07-12T15:54Z,DR Congo,0.0,0.0
2026-07-12T15:54Z,Egypt,0.0,0.0
2026-07-12T15:54Z,Ghana,0.0,0.0
2026-07-12T15:54Z,Haiti,0.0,0.0
2026-07-12T15:54Z,Iran,0.0,0.0
2026-07-12T15:54Z,Iraq,0.0,0.0
2026-07-12T15:54Z,Jordan,0.0,0.0
2026-07-12T15:54Z,Mexico,0.0,0.0
2026-07-12T15:54Z,New Zealand,0.0,0.0
2026-07-12T15:54Z,Panama,0.0,0.0
2026-07-12T15:54Z,Paraguay,0.0,0.0
2026-07-12T15:54Z,Qatar,0.0,0.0
2026-07-12T15:54Z,Saudi Arabia,0.0,0.0
2026-07-12T15:54Z,Scotland,0.0,0.0
2026-07-12T15:54Z,South Africa,0.0,0.0
2026-07-12T15:54Z,South Korea,0.0,0.0
2026-07-12T15:54Z,Sweden,0.0,0.0
2026-07-12T15:54Z,Tunisia,0.0,0.0
2026-07-12T15:54Z,United States,0.0,0.0
2026-07-12T15:54Z,Uruguay,0.0,0.0
2026-07-12T15:54Z,Uzbekistan,0.0,0.0
2026-07-12T15:54Z,England,0.109,0.2155
2026-07-12T15:54Z,France,0.135,0.3885
2026-07-12T16:53Z,Argentina,0.273,0.1865
2026-07-12T16:53Z,Spain,0.259,0.2005
2026-07-12T16:53Z,Portugal,0.054,0.0
2026-07-12T16:53Z,Brazil,0.027,0.0
2026-07-12T16:53Z,Netherlands,0.026,0.0
2026-07-12T16:53Z,Colombia,0.024,0.0
2026-07-12T16:53Z,Belgium,0.023,0.0
2026-07-12T16:53Z,Morocco,0.022,0.0
2026-07-12T16:53Z,Germany,0.013,0.0
2026-07-12T16:53Z,Norway,0.011,0.0
2026-07-12T16:53Z,Switzerland,0.007,0.0
2026-07-12T16:53Z,Ecuador,0.004,0.0
2026-07-12T16:53Z,Japan,0.004,0.0
2026-07-12T16:53Z,Australia,0.003,0.0
2026-07-12T16:53Z,Ivory Coast,0.003,0.0
2026-07-12T16:53Z,Algeria,0.001,0.0
2026-07-12T16:53Z,Canada,0.001,0.0
2026-07-12T16:53Z,Senegal,0.001,0.0
2026-07-12T16:53Z,Austria,0.0,0.0
2026-07-12T16:53Z,Bosnia and Herzegovina,0.0,0.0
2026-07-12T16:53Z,Cape Verde,0.0,0.0
2026-07-12T16:53Z,Croatia,0.0,0.0
2026-07-12T16:53Z,Curaçao,0.0,0.0
2026-07-12T16:53Z,Czech Republic,0.0,0.0
2026-07-12T16:53Z,DR Congo,0.0,0.0
2026-07-12T16:53Z,Egypt,0.0,0.0
2026-07-12T16:53Z,Ghana,0.0,0.0
2026-07-12T16:53Z,Haiti,0.0,0.0
2026-07-12T16:53Z,Iran,0.0,0.0
2026-07-12T16:53Z,Iraq,0.0,0.0
2026-07-12T16:53Z,Jordan,0.0,0.0
2026-07-12T16:53Z,Mexico,0.0,0.0
2026-07-12T16:53Z,New Zealand,0.0,0.0
2026-07-12T16:53Z,Panama,0.0,0.0
2026-07-12T16:53Z,Paraguay,0.0,0.0
2026-07-12T16:53Z,Qatar,0.0,0.0
2026-07-12T16:53Z,Saudi Arabia,0.0,0.0
2026-07-12T16:53Z,Scotland,0.0,0.0
2026-07-12T16:53Z,South Africa,0.0,0.0
2026-07-12T16:53Z,South Korea,0.0,0.0
2026-07-12T16:53Z,Sweden,0.0,0.0
2026-07-12T16:53Z,Tunisia,0.0,0.0
2026-07-12T16:53Z,United States,0.0,0.0
2026-07-12T16:53Z,Uruguay,0.0,0.0
2026-07-12T16:53Z,Uzbekistan,0.0,0.0
2026-07-12T16:53Z,England,0.109,0.2155
2026-07-12T16:53Z,France,0.135,0.3885
2026-07-12T17:55Z,Argentina,0.273,0.1855
2026-07-12T17:55Z,Spain,0.259,0.2005
2026-07-12T17:55Z,Portugal,0.054,0.0
2026-07-12T17:55Z,Brazil,0.027,0.0
2026-07-12T17:55Z,Netherlands,0.026,0.0
2026-07-12T17:55Z,Colombia,0.024,0.0
2026-07-12T17:55Z,Belgium,0.023,0.0
2026-07-12T17:55Z,Morocco,0.022,0.0
2026-07-12T17:55Z,Germany,0.013,0.0
2026-07-12T17:55Z,Norway,0.011,0.0
2026-07-12T17:55Z,Switzerland,0.007,0.0
2026-07-12T17:55Z,Ecuador,0.004,0.0
2026-07-12T17:55Z,Japan,0.004,0.0
2026-07-12T17:55Z,Australia,0.003,0.0
2026-07-12T17:55Z,Ivory Coast,0.003,0.0
2026-07-12T17:55Z,Algeria,0.001,0.0
2026-07-12T17:55Z,Canada,0.001,0.0
2026-07-12T17:55Z,Senegal,0.001,0.0
2026-07-12T17:55Z,Austria,0.0,0.0
2026-07-12T17:55Z,Bosnia and Herzegovina,0.0,0.0
2026-07-12T17:55Z,Cape Verde,0.0,0.0
2026-07-12T17:55Z,Croatia,0.0,0.0
2026-07-12T17:55Z,Curaçao,0.0,0.0
2026-07-12T17:55Z,Czech Republic,0.0,0.0
2026-07-12T17:55Z,DR Congo,0.0,0.0
2026-07-12T17:55Z,Egypt,0.0,0.0
2026-07-12T17:55Z,Ghana,0.0,0.0
2026-07-12T17:55Z,Haiti,0.0,0.0
2026-07-12T17:55Z,Iran,0.0,0.0
2026-07-12T17:55Z,Iraq,0.0,0.0
2026-07-12T17:55Z,Jordan,0.0,0.0
2026-07-12T17:55Z,Mexico,0.0,0.0
2026-07-12T17:55Z,New Zealand,0.0,0.0
2026-07-12T17:55Z,Panama,0.0,0.0
2026-07-12T17:55Z,Paraguay,0.0,0.0
2026-07-12T17:55Z,Qatar,0.0,0.0
2026-07-12T17:55Z,Saudi Arabia,0.0,0.0
2026-07-12T17:55Z,Scotland,0.0,0.0
2026-07-12T17:55Z,South Africa,0.0,0.0
2026-07-12T17:55Z,South Korea,0.0,0.0
2026-07-12T17:55Z,Sweden,0.0,0.0
2026-07-12T17:55Z,Tunisia,0.0,0.0
2026-07-12T17:55Z,United States,0.0,0.0
2026-07-12T17:55Z,Uruguay,0.0,0.0
2026-07-12T17:55Z,Uzbekistan,0.0,0.0
2026-07-12T17:55Z,England,0.109,0.2155
2026-07-12T17:55Z,France,0.135,0.3885
2026-07-12T18:56Z,Argentina,0.273,0.1825
2026-07-12T18:56Z,Spain,0.259,0.2025
2026-07-12T18:56Z,Portugal,0.054,0.0
2026-07-12T18:56Z,Brazil,0.027,0.0
2026-07-12T18:56Z,Netherlands,0.026,0.0
2026-07-12T18:56Z,Colombia,0.024,0.0
2026-07-12T18:56Z,Belgium,0.023,0.0
2026-07-12T18:56Z,Morocco,0.022,0.0
2026-07-12T18:56Z,Germany,0.013,0.0
2026-07-12T18:56Z,Norway,0.011,0.0
2026-07-12T18:56Z,Switzerland,0.007,0.0
2026-07-12T18:56Z,Ecuador,0.004,0.0
2026-07-12T18:56Z,Japan,0.004,0.0
2026-07-12T18:56Z,Australia,0.003,0.0
2026-07-12T18:56Z,Ivory Coast,0.003,0.0
2026-07-12T18:56Z,Algeria,0.001,0.0
2026-07-12T18:56Z,Canada,0.001,0.0
2026-07-12T18:56Z,Senegal,0.001,0.0
2026-07-12T18:56Z,Austria,0.0,0.0
2026-07-12T18:56Z,Bosnia and Herzegovina,0.0,0.0
2026-07-12T18:56Z,Cape Verde,0.0,0.0
2026-07-12T18:56Z,Croatia,0.0,0.0
2026-07-12T18:56Z,Curaçao,0.0,0.0
2026-07-12T18:56Z,Czech Republic,0.0,0.0
2026-07-12T18:56Z,DR Congo,0.0,0.0
2026-07-12T18:56Z,Egypt,0.0,0.0
2026-07-12T18:56Z,Ghana,0.0,0.0
2026-07-12T18:56Z,Haiti,0.0,0.0
2026-07-12T18:56Z,Iran,0.0,0.0
2026-07-12T18:56Z,Iraq,0.0,0.0
2026-07-12T18:56Z,Jordan,0.0,0.0
2026-07-12T18:56Z,Mexico,0.0,0.0
2026-07-12T18:56Z,New Zealand,0.0,0.0
2026-07-12T18:56Z,Panama,0.0,0.0
2026-07-12T18:56Z,Paraguay,0.0,0.0
2026-07-12T18:56Z,Qatar,0.0,0.0
2026-07-12T18:56Z,Saudi Arabia,0.0,0.0
2026-07-12T18:56Z,Scotland,0.0,0.0
2026-07-12T18:56Z,South Africa,0.0,0.0
2026-07-12T18:56Z,South Korea,0.0,0.0
2026-07-12T18:56Z,Sweden,0.0,0.0
2026-07-12T18:56Z,Tunisia,0.0,0.0
2026-07-12T18:56Z,United States,0.0,0.0
2026-07-12T18:56Z,Uruguay,0.0,0.0
2026-07-12T18:56Z,Uzbekistan,0.0,0.0
2026-07-12T18:56Z,England,0.109,0.2145
2026-07-12T18:56Z,France,0.135,0.3885
2026-07-12T20:05Z,Argentina,0.273,0.1835
2026-07-12T20:05Z,Spain,0.259,0.2025
2026-07-12T20:05Z,Portugal,0.054,0.0
2026-07-12T20:05Z,Brazil,0.027,0.0
2026-07-12T20:05Z,Netherlands,0.026,0.0
2026-07-12T20:05Z,Colombia,0.024,0.0
2026-07-12T20:05Z,Belgium,0.023,0.0
2026-07-12T20:05Z,Morocco,0.022,0.0
2026-07-12T20:05Z,Germany,0.013,0.0
2026-07-12T20:05Z,Norway,0.011,0.0
2026-07-12T20:05Z,Switzerland,0.007,0.0
2026-07-12T20:05Z,Ecuador,0.004,0.0
2026-07-12T20:05Z,Japan,0.004,0.0
2026-07-12T20:05Z,Australia,0.003,0.0
2026-07-12T20:05Z,Ivory Coast,0.003,0.0
2026-07-12T20:05Z,Algeria,0.001,0.0
2026-07-12T20:05Z,Canada,0.001,0.0
2026-07-12T20:05Z,Senegal,0.001,0.0
2026-07-12T20:05Z,Austria,0.0,0.0
2026-07-12T20:05Z,Bosnia and Herzegovina,0.0,0.0
2026-07-12T20:05Z,Cape Verde,0.0,0.0
2026-07-12T20:05Z,Croatia,0.0,0.0
2026-07-12T20:05Z,Curaçao,0.0,0.0
2026-07-12T20:05Z,Czech Republic,0.0,0.0
2026-07-12T20:05Z,DR Congo,0.0,0.0
2026-07-12T20:05Z,Egypt,0.0,0.0
2026-07-12T20:05Z,Ghana,0.0,0.0
2026-07-12T20:05Z,Haiti,0.0,0.0
2026-07-12T20:05Z,Iran,0.0,0.0
2026-07-12T20:05Z,Iraq,0.0,0.0
2026-07-12T20:05Z,Jordan,0.0,0.0
2026-07-12T20:05Z,Mexico,0.0,0.0
2026-07-12T20:05Z,New Zealand,0.0,0.0
2026-07-12T20:05Z,Panama,0.0,0.0
2026-07-12T20:05Z,Paraguay,0.0,0.0
2026-07-12T20:05Z,Qatar,0.0,0.0
2026-07-12T20:05Z,Saudi Arabia,0.0,0.0
2026-07-12T20:05Z,Scotland,0.0,0.0
2026-07-12T20:05Z,South Africa,0.0,0.0
2026-07-12T20:05Z,South Korea,0.0,0.0
2026-07-12T20:05Z,Sweden,0.0,0.0
2026-07-12T20:05Z,Tunisia,0.0,0.0
2026-07-12T20:05Z,United States,0.0,0.0
2026-07-12T20:05Z,Uruguay,0.0,0.0
2026-07-12T20:05Z,Uzbekistan,0.0,0.0
2026-07-12T20:05Z,England,0.109,0.2145
2026-07-12T20:05Z,France,0.135,0.3885
2026-07-12T21:10Z,Argentina,0.273,0.1825
2026-07-12T21:10Z,Spain,0.259,0.2025
2026-07-12T21:10Z,Portugal,0.054,0.0
2026-07-12T21:10Z,Brazil,0.027,0.0
2026-07-12T21:10Z,Netherlands,0.026,0.0
2026-07-12T21:10Z,Colombia,0.024,0.0
2026-07-12T21:10Z,Belgium,0.023,0.0
2026-07-12T21:10Z,Morocco,0.022,0.0
2026-07-12T21:10Z,Germany,0.013,0.0
2026-07-12T21:10Z,Norway,0.011,0.0
2026-07-12T21:10Z,Switzerland,0.007,0.0
2026-07-12T21:10Z,Ecuador,0.004,0.0
2026-07-12T21:10Z,Japan,0.004,0.0
2026-07-12T21:10Z,Australia,0.003,0.0
2026-07-12T21:10Z,Ivory Coast,0.003,0.0
2026-07-12T21:10Z,Algeria,0.001,0.0
2026-07-12T21:10Z,Canada,0.001,0.0
2026-07-12T21:10Z,Senegal,0.001,0.0
2026-07-12T21:10Z,Austria,0.0,0.0
2026-07-12T21:10Z,Bosnia and Herzegovina,0.0,0.0
2026-07-12T21:10Z,Cape Verde,0.0,0.0
2026-07-12T21:10Z,Croatia,0.0,0.0
2026-07-12T21:10Z,Curaçao,0.0,0.0
2026-07-12T21:10Z,Czech Republic,0.0,0.0
2026-07-12T21:10Z,DR Congo,0.0,0.0
2026-07-12T21:10Z,Egypt,0.0,0.0
2026-07-12T21:10Z,Ghana,0.0,0.0
2026-07-12T21:10Z,Haiti,0.0,0.0
2026-07-12T21:10Z,Iran,0.0,0.0
2026-07-12T21:10Z,Iraq,0.0,0.0
2026-07-12T21:10Z,Jordan,0.0,0.0
2026-07-12T21:10Z,Mexico,0.0,0.0
2026-07-12T21:10Z,New Zealand,0.0,0.0
2026-07-12T21:10Z,Panama,0.0,0.0
2026-07-12T21:10Z,Paraguay,0.0,0.0
2026-07-12T21:10Z,Qatar,0.0,0.0
2026-07-12T21:10Z,Saudi Arabia,0.0,0.0
2026-07-12T21:10Z,Scotland,0.0,0.0
2026-07-12T21:10Z,South Africa,0.0,0.0
2026-07-12T21:10Z,South Korea,0.0,0.0
2026-07-12T21:10Z,Sweden,0.0,0.0
2026-07-12T21:10Z,Tunisia,0.0,0.0
2026-07-12T21:10Z,United States,0.0,0.0
2026-07-12T21:10Z,Uruguay,0.0,0.0
2026-07-12T21:10Z,Uzbekistan,0.0,0.0
2026-07-12T21:10Z,England,0.109,0.2145
2026-07-12T21:10Z,France,0.135,0.3885
2026-07-12T22:11Z,Argentina,0.273,0.1815
2026-07-12T22:11Z,Spain,0.259,0.2045
2026-07-12T22:11Z,Portugal,0.054,0.0
2026-07-12T22:11Z,Brazil,0.027,0.0
2026-07-12T22:11Z,Netherlands,0.026,0.0
2026-07-12T22:11Z,Colombia,0.024,0.0
2026-07-12T22:11Z,Belgium,0.023,0.0
2026-07-12T22:11Z,Morocco,0.022,0.0
2026-07-12T22:11Z,Germany,0.013,0.0
2026-07-12T22:11Z,Norway,0.011,0.0
2026-07-12T22:11Z,Switzerland,0.007,0.0
2026-07-12T22:11Z,Ecuador,0.004,0.0
2026-07-12T22:11Z,Japan,0.004,0.0
2026-07-12T22:11Z,Australia,0.003,0.0
2026-07-12T22:11Z,Ivory Coast,0.003,0.0
2026-07-12T22:11Z,Algeria,0.001,0.0
2026-07-12T22:11Z,Canada,0.001,0.0
2026-07-12T22:11Z,Senegal,0.001,0.0
2026-07-12T22:11Z,Austria,0.0,0.0
2026-07-12T22:11Z,Bosnia and Herzegovina,0.0,0.0
2026-07-12T22:11Z,Cape Verde,0.0,0.0
2026-07-12T22:11Z,Croatia,0.0,0.0
2026-07-12T22:11Z,Curaçao,0.0,0.0
2026-07-12T22:11Z,Czech Republic,0.0,0.0
2026-07-12T22:11Z,DR Congo,0.0,0.0
2026-07-12T22:11Z,Egypt,0.0,0.0
2026-07-12T22:11Z,Ghana,0.0,0.0
2026-07-12T22:11Z,Haiti,0.0,0.0
2026-07-12T22:11Z,Iran,0.0,0.0
2026-07-12T22:11Z,Iraq,0.0,0.0
2026-07-12T22:11Z,Jordan,0.0,0.0
2026-07-12T22:11Z,Mexico,0.0,0.0
2026-07-12T22:11Z,New Zealand,0.0,0.0
2026-07-12T22:11Z,Panama,0.0,0.0
2026-07-12T22:11Z,Paraguay,0.0,0.0
2026-07-12T22:11Z,Qatar,0.0,0.0
2026-07-12T22:11Z,Saudi Arabia,0.0,0.0
2026-07-12T22:11Z,Scotland,0.0,0.0
2026-07-12T22:11Z,South Africa,0.0,0.0
2026-07-12T22:11Z,South Korea,0.0,0.0
2026-07-12T22:11Z,Sweden,0.0,0.0
2026-07-12T22:11Z,Tunisia,0.0,0.0
2026-07-12T22:11Z,United States,0.0,0.0
2026-07-12T22:11Z,Uruguay,0.0,0.0
2026-07-12T22:11Z,Uzbekistan,0.0,0.0
2026-07-12T22:11Z,England,0.109,0.2145
2026-07-12T22:11Z,France,0.135,0.3885
2026-07-12T23:11Z,Argentina,0.273,0.1825
2026-07-12T23:11Z,Portugal,0.054,0.0
2026-07-12T23:11Z,Spain,0.259,0.2055
2026-07-12T23:11Z,Brazil,0.027,0.0
2026-07-12T23:11Z,Netherlands,0.026,0.0
2026-07-12T23:11Z,Colombia,0.024,0.0
2026-07-12T23:11Z,Belgium,0.023,0.0
2026-07-12T23:11Z,Morocco,0.022,0.0
2026-07-12T23:11Z,Germany,0.013,0.0
2026-07-12T23:11Z,Norway,0.011,0.0
2026-07-12T23:11Z,Switzerland,0.007,0.0
2026-07-12T23:11Z,Ecuador,0.004,0.0
2026-07-12T23:11Z,Japan,0.004,0.0
2026-07-12T23:11Z,Australia,0.003,0.0
2026-07-12T23:11Z,Ivory Coast,0.003,0.0
2026-07-12T23:11Z,Algeria,0.001,0.0
2026-07-12T23:11Z,Canada,0.001,0.0
2026-07-12T23:11Z,Senegal,0.001,0.0
2026-07-12T23:11Z,Austria,0.0,0.0
2026-07-12T23:11Z,Bosnia and Herzegovina,0.0,0.0
2026-07-12T23:11Z,Cape Verde,0.0,0.0
2026-07-12T23:11Z,Croatia,0.0,0.0
2026-07-12T23:11Z,Curaçao,0.0,0.0
2026-07-12T23:11Z,Czech Republic,0.0,0.0
2026-07-12T23:11Z,DR Congo,0.0,0.0
2026-07-12T23:11Z,Egypt,0.0,0.0
2026-07-12T23:11Z,Ghana,0.0,0.0
2026-07-12T23:11Z,Haiti,0.0,0.0
2026-07-12T23:11Z,Iran,0.0,0.0
2026-07-12T23:11Z,Iraq,0.0,0.0
2026-07-12T23:11Z,Jordan,0.0,0.0
2026-07-12T23:11Z,Mexico,0.0,0.0
2026-07-12T23:11Z,New Zealand,0.0,0.0
2026-07-12T23:11Z,Panama,0.0,0.0
2026-07-12T23:11Z,Paraguay,0.0,0.0
2026-07-12T23:11Z,Qatar,0.0,0.0
2026-07-12T23:11Z,Saudi Arabia,0.0,0.0
2026-07-12T23:11Z,Scotland,0.0,0.0
2026-07-12T23:11Z,South Africa,0.0,0.0
2026-07-12T23:11Z,South Korea,0.0,0.0
2026-07-12T23:11Z,Sweden,0.0,0.0
2026-07-12T23:11Z,Tunisia,0.0,0.0
2026-07-12T23:11Z,United States,0.0,0.0
2026-07-12T23:11Z,Uruguay,0.0,0.0
2026-07-12T23:11Z,Uzbekistan,0.0,0.0
2026-07-12T23:11Z,England,0.109,0.2145
2026-07-12T23:11Z,France,0.135,0.3885
2026-07-13T00:14Z,Argentina,0.273,0.1825
2026-07-13T00:14Z,Portugal,0.054,0.0
2026-07-13T00:14Z,Spain,0.259,0.2055
2026-07-13T00:14Z,Brazil,0.027,0.0
2026-07-13T00:14Z,Netherlands,0.026,0.0
2026-07-13T00:14Z,Colombia,0.024,0.0
2026-07-13T00:14Z,Belgium,0.023,0.0
2026-07-13T00:14Z,Morocco,0.022,0.0
2026-07-13T00:14Z,Germany,0.013,0.0
2026-07-13T00:14Z,Norway,0.011,0.0
2026-07-13T00:14Z,Switzerland,0.007,0.0
2026-07-13T00:14Z,Ecuador,0.004,0.0
2026-07-13T00:14Z,Japan,0.004,0.0
2026-07-13T00:14Z,Australia,0.003,0.0
2026-07-13T00:14Z,Ivory Coast,0.003,0.0
2026-07-13T00:14Z,Algeria,0.001,0.0
2026-07-13T00:14Z,Canada,0.001,0.0
2026-07-13T00:14Z,Senegal,0.001,0.0
2026-07-13T00:14Z,Austria,0.0,0.0
2026-07-13T00:14Z,Bosnia and Herzegovina,0.0,0.0
2026-07-13T00:14Z,Cape Verde,0.0,0.0
2026-07-13T00:14Z,Croatia,0.0,0.0
2026-07-13T00:14Z,Curaçao,0.0,0.0
2026-07-13T00:14Z,Czech Republic,0.0,0.0
2026-07-13T00:14Z,DR Congo,0.0,0.0
2026-07-13T00:14Z,Egypt,0.0,0.0
2026-07-13T00:14Z,Ghana,0.0,0.0
2026-07-13T00:14Z,Haiti,0.0,0.0
2026-07-13T00:14Z,Iran,0.0,0.0
2026-07-13T00:14Z,Iraq,0.0,0.0
2026-07-13T00:14Z,Jordan,0.0,0.0
2026-07-13T00:14Z,Mexico,0.0,0.0
2026-07-13T00:14Z,New Zealand,0.0,0.0
2026-07-13T00:14Z,Panama,0.0,0.0
2026-07-13T00:14Z,Paraguay,0.0,0.0
2026-07-13T00:14Z,Qatar,0.0,0.0
2026-07-13T00:14Z,Saudi Arabia,0.0,0.0
2026-07-13T00:14Z,Scotland,0.0,0.0
2026-07-13T00:14Z,South Africa,0.0,0.0
2026-07-13T00:14Z,South Korea,0.0,0.0
2026-07-13T00:14Z,Sweden,0.0,0.0
2026-07-13T00:14Z,Tunisia,0.0,0.0
2026-07-13T00:14Z,United States,0.0,0.0
2026-07-13T00:14Z,Uruguay,0.0,0.0
2026-07-13T00:14Z,Uzbekistan,0.0,0.0
2026-07-13T00:14Z,England,0.109,0.2155
2026-07-13T00:14Z,France,0.135,0.3885
2026-07-13T04:04Z,Argentina,0.273,0.1805
2026-07-13T04:04Z,Portugal,0.054,0.0
2026-07-13T04:04Z,Spain,0.259,0.2075
2026-07-13T04:04Z,Brazil,0.027,0.0
2026-07-13T04:04Z,Netherlands,0.026,0.0
2026-07-13T04:04Z,Colombia,0.024,0.0
2026-07-13T04:04Z,Belgium,0.023,0.0
2026-07-13T04:04Z,Morocco,0.022,0.0
2026-07-13T04:04Z,Germany,0.013,0.0
2026-07-13T04:04Z,Norway,0.011,0.0
2026-07-13T04:04Z,Switzerland,0.007,0.0
2026-07-13T04:04Z,Ecuador,0.004,0.0
2026-07-13T04:04Z,Japan,0.004,0.0
2026-07-13T04:04Z,Australia,0.003,0.0
2026-07-13T04:04Z,Ivory Coast,0.003,0.0
2026-07-13T04:04Z,Algeria,0.001,0.0
2026-07-13T04:04Z,Canada,0.001,0.0
2026-07-13T04:04Z,Senegal,0.001,0.0
2026-07-13T04:04Z,Austria,0.0,0.0
2026-07-13T04:04Z,Bosnia and Herzegovina,0.0,0.0
2026-07-13T04:04Z,Cape Verde,0.0,0.0
2026-07-13T04:04Z,Croatia,0.0,0.0
2026-07-13T04:04Z,Curaçao,0.0,0.0
2026-07-13T04:04Z,Czech Republic,0.0,0.0
2026-07-13T04:04Z,DR Congo,0.0,0.0
2026-07-13T04:04Z,Egypt,0.0,0.0
2026-07-13T04:04Z,Ghana,0.0,0.0
2026-07-13T04:04Z,Haiti,0.0,0.0
2026-07-13T04:04Z,Iran,0.0,0.0
2026-07-13T04:04Z,Iraq,0.0,0.0
2026-07-13T04:04Z,Jordan,0.0,0.0
2026-07-13T04:04Z,Mexico,0.0,0.0
2026-07-13T04:04Z,New Zealand,0.0,0.0
2026-07-13T04:04Z,Panama,0.0,0.0
2026-07-13T04:04Z,Paraguay,0.0,0.0
2026-07-13T04:04Z,Qatar,0.0,0.0
2026-07-13T04:04Z,Saudi Arabia,0.0,0.0
2026-07-13T04:04Z,Scotland,0.0,0.0
2026-07-13T04:04Z,South Africa,0.0,0.0
2026-07-13T04:04Z,South Korea,0.0,0.0
2026-07-13T04:04Z,Sweden,0.0,0.0
2026-07-13T04:04Z,Tunisia,0.0,0.0
2026-07-13T04:04Z,United States,0.0,0.0
2026-07-13T04:04Z,Uruguay,0.0,0.0
2026-07-13T04:04Z,Uzbekistan,0.0,0.0
2026-07-13T04:04Z,England,0.109,0.2155
2026-07-13T04:04Z,France,0.135,0.3895
2026-07-13T07:43Z,Argentina,0.273,0.1765
2026-07-13T07:43Z,Portugal,0.054,0.0
2026-07-13T07:43Z,Spain,0.259,0.2075
2026-07-13T07:43Z,Brazil,0.027,0.0
2026-07-13T07:43Z,Netherlands,0.026,0.0
2026-07-13T07:43Z,Colombia,0.024,0.0
2026-07-13T07:43Z,Belgium,0.023,0.0
2026-07-13T07:43Z,Morocco,0.022,0.0
2026-07-13T07:43Z,Germany,0.013,0.0
2026-07-13T07:43Z,Norway,0.011,0.0
2026-07-13T07:43Z,Switzerland,0.007,0.0
2026-07-13T07:43Z,Ecuador,0.004,0.0
2026-07-13T07:43Z,Japan,0.004,0.0
2026-07-13T07:43Z,Australia,0.003,0.0
2026-07-13T07:43Z,Ivory Coast,0.003,0.0
2026-07-13T07:43Z,Algeria,0.001,0.0
2026-07-13T07:43Z,Canada,0.001,0.0
2026-07-13T07:43Z,Senegal,0.001,0.0
2026-07-13T07:43Z,Austria,0.0,0.0
2026-07-13T07:43Z,Bosnia and Herzegovina,0.0,0.0
2026-07-13T07:43Z,Cape Verde,0.0,0.0
2026-07-13T07:43Z,Croatia,0.0,0.0
2026-07-13T07:43Z,Curaçao,0.0,0.0
2026-07-13T07:43Z,Czech Republic,0.0,0.0
2026-07-13T07:43Z,DR Congo,0.0,0.0
2026-07-13T07:43Z,Egypt,0.0,0.0
2026-07-13T07:43Z,Ghana,0.0,0.0
2026-07-13T07:43Z,Haiti,0.0,0.0
2026-07-13T07:43Z,Iran,0.0,0.0
2026-07-13T07:43Z,Iraq,0.0,0.0
2026-07-13T07:43Z,Jordan,0.0,0.0
2026-07-13T07:43Z,Mexico,0.0,0.0
2026-07-13T07:43Z,New Zealand,0.0,0.0
2026-07-13T07:43Z,Panama,0.0,0.0
2026-07-13T07:43Z,Paraguay,0.0,0.0
2026-07-13T07:43Z,Qatar,0.0,0.0
2026-07-13T07:43Z,Saudi Arabia,0.0,0.0
2026-07-13T07:43Z,Scotland,0.0,0.0
2026-07-13T07:43Z,South Africa,0.0,0.0
2026-07-13T07:43Z,South Korea,0.0,0.0
2026-07-13T07:43Z,Sweden,0.0,0.0
2026-07-13T07:43Z,Tunisia,0.0,0.0
2026-07-13T07:43Z,United States,0.0,0.0
2026-07-13T07:43Z,Uruguay,0.0,0.0
2026-07-13T07:43Z,Uzbekistan,0.0,0.0
2026-07-13T07:43Z,England,0.109,0.2155
2026-07-13T07:43Z,France,0.135,0.3885
2026-07-13T10:54Z,Argentina,0.273,0.1745
2026-07-13T10:54Z,Portugal,0.054,0.0
2026-07-13T10:54Z,Spain,0.259,0.2075
2026-07-13T10:54Z,Brazil,0.027,0.0
2026-07-13T10:54Z,Netherlands,0.026,0.0
2026-07-13T10:54Z,Colombia,0.024,0.0
2026-07-13T10:54Z,Belgium,0.023,0.0
2026-07-13T10:54Z,Morocco,0.022,0.0
2026-07-13T10:54Z,Germany,0.013,0.0
2026-07-13T10:54Z,Norway,0.011,0.0
2026-07-13T10:54Z,Switzerland,0.007,0.0
2026-07-13T10:54Z,Ecuador,0.004,0.0
2026-07-13T10:54Z,Japan,0.004,0.0
2026-07-13T10:54Z,Australia,0.003,0.0
2026-07-13T10:54Z,Ivory Coast,0.003,0.0
2026-07-13T10:54Z,Algeria,0.001,0.0
2026-07-13T10:54Z,Canada,0.001,0.0
2026-07-13T10:54Z,Senegal,0.001,0.0
2026-07-13T10:54Z,Austria,0.0,0.0
2026-07-13T10:54Z,Bosnia and Herzegovina,0.0,0.0
2026-07-13T10:54Z,Cape Verde,0.0,0.0
2026-07-13T10:54Z,Croatia,0.0,0.0
2026-07-13T10:54Z,Curaçao,0.0,0.0
2026-07-13T10:54Z,Czech Republic,0.0,0.0
2026-07-13T10:54Z,DR Congo,0.0,0.0
2026-07-13T10:54Z,Egypt,0.0,0.0
2026-07-13T10:54Z,Ghana,0.0,0.0
2026-07-13T10:54Z,Haiti,0.0,0.0
2026-07-13T10:54Z,Iran,0.0,0.0
2026-07-13T10:54Z,Iraq,0.0,0.0
2026-07-13T10:54Z,Jordan,0.0,0.0
2026-07-13T10:54Z,Mexico,0.0,0.0
2026-07-13T10:54Z,New Zealand,0.0,0.0
2026-07-13T10:54Z,Panama,0.0,0.0
2026-07-13T10:54Z,Paraguay,0.0,0.0
2026-07-13T10:54Z,Qatar,0.0,0.0
2026-07-13T10:54Z,Saudi Arabia,0.0,0.0
2026-07-13T10:54Z,Scotland,0.0,0.0
2026-07-13T10:54Z,South Africa,0.0,0.0
2026-07-13T10:54Z,South Korea,0.0,0.0
2026-07-13T10:54Z,Sweden,0.0,0.0
2026-07-13T10:54Z,Tunisia,0.0,0.0
2026-07-13T10:54Z,United States,0.0,0.0
2026-07-13T10:54Z,Uruguay,0.0,0.0
2026-07-13T10:54Z,Uzbekistan,0.0,0.0
2026-07-13T10:54Z,England,0.109,0.2155
2026-07-13T10:54Z,France,0.135,0.3885
2026-07-13T13:15Z,Argentina,0.273,0.1745
2026-07-13T13:15Z,Portugal,0.054,0.0
2026-07-13T13:15Z,Spain,0.259,0.2085
2026-07-13T13:15Z,Brazil,0.027,0.0
2026-07-13T13:15Z,Netherlands,0.026,0.0
2026-07-13T13:15Z,Colombia,0.024,0.0
2026-07-13T13:15Z,Belgium,0.023,0.0
2026-07-13T13:15Z,Morocco,0.022,0.0
2026-07-13T13:15Z,Germany,0.013,0.0
2026-07-13T13:15Z,Norway,0.011,0.0
2026-07-13T13:15Z,Switzerland,0.007,0.0
2026-07-13T13:15Z,Ecuador,0.004,0.0
2026-07-13T13:15Z,Japan,0.004,0.0
2026-07-13T13:15Z,Australia,0.003,0.0
2026-07-13T13:15Z,Ivory Coast,0.003,0.0
2026-07-13T13:15Z,Algeria,0.001,0.0
2026-07-13T13:15Z,Canada,0.001,0.0
2026-07-13T13:15Z,Senegal,0.001,0.0
2026-07-13T13:15Z,Austria,0.0,0.0
2026-07-13T13:15Z,Bosnia and Herzegovina,0.0,0.0
2026-07-13T13:15Z,Cape Verde,0.0,0.0
2026-07-13T13:15Z,Croatia,0.0,0.0
2026-07-13T13:15Z,Curaçao,0.0,0.0
2026-07-13T13:15Z,Czech Republic,0.0,0.0
2026-07-13T13:15Z,DR Congo,0.0,0.0
2026-07-13T13:15Z,Egypt,0.0,0.0
2026-07-13T13:15Z,Ghana,0.0,0.0
2026-07-13T13:15Z,Haiti,0.0,0.0
2026-07-13T13:15Z,Iran,0.0,0.0
2026-07-13T13:15Z,Iraq,0.0,0.0
2026-07-13T13:15Z,Jordan,0.0,0.0
2026-07-13T13:15Z,Mexico,0.0,0.0
2026-07-13T13:15Z,New Zealand,0.0,0.0
2026-07-13T13:15Z,Panama,0.0,0.0
2026-07-13T13:15Z,Paraguay,0.0,0.0
2026-07-13T13:15Z,Qatar,0.0,0.0
2026-07-13T13:15Z,Saudi Arabia,0.0,0.0
2026-07-13T13:15Z,Scotland,0.0,0.0
2026-07-13T13:15Z,South Africa,0.0,0.0
2026-07-13T13:15Z,South Korea,0.0,0.0
2026-07-13T13:15Z,Sweden,0.0,0.0
2026-07-13T13:15Z,Tunisia,0.0,0.0
2026-07-13T13:15Z,United States,0.0,0.0
2026-07-13T13:15Z,Uruguay,0.0,0.0
2026-07-13T13:15Z,Uzbekistan,0.0,0.0
2026-07-13T13:15Z,England,0.109,0.2155
2026-07-13T13:15Z,France,0.135,0.3885
2026-07-13T16:01Z,Argentina,0.273,0.1675
2026-07-13T16:01Z,Portugal,0.054,0.0
2026-07-13T16:01Z,Spain,0.259,0.2095
2026-07-13T16:01Z,Brazil,0.027,0.0
2026-07-13T16:01Z,Netherlands,0.026,0.0
2026-07-13T16:01Z,Colombia,0.024,0.0
2026-07-13T16:01Z,Belgium,0.023,0.0
2026-07-13T16:01Z,Morocco,0.022,0.0
2026-07-13T16:01Z,Germany,0.013,0.0
2026-07-13T16:01Z,Norway,0.011,0.0
2026-07-13T16:01Z,Switzerland,0.007,0.0
2026-07-13T16:01Z,Ecuador,0.004,0.0
2026-07-13T16:01Z,Japan,0.004,0.0
2026-07-13T16:01Z,Australia,0.003,0.0
2026-07-13T16:01Z,Ivory Coast,0.003,0.0
2026-07-13T16:01Z,Algeria,0.001,0.0
2026-07-13T16:01Z,Canada,0.001,0.0
2026-07-13T16:01Z,Senegal,0.001,0.0
2026-07-13T16:01Z,Austria,0.0,0.0
2026-07-13T16:01Z,Bosnia and Herzegovina,0.0,0.0
2026-07-13T16:01Z,Cape Verde,0.0,0.0
2026-07-13T16:01Z,Croatia,0.0,0.0
2026-07-13T16:01Z,Curaçao,0.0,0.0
2026-07-13T16:01Z,Czech Republic,0.0,0.0
2026-07-13T16:01Z,DR Congo,0.0,0.0
2026-07-13T16:01Z,Egypt,0.0,0.0
2026-07-13T16:01Z,Ghana,0.0,0.0
2026-07-13T16:01Z,Haiti,0.0,0.0
2026-07-13T16:01Z,Iran,0.0,0.0
2026-07-13T16:01Z,Iraq,0.0,0.0
2026-07-13T16:01Z,Jordan,0.0,0.0
2026-07-13T16:01Z,Mexico,0.0,0.0
2026-07-13T16:01Z,New Zealand,0.0,0.0
2026-07-13T16:01Z,Panama,0.0,0.0
2026-07-13T16:01Z,Paraguay,0.0,0.0
2026-07-13T16:01Z,Qatar,0.0,0.0
2026-07-13T16:01Z,Saudi Arabia,0.0,0.0
2026-07-13T16:01Z,Scotland,0.0,0.0
2026-07-13T16:01Z,South Africa,0.0,0.0
2026-07-13T16:01Z,South Korea,0.0,0.0
2026-07-13T16:01Z,Sweden,0.0,0.0
2026-07-13T16:01Z,Tunisia,0.0,0.0
2026-07-13T16:01Z,United States,0.0,0.0
2026-07-13T16:01Z,Uruguay,0.0,0.0
2026-07-13T16:01Z,Uzbekistan,0.0,0.0
2026-07-13T16:01Z,England,0.109,0.2155
2026-07-13T16:01Z,France,0.135,0.3885
2026-07-13T17:59Z,Argentina,0.273,0.1705
2026-07-13T17:59Z,Portugal,0.054,0.0
2026-07-13T17:59Z,Spain,0.259,0.2105
2026-07-13T17:59Z,Brazil,0.027,0.0
2026-07-13T17:59Z,Netherlands,0.026,0.0
2026-07-13T17:59Z,Colombia,0.024,0.0
2026-07-13T17:59Z,Belgium,0.023,0.0
2026-07-13T17:59Z,Morocco,0.022,0.0
2026-07-13T17:59Z,Germany,0.013,0.0
2026-07-13T17:59Z,Norway,0.011,0.0
2026-07-13T17:59Z,Switzerland,0.007,0.0
2026-07-13T17:59Z,Ecuador,0.004,0.0
2026-07-13T17:59Z,Japan,0.004,0.0
2026-07-13T17:59Z,Australia,0.003,0.0
2026-07-13T17:59Z,Ivory Coast,0.003,0.0
2026-07-13T17:59Z,Algeria,0.001,0.0
2026-07-13T17:59Z,Canada,0.001,0.0
2026-07-13T17:59Z,Senegal,0.001,0.0
2026-07-13T17:59Z,Austria,0.0,0.0
2026-07-13T17:59Z,Bosnia and Herzegovina,0.0,0.0
2026-07-13T17:59Z,Cape Verde,0.0,0.0
2026-07-13T17:59Z,Croatia,0.0,0.0
2026-07-13T17:59Z,Curaçao,0.0,0.0
2026-07-13T17:59Z,Czech Republic,0.0,0.0
2026-07-13T17:59Z,DR Congo,0.0,0.0
2026-07-13T17:59Z,Egypt,0.0,0.0
2026-07-13T17:59Z,Ghana,0.0,0.0
2026-07-13T17:59Z,Haiti,0.0,0.0
2026-07-13T17:59Z,Iran,0.0,0.0
2026-07-13T17:59Z,Iraq,0.0,0.0
2026-07-13T17:59Z,Jordan,0.0,0.0
2026-07-13T17:59Z,Mexico,0.0,0.0
2026-07-13T17:59Z,New Zealand,0.0,0.0
2026-07-13T17:59Z,Panama,0.0,0.0
2026-07-13T17:59Z,Paraguay,0.0,0.0
2026-07-13T17:59Z,Qatar,0.0,0.0
2026-07-13T17:59Z,Saudi Arabia,0.0,0.0
2026-07-13T17:59Z,Scotland,0.0,0.0
2026-07-13T17:59Z,South Africa,0.0,0.0
2026-07-13T17:59Z,South Korea,0.0,0.0
2026-07-13T17:59Z,Sweden,0.0,0.0
2026-07-13T17:59Z,Tunisia,0.0,0.0
2026-07-13T17:59Z,United States,0.0,0.0
2026-07-13T17:59Z,Uruguay,0.0,0.0
2026-07-13T17:59Z,Uzbekistan,0.0,0.0
2026-07-13T17:59Z,England,0.109,0.2155
2026-07-13T17:59Z,France,0.135,0.3885
2026-07-13T19:24Z,Argentina,0.273,0.1715
2026-07-13T19:24Z,Portugal,0.054,0.0
2026-07-13T19:24Z,Spain,0.259,0.2105
2026-07-13T19:24Z,Brazil,0.027,0.0
2026-07-13T19:24Z,Netherlands,0.026,0.0
2026-07-13T19:24Z,Colombia,0.024,0.0
2026-07-13T19:24Z,Belgium,0.023,0.0
2026-07-13T19:24Z,Morocco,0.022,0.0
2026-07-13T19:24Z,Germany,0.013,0.0
2026-07-13T19:24Z,Norway,0.011,0.0
2026-07-13T19:24Z,Switzerland,0.007,0.0
2026-07-13T19:24Z,Ecuador,0.004,0.0
2026-07-13T19:24Z,Japan,0.004,0.0
2026-07-13T19:24Z,Australia,0.003,0.0
2026-07-13T19:24Z,Ivory Coast,0.003,0.0
2026-07-13T19:24Z,Algeria,0.001,0.0
2026-07-13T19:24Z,Canada,0.001,0.0
2026-07-13T19:24Z,Senegal,0.001,0.0
2026-07-13T19:24Z,Austria,0.0,0.0
2026-07-13T19:24Z,Bosnia and Herzegovina,0.0,0.0
2026-07-13T19:24Z,Cape Verde,0.0,0.0
2026-07-13T19:24Z,Croatia,0.0,0.0
2026-07-13T19:24Z,Curaçao,0.0,0.0
2026-07-13T19:24Z,Czech Republic,0.0,0.0
2026-07-13T19:24Z,DR Congo,0.0,0.0
2026-07-13T19:24Z,Egypt,0.0,0.0
2026-07-13T19:24Z,Ghana,0.0,0.0
2026-07-13T19:24Z,Haiti,0.0,0.0
2026-07-13T19:24Z,Iran,0.0,0.0
2026-07-13T19:24Z,Iraq,0.0,0.0
2026-07-13T19:24Z,Jordan,0.0,0.0
2026-07-13T19:24Z,Mexico,0.0,0.0
2026-07-13T19:24Z,New Zealand,0.0,0.0
2026-07-13T19:24Z,Panama,0.0,0.0
2026-07-13T19:24Z,Paraguay,0.0,0.0
2026-07-13T19:24Z,Qatar,0.0,0.0
2026-07-13T19:24Z,Saudi Arabia,0.0,0.0
2026-07-13T19:24Z,Scotland,0.0,0.0
2026-07-13T19:24Z,South Africa,0.0,0.0
2026-07-13T19:24Z,South Korea,0.0,0.0
2026-07-13T19:24Z,Sweden,0.0,0.0
2026-07-13T19:24Z,Tunisia,0.0,0.0
2026-07-13T19:24Z,United States,0.0,0.0
2026-07-13T19:24Z,Uruguay,0.0,0.0
2026-07-13T19:24Z,Uzbekistan,0.0,0.0
2026-07-13T19:24Z,England,0.109,0.2225
2026-07-13T19:24Z,France,0.135,0.3885
2026-07-13T20:43Z,Argentina,0.273,0.1735
2026-07-13T20:43Z,Portugal,0.054,0.0
2026-07-13T20:43Z,Spain,0.259,0.2115
2026-07-13T20:43Z,Brazil,0.027,0.0
2026-07-13T20:43Z,Netherlands,0.026,0.0
2026-07-13T20:43Z,Colombia,0.024,0.0
2026-07-13T20:43Z,Belgium,0.023,0.0
2026-07-13T20:43Z,Morocco,0.022,0.0
2026-07-13T20:43Z,Germany,0.013,0.0
2026-07-13T20:43Z,Norway,0.011,0.0
2026-07-13T20:43Z,Switzerland,0.007,0.0
2026-07-13T20:43Z,Ecuador,0.004,0.0
2026-07-13T20:43Z,Japan,0.004,0.0
2026-07-13T20:43Z,Australia,0.003,0.0
2026-07-13T20:43Z,Ivory Coast,0.003,0.0
2026-07-13T20:43Z,Algeria,0.001,0.0
2026-07-13T20:43Z,Canada,0.001,0.0
2026-07-13T20:43Z,Senegal,0.001,0.0
2026-07-13T20:43Z,Austria,0.0,0.0
2026-07-13T20:43Z,Bosnia and Herzegovina,0.0,0.0
2026-07-13T20:43Z,Cape Verde,0.0,0.0
2026-07-13T20:43Z,Croatia,0.0,0.0
2026-07-13T20:43Z,Curaçao,0.0,0.0
2026-07-13T20:43Z,Czech Republic,0.0,0.0
2026-07-13T20:43Z,DR Congo,0.0,0.0
2026-07-13T20:43Z,Egypt,0.0,0.0
2026-07-13T20:43Z,Ghana,0.0,0.0
2026-07-13T20:43Z,Haiti,0.0,0.0
2026-07-13T20:43Z,Iran,0.0,0.0
2026-07-13T20:43Z,Iraq,0.0,0.0
2026-07-13T20:43Z,Jordan,0.0,0.0
2026-07-13T20:43Z,Mexico,0.0,0.0
2026-07-13T20:43Z,New Zealand,0.0,0.0
2026-07-13T20:43Z,Panama,0.0,0.0
2026-07-13T20:43Z,Paraguay,0.0,0.0
2026-07-13T20:43Z,Qatar,0.0,0.0
2026-07-13T20:43Z,Saudi Arabia,0.0,0.0
2026-07-13T20:43Z,Scotland,0.0,0.0
2026-07-13T20:43Z,South Africa,0.0,0.0
2026-07-13T20:43Z,South Korea,0.0,0.0
2026-07-13T20:43Z,Sweden,0.0,0.0
2026-07-13T20:43Z,Tunisia,0.0,0.0
2026-07-13T20:43Z,United States,0.0,0.0
2026-07-13T20:43Z,Uruguay,0.0,0.0
2026-07-13T20:43Z,Uzbekistan,0.0,0.0
2026-07-13T20:43Z,England,0.109,0.2215
2026-07-13T20:43Z,France,0.135,0.3895
2026-07-13T21:50Z,Argentina,0.273,0.1745
2026-07-13T21:50Z,Portugal,0.054,0.0
2026-07-13T21:50Z,Spain,0.259,0.2125
2026-07-13T21:50Z,Brazil,0.027,0.0
2026-07-13T21:50Z,Netherlands,0.026,0.0
2026-07-13T21:50Z,Colombia,0.024,0.0
2026-07-13T21:50Z,Belgium,0.023,0.0
2026-07-13T21:50Z,Morocco,0.022,0.0
2026-07-13T21:50Z,Germany,0.013,0.0
2026-07-13T21:50Z,Norway,0.011,0.0
2026-07-13T21:50Z,Switzerland,0.007,0.0
2026-07-13T21:50Z,Ecuador,0.004,0.0
2026-07-13T21:50Z,Japan,0.004,0.0
2026-07-13T21:50Z,Australia,0.003,0.0
2026-07-13T21:50Z,Ivory Coast,0.003,0.0
2026-07-13T21:50Z,Algeria,0.001,0.0
2026-07-13T21:50Z,Canada,0.001,0.0
2026-07-13T21:50Z,Senegal,0.001,0.0
2026-07-13T21:50Z,Austria,0.0,0.0
2026-07-13T21:50Z,Bosnia and Herzegovina,0.0,0.0
2026-07-13T21:50Z,Cape Verde,0.0,0.0
2026-07-13T21:50Z,Croatia,0.0,0.0
2026-07-13T21:50Z,Curaçao,0.0,0.0
2026-07-13T21:50Z,Czech Republic,0.0,0.0
2026-07-13T21:50Z,DR Congo,0.0,0.0
2026-07-13T21:50Z,Egypt,0.0,0.0
2026-07-13T21:50Z,Ghana,0.0,0.0
2026-07-13T21:50Z,Haiti,0.0,0.0
2026-07-13T21:50Z,Iran,0.0,0.0
2026-07-13T21:50Z,Iraq,0.0,0.0
2026-07-13T21:50Z,Jordan,0.0,0.0
2026-07-13T21:50Z,Mexico,0.0,0.0
2026-07-13T21:50Z,New Zealand,0.0,0.0
2026-07-13T21:50Z,Panama,0.0,0.0
2026-07-13T21:50Z,Paraguay,0.0,0.0
2026-07-13T21:50Z,Qatar,0.0,0.0
2026-07-13T21:50Z,Saudi Arabia,0.0,0.0
2026-07-13T21:50Z,Scotland,0.0,0.0
2026-07-13T21:50Z,South Africa,0.0,0.0
2026-07-13T21:50Z,South Korea,0.0,0.0
2026-07-13T21:50Z,Sweden,0.0,0.0
2026-07-13T21:50Z,Tunisia,0.0,0.0
2026-07-13T21:50Z,United States,0.0,0.0
2026-07-13T21:50Z,Uruguay,0.0,0.0
2026-07-13T21:50Z,Uzbekistan,0.0,0.0
2026-07-13T21:50Z,England,0.109,0.2215
2026-07-13T21:50Z,France,0.135,0.3895
2026-07-13T22:50Z,Argentina,0.273,0.1745
2026-07-13T22:50Z,Portugal,0.054,0.0
2026-07-13T22:50Z,Spain,0.259,0.2125
2026-07-13T22:50Z,Brazil,0.027,0.0
2026-07-13T22:50Z,Netherlands,0.026,0.0
2026-07-13T22:50Z,Colombia,0.024,0.0
2026-07-13T22:50Z,Belgium,0.023,0.0
2026-07-13T22:50Z,Morocco,0.022,0.0
2026-07-13T22:50Z,Germany,0.013,0.0
2026-07-13T22:50Z,Norway,0.011,0.0
2026-07-13T22:50Z,Switzerland,0.007,0.0
2026-07-13T22:50Z,Ecuador,0.004,0.0
2026-07-13T22:50Z,Japan,0.004,0.0
2026-07-13T22:50Z,Australia,0.003,0.0
2026-07-13T22:50Z,Ivory Coast,0.003,0.0
2026-07-13T22:50Z,Algeria,0.001,0.0
2026-07-13T22:50Z,Canada,0.001,0.0
2026-07-13T22:50Z,Senegal,0.001,0.0
2026-07-13T22:50Z,Austria,0.0,0.0
2026-07-13T22:50Z,Bosnia and Herzegovina,0.0,0.0
2026-07-13T22:50Z,Cape Verde,0.0,0.0
2026-07-13T22:50Z,Croatia,0.0,0.0
2026-07-13T22:50Z,Curaçao,0.0,0.0
2026-07-13T22:50Z,Czech Republic,0.0,0.0
2026-07-13T22:50Z,DR Congo,0.0,0.0
2026-07-13T22:50Z,Egypt,0.0,0.0
2026-07-13T22:50Z,Ghana,0.0,0.0
2026-07-13T22:50Z,Haiti,0.0,0.0
2026-07-13T22:50Z,Iran,0.0,0.0
2026-07-13T22:50Z,Iraq,0.0,0.0
2026-07-13T22:50Z,Jordan,0.0,0.0
2026-07-13T22:50Z,Mexico,0.0,0.0
2026-07-13T22:50Z,New Zealand,0.0,0.0
2026-07-13T22:50Z,Panama,0.0,0.0
2026-07-13T22:50Z,Paraguay,0.0,0.0
2026-07-13T22:50Z,Qatar,0.0,0.0
2026-07-13T22:50Z,Saudi Arabia,0.0,0.0
2026-07-13T22:50Z,Scotland,0.0,0.0
2026-07-13T22:50Z,South Africa,0.0,0.0
2026-07-13T22:50Z,South Korea,0.0,0.0
2026-07-13T22:50Z,Sweden,0.0,0.0
2026-07-13T22:50Z,Tunisia,0.0,0.0
2026-07-13T22:50Z,United States,0.0,0.0
2026-07-13T22:50Z,Uruguay,0.0,0.0
2026-07-13T22:50Z,Uzbekistan,0.0,0.0
2026-07-13T22:50Z,England,0.109,0.2225
2026-07-13T22:50Z,France,0.135,0.3895
2026-07-13T23:47Z,Argentina,0.273,0.1745
2026-07-13T23:47Z,Portugal,0.054,0.0
2026-07-13T23:47Z,Spain,0.259,0.2125
2026-07-13T23:47Z,Brazil,0.027,0.0
2026-07-13T23:47Z,Netherlands,0.026,0.0
2026-07-13T23:47Z,Colombia,0.024,0.0
2026-07-13T23:47Z,Belgium,0.023,0.0
2026-07-13T23:47Z,Morocco,0.022,0.0
2026-07-13T23:47Z,Germany,0.013,0.0
2026-07-13T23:47Z,Norway,0.011,0.0
2026-07-13T23:47Z,Switzerland,0.007,0.0
2026-07-13T23:47Z,Ecuador,0.004,0.0
2026-07-13T23:47Z,Japan,0.004,0.0
2026-07-13T23:47Z,Australia,0.003,0.0
2026-07-13T23:47Z,Ivory Coast,0.003,0.0
2026-07-13T23:47Z,Algeria,0.001,0.0
2026-07-13T23:47Z,Canada,0.001,0.0
2026-07-13T23:47Z,Senegal,0.001,0.0
2026-07-13T23:47Z,Austria,0.0,0.0
2026-07-13T23:47Z,Bosnia and Herzegovina,0.0,0.0
2026-07-13T23:47Z,Cape Verde,0.0,0.0
2026-07-13T23:47Z,Croatia,0.0,0.0
2026-07-13T23:47Z,Curaçao,0.0,0.0
2026-07-13T23:47Z,Czech Republic,0.0,0.0
2026-07-13T23:47Z,DR Congo,0.0,0.0
2026-07-13T23:47Z,Egypt,0.0,0.0
2026-07-13T23:47Z,Ghana,0.0,0.0
2026-07-13T23:47Z,Haiti,0.0,0.0
2026-07-13T23:47Z,Iran,0.0,0.0
2026-07-13T23:47Z,Iraq,0.0,0.0
2026-07-13T23:47Z,Jordan,0.0,0.0
2026-07-13T23:47Z,Mexico,0.0,0.0
2026-07-13T23:47Z,New Zealand,0.0,0.0
2026-07-13T23:47Z,Panama,0.0,0.0
2026-07-13T23:47Z,Paraguay,0.0,0.0
2026-07-13T23:47Z,Qatar,0.0,0.0
2026-07-13T23:47Z,Saudi Arabia,0.0,0.0
2026-07-13T23:47Z,Scotland,0.0,0.0
2026-07-13T23:47Z,South Africa,0.0,0.0
2026-07-13T23:47Z,South Korea,0.0,0.0
2026-07-13T23:47Z,Sweden,0.0,0.0
2026-07-13T23:47Z,Tunisia,0.0,0.0
2026-07-13T23:47Z,United States,0.0,0.0
2026-07-13T23:47Z,Uruguay,0.0,0.0
2026-07-13T23:47Z,Uzbekistan,0.0,0.0
2026-07-13T23:47Z,England,0.109,0.2225
2026-07-13T23:47Z,France,0.135,0.3895
2026-07-14T01:49Z,Argentina,0.273,0.1745
2026-07-14T01:49Z,Portugal,0.054,0.0
2026-07-14T01:49Z,Spain,0.259,0.2115
2026-07-14T01:49Z,Brazil,0.027,0.0
2026-07-14T01:49Z,Netherlands,0.026,0.0
2026-07-14T01:49Z,Colombia,0.024,0.0
2026-07-14T01:49Z,Belgium,0.023,0.0
2026-07-14T01:49Z,Morocco,0.022,0.0
2026-07-14T01:49Z,Germany,0.013,0.0
2026-07-14T01:49Z,Norway,0.011,0.0
2026-07-14T01:49Z,Switzerland,0.007,0.0
2026-07-14T01:49Z,Ecuador,0.004,0.0
2026-07-14T01:49Z,Japan,0.004,0.0
2026-07-14T01:49Z,Australia,0.003,0.0
2026-07-14T01:49Z,Ivory Coast,0.003,0.0
2026-07-14T01:49Z,Algeria,0.001,0.0
2026-07-14T01:49Z,Canada,0.001,0.0
2026-07-14T01:49Z,Senegal,0.001,0.0
2026-07-14T01:49Z,Austria,0.0,0.0
2026-07-14T01:49Z,Bosnia and Herzegovina,0.0,0.0
2026-07-14T01:49Z,Cape Verde,0.0,0.0
2026-07-14T01:49Z,Croatia,0.0,0.0
2026-07-14T01:49Z,Curaçao,0.0,0.0
2026-07-14T01:49Z,Czech Republic,0.0,0.0
2026-07-14T01:49Z,DR Congo,0.0,0.0
2026-07-14T01:49Z,Egypt,0.0,0.0
2026-07-14T01:49Z,Ghana,0.0,0.0
2026-07-14T01:49Z,Haiti,0.0,0.0
2026-07-14T01:49Z,Iran,0.0,0.0
2026-07-14T01:49Z,Iraq,0.0,0.0
2026-07-14T01:49Z,Jordan,0.0,0.0
2026-07-14T01:49Z,Mexico,0.0,0.0
2026-07-14T01:49Z,New Zealand,0.0,0.0
2026-07-14T01:49Z,Panama,0.0,0.0
2026-07-14T01:49Z,Paraguay,0.0,0.0
2026-07-14T01:49Z,Qatar,0.0,0.0
2026-07-14T01:49Z,Saudi Arabia,0.0,0.0
2026-07-14T01:49Z,Scotland,0.0,0.0
2026-07-14T01:49Z,South Africa,0.0,0.0
2026-07-14T01:49Z,South Korea,0.0,0.0
2026-07-14T01:49Z,Sweden,0.0,0.0
2026-07-14T01:49Z,Tunisia,0.0,0.0
2026-07-14T01:49Z,United States,0.0,0.0
2026-07-14T01:49Z,Uruguay,0.0,0.0
2026-07-14T01:49Z,Uzbekistan,0.0,0.0
2026-07-14T01:49Z,England,0.109,0.2175
2026-07-14T01:49Z,France,0.135,0.3895
2026-07-14T04:46Z,Argentina,0.273,0.1735
2026-07-14T04:46Z,Portugal,0.054,0.0
2026-07-14T04:46Z,Spain,0.259,0.2115
2026-07-14T04:46Z,Brazil,0.027,0.0
2026-07-14T04:46Z,Netherlands,0.026,0.0
2026-07-14T04:46Z,Colombia,0.024,0.0
2026-07-14T04:46Z,Belgium,0.023,0.0
2026-07-14T04:46Z,Morocco,0.022,0.0
2026-07-14T04:46Z,Germany,0.013,0.0
2026-07-14T04:46Z,Norway,0.011,0.0
2026-07-14T04:46Z,Switzerland,0.007,0.0
2026-07-14T04:46Z,Ecuador,0.004,0.0
2026-07-14T04:46Z,Japan,0.004,0.0
2026-07-14T04:46Z,Australia,0.003,0.0
2026-07-14T04:46Z,Ivory Coast,0.003,0.0
2026-07-14T04:46Z,Algeria,0.001,0.0
2026-07-14T04:46Z,Canada,0.001,0.0
2026-07-14T04:46Z,Senegal,0.001,0.0
2026-07-14T04:46Z,Austria,0.0,0.0
2026-07-14T04:46Z,Bosnia and Herzegovina,0.0,0.0
2026-07-14T04:46Z,Cape Verde,0.0,0.0
2026-07-14T04:46Z,Croatia,0.0,0.0
2026-07-14T04:46Z,Curaçao,0.0,0.0
2026-07-14T04:46Z,Czech Republic,0.0,0.0
2026-07-14T04:46Z,DR Congo,0.0,0.0
2026-07-14T04:46Z,Egypt,0.0,0.0
2026-07-14T04:46Z,Ghana,0.0,0.0
2026-07-14T04:46Z,Haiti,0.0,0.0
2026-07-14T04:46Z,Iran,0.0,0.0
2026-07-14T04:46Z,Iraq,0.0,0.0
2026-07-14T04:46Z,Jordan,0.0,0.0
2026-07-14T04:46Z,Mexico,0.0,0.0
2026-07-14T04:46Z,New Zealand,0.0,0.0
2026-07-14T04:46Z,Panama,0.0,0.0
2026-07-14T04:46Z,Paraguay,0.0,0.0
2026-07-14T04:46Z,Qatar,0.0,0.0
2026-07-14T04:46Z,Saudi Arabia,0.0,0.0
2026-07-14T04:46Z,Scotland,0.0,0.0
2026-07-14T04:46Z,South Africa,0.0,0.0
2026-07-14T04:46Z,South Korea,0.0,0.0
2026-07-14T04:46Z,Sweden,0.0,0.0
2026-07-14T04:46Z,Tunisia,0.0,0.0
2026-07-14T04:46Z,United States,0.0,0.0
2026-07-14T04:46Z,Uruguay,0.0,0.0
2026-07-14T04:46Z,Uzbekistan,0.0,0.0
2026-07-14T04:46Z,England,0.109,0.2155
2026-07-14T04:46Z,France,0.135,0.3895
2026-07-14T07:08Z,Argentina,0.273,0.1735
2026-07-14T07:08Z,Portugal,0.054,0.0
2026-07-14T07:08Z,Spain,0.259,0.2115
2026-07-14T07:08Z,Brazil,0.027,0.0
2026-07-14T07:08Z,Netherlands,0.026,0.0
2026-07-14T07:08Z,Colombia,0.024,0.0
2026-07-14T07:08Z,Belgium,0.023,0.0
2026-07-14T07:08Z,Morocco,0.022,0.0
2026-07-14T07:08Z,Germany,0.013,0.0
2026-07-14T07:08Z,Norway,0.011,0.0
2026-07-14T07:08Z,Switzerland,0.007,0.0
2026-07-14T07:08Z,Ecuador,0.004,0.0
2026-07-14T07:08Z,Japan,0.004,0.0
2026-07-14T07:08Z,Australia,0.003,0.0
2026-07-14T07:08Z,Ivory Coast,0.003,0.0
2026-07-14T07:08Z,Algeria,0.001,0.0
2026-07-14T07:08Z,Canada,0.001,0.0
2026-07-14T07:08Z,Senegal,0.001,0.0
2026-07-14T07:08Z,Austria,0.0,0.0
2026-07-14T07:08Z,Bosnia and Herzegovina,0.0,0.0
2026-07-14T07:08Z,Cape Verde,0.0,0.0
2026-07-14T07:08Z,Croatia,0.0,0.0
2026-07-14T07:08Z,Curaçao,0.0,0.0
2026-07-14T07:08Z,Czech Republic,0.0,0.0
2026-07-14T07:08Z,DR Congo,0.0,0.0
2026-07-14T07:08Z,Egypt,0.0,0.0
2026-07-14T07:08Z,Ghana,0.0,0.0
2026-07-14T07:08Z,Haiti,0.0,0.0
2026-07-14T07:08Z,Iran,0.0,0.0
2026-07-14T07:08Z,Iraq,0.0,0.0
2026-07-14T07:08Z,Jordan,0.0,0.0
2026-07-14T07:08Z,Mexico,0.0,0.0
2026-07-14T07:08Z,New Zealand,0.0,0.0
2026-07-14T07:08Z,Panama,0.0,0.0
2026-07-14T07:08Z,Paraguay,0.0,0.0
2026-07-14T07:08Z,Qatar,0.0,0.0
2026-07-14T07:08Z,Saudi Arabia,0.0,0.0
2026-07-14T07:08Z,Scotland,0.0,0.0
2026-07-14T07:08Z,South Africa,0.0,0.0
2026-07-14T07:08Z,South Korea,0.0,0.0
2026-07-14T07:08Z,Sweden,0.0,0.0
2026-07-14T07:08Z,Tunisia,0.0,0.0
2026-07-14T07:08Z,United States,0.0,0.0
2026-07-14T07:08Z,Uruguay,0.0,0.0
2026-07-14T07:08Z,Uzbekistan,0.0,0.0
2026-07-14T07:08Z,England,0.109,0.2155
2026-07-14T07:08Z,France,0.135,0.3895
2026-07-14T09:20Z,Argentina,0.273,0.1735
2026-07-14T09:20Z,Portugal,0.054,0.0
2026-07-14T09:20Z,Spain,0.259,0.2125
2026-07-14T09:20Z,Brazil,0.027,0.0
2026-07-14T09:20Z,Netherlands,0.026,0.0
2026-07-14T09:20Z,Colombia,0.024,0.0
2026-07-14T09:20Z,Belgium,0.023,0.0
2026-07-14T09:20Z,Morocco,0.022,0.0
2026-07-14T09:20Z,Germany,0.013,0.0
2026-07-14T09:20Z,Norway,0.011,0.0
2026-07-14T09:20Z,Switzerland,0.007,0.0
2026-07-14T09:20Z,Ecuador,0.004,0.0
2026-07-14T09:20Z,Japan,0.004,0.0
2026-07-14T09:20Z,Australia,0.003,0.0
2026-07-14T09:20Z,Ivory Coast,0.003,0.0
2026-07-14T09:20Z,Algeria,0.001,0.0
2026-07-14T09:20Z,Canada,0.001,0.0
2026-07-14T09:20Z,Senegal,0.001,0.0
2026-07-14T09:20Z,Austria,0.0,0.0
2026-07-14T09:20Z,Bosnia and Herzegovina,0.0,0.0
2026-07-14T09:20Z,Cape Verde,0.0,0.0
2026-07-14T09:20Z,Croatia,0.0,0.0
2026-07-14T09:20Z,Curaçao,0.0,0.0
2026-07-14T09:20Z,Czech Republic,0.0,0.0
2026-07-14T09:20Z,DR Congo,0.0,0.0
2026-07-14T09:20Z,Egypt,0.0,0.0
2026-07-14T09:20Z,Ghana,0.0,0.0
2026-07-14T09:20Z,Haiti,0.0,0.0
2026-07-14T09:20Z,Iran,0.0,0.0
2026-07-14T09:20Z,Iraq,0.0,0.0
2026-07-14T09:20Z,Jordan,0.0,0.0
2026-07-14T09:20Z,Mexico,0.0,0.0
2026-07-14T09:20Z,New Zealand,0.0,0.0
2026-07-14T09:20Z,Panama,0.0,0.0
2026-07-14T09:20Z,Paraguay,0.0,0.0
2026-07-14T09:20Z,Qatar,0.0,0.0
2026-07-14T09:20Z,Saudi Arabia,0.0,0.0
2026-07-14T09:20Z,Scotland,0.0,0.0
2026-07-14T09:20Z,South Africa,0.0,0.0
2026-07-14T09:20Z,South Korea,0.0,0.0
2026-07-14T09:20Z,Sweden,0.0,0.0
2026-07-14T09:20Z,Tunisia,0.0,0.0
2026-07-14T09:20Z,United States,0.0,0.0
2026-07-14T09:20Z,Uruguay,0.0,0.0
2026-07-14T09:20Z,Uzbekistan,0.0,0.0
2026-07-14T09:20Z,England,0.109,0.2155
2026-07-14T09:20Z,France,0.135,0.3935
2026-07-14T10:59Z,Argentina,0.273,0.1735
2026-07-14T10:59Z,Portugal,0.054,0.0
2026-07-14T10:59Z,Spain,0.259,0.2135
2026-07-14T10:59Z,Brazil,0.027,0.0
2026-07-14T10:59Z,Netherlands,0.026,0.0
2026-07-14T10:59Z,Colombia,0.024,0.0
2026-07-14T10:59Z,Belgium,0.023,0.0
2026-07-14T10:59Z,Morocco,0.022,0.0
2026-07-14T10:59Z,Germany,0.013,0.0
2026-07-14T10:59Z,Norway,0.011,0.0
2026-07-14T10:59Z,Switzerland,0.007,0.0
2026-07-14T10:59Z,Ecuador,0.004,0.0
2026-07-14T10:59Z,Japan,0.004,0.0
2026-07-14T10:59Z,Australia,0.003,0.0
2026-07-14T10:59Z,Ivory Coast,0.003,0.0
2026-07-14T10:59Z,Algeria,0.001,0.0
2026-07-14T10:59Z,Canada,0.001,0.0
2026-07-14T10:59Z,Senegal,0.001,0.0
2026-07-14T10:59Z,Austria,0.0,0.0
2026-07-14T10:59Z,Bosnia and Herzegovina,0.0,0.0
2026-07-14T10:59Z,Cape Verde,0.0,0.0
2026-07-14T10:59Z,Croatia,0.0,0.0
2026-07-14T10:59Z,Curaçao,0.0,0.0
2026-07-14T10:59Z,Czech Republic,0.0,0.0
2026-07-14T10:59Z,DR Congo,0.0,0.0
2026-07-14T10:59Z,Egypt,0.0,0.0
2026-07-14T10:59Z,Ghana,0.0,0.0
2026-07-14T10:59Z,Haiti,0.0,0.0
2026-07-14T10:59Z,Iran,0.0,0.0
2026-07-14T10:59Z,Iraq,0.0,0.0
2026-07-14T10:59Z,Jordan,0.0,0.0
2026-07-14T10:59Z,Mexico,0.0,0.0
2026-07-14T10:59Z,New Zealand,0.0,0.0
2026-07-14T10:59Z,Panama,0.0,0.0
2026-07-14T10:59Z,Paraguay,0.0,0.0
2026-07-14T10:59Z,Qatar,0.0,0.0
2026-07-14T10:59Z,Saudi Arabia,0.0,0.0
2026-07-14T10:59Z,Scotland,0.0,0.0
2026-07-14T10:59Z,South Africa,0.0,0.0
2026-07-14T10:59Z,South Korea,0.0,0.0
2026-07-14T10:59Z,Sweden,0.0,0.0
2026-07-14T10:59Z,Tunisia,0.0,0.0
2026-07-14T10:59Z,United States,0.0,0.0
2026-07-14T10:59Z,Uruguay,0.0,0.0
2026-07-14T10:59Z,Uzbekistan,0.0,0.0
2026-07-14T10:59Z,England,0.109,0.2165
2026-07-14T10:59Z,France,0.135,0.3905
2026-07-14T12:14Z,Argentina,0.273,0.1745
2026-07-14T12:14Z,Portugal,0.054,0.0
2026-07-14T12:14Z,Spain,0.259,0.2135
2026-07-14T12:14Z,Brazil,0.027,0.0
2026-07-14T12:14Z,Netherlands,0.026,0.0
2026-07-14T12:14Z,Colombia,0.024,0.0
2026-07-14T12:14Z,Belgium,0.023,0.0
2026-07-14T12:14Z,Morocco,0.022,0.0
2026-07-14T12:14Z,Germany,0.013,0.0
2026-07-14T12:14Z,Norway,0.011,0.0
2026-07-14T12:14Z,Switzerland,0.007,0.0
2026-07-14T12:14Z,Ecuador,0.004,0.0
2026-07-14T12:14Z,Japan,0.004,0.0
2026-07-14T12:14Z,Australia,0.003,0.0
2026-07-14T12:14Z,Ivory Coast,0.003,0.0
2026-07-14T12:14Z,Algeria,0.001,0.0
2026-07-14T12:14Z,Canada,0.001,0.0
2026-07-14T12:14Z,Senegal,0.001,0.0
2026-07-14T12:14Z,Austria,0.0,0.0
2026-07-14T12:14Z,Bosnia and Herzegovina,0.0,0.0
2026-07-14T12:14Z,Cape Verde,0.0,0.0
2026-07-14T12:14Z,Croatia,0.0,0.0
2026-07-14T12:14Z,Curaçao,0.0,0.0
2026-07-14T12:14Z,Czech Republic,0.0,0.0
2026-07-14T12:14Z,DR Congo,0.0,0.0
2026-07-14T12:14Z,Egypt,0.0,0.0
2026-07-14T12:14Z,Ghana,0.0,0.0
2026-07-14T12:14Z,Haiti,0.0,0.0
2026-07-14T12:14Z,Iran,0.0,0.0
2026-07-14T12:14Z,Iraq,0.0,0.0
2026-07-14T12:14Z,Jordan,0.0,0.0
2026-07-14T12:14Z,Mexico,0.0,0.0
2026-07-14T12:14Z,New Zealand,0.0,0.0
2026-07-14T12:14Z,Panama,0.0,0.0
2026-07-14T12:14Z,Paraguay,0.0,0.0
2026-07-14T12:14Z,Qatar,0.0,0.0
2026-07-14T12:14Z,Saudi Arabia,0.0,0.0
2026-07-14T12:14Z,Scotland,0.0,0.0
2026-07-14T12:14Z,South Africa,0.0,0.0
2026-07-14T12:14Z,South Korea,0.0,0.0
2026-07-14T12:14Z,Sweden,0.0,0.0
2026-07-14T12:14Z,Tunisia,0.0,0.0
2026-07-14T12:14Z,United States,0.0,0.0
2026-07-14T12:14Z,Uruguay,0.0,0.0
2026-07-14T12:14Z,Uzbekistan,0.0,0.0
2026-07-14T12:14Z,England,0.109,0.2155
2026-07-14T12:14Z,France,0.135,0.3905
2026-07-14T14:16Z,Argentina,0.273,0.1735
2026-07-14T14:16Z,Portugal,0.054,0.0
2026-07-14T14:16Z,Spain,0.259,0.2175
2026-07-14T14:16Z,Brazil,0.027,0.0
2026-07-14T14:16Z,Netherlands,0.026,0.0
2026-07-14T14:16Z,Colombia,0.024,0.0
2026-07-14T14:16Z,Belgium,0.023,0.0
2026-07-14T14:16Z,Morocco,0.022,0.0
2026-07-14T14:16Z,Germany,0.013,0.0
2026-07-14T14:16Z,Norway,0.011,0.0
2026-07-14T14:16Z,Switzerland,0.007,0.0
2026-07-14T14:16Z,Ecuador,0.004,0.0
2026-07-14T14:16Z,Japan,0.004,0.0
2026-07-14T14:16Z,Australia,0.003,0.0
2026-07-14T14:16Z,Ivory Coast,0.003,0.0
2026-07-14T14:16Z,Algeria,0.001,0.0
2026-07-14T14:16Z,Canada,0.001,0.0
2026-07-14T14:16Z,Senegal,0.001,0.0
2026-07-14T14:16Z,Austria,0.0,0.0
2026-07-14T14:16Z,Bosnia and Herzegovina,0.0,0.0
2026-07-14T14:16Z,Cape Verde,0.0,0.0
2026-07-14T14:16Z,Croatia,0.0,0.0
2026-07-14T14:16Z,Curaçao,0.0,0.0
2026-07-14T14:16Z,Czech Republic,0.0,0.0
2026-07-14T14:16Z,DR Congo,0.0,0.0
2026-07-14T14:16Z,Egypt,0.0,0.0
2026-07-14T14:16Z,Ghana,0.0,0.0
2026-07-14T14:16Z,Haiti,0.0,0.0
2026-07-14T14:16Z,Iran,0.0,0.0
2026-07-14T14:16Z,Iraq,0.0,0.0
2026-07-14T14:16Z,Jordan,0.0,0.0
2026-07-14T14:16Z,Mexico,0.0,0.0
2026-07-14T14:16Z,New Zealand,0.0,0.0
2026-07-14T14:16Z,Panama,0.0,0.0
2026-07-14T14:16Z,Paraguay,0.0,0.0
2026-07-14T14:16Z,Qatar,0.0,0.0
2026-07-14T14:16Z,Saudi Arabia,0.0,0.0
2026-07-14T14:16Z,Scotland,0.0,0.0
2026-07-14T14:16Z,South Africa,0.0,0.0
2026-07-14T14:16Z,South Korea,0.0,0.0
2026-07-14T14:16Z,Sweden,0.0,0.0
2026-07-14T14:16Z,Tunisia,0.0,0.0
2026-07-14T14:16Z,United States,0.0,0.0
2026-07-14T14:16Z,Uruguay,0.0,0.0
2026-07-14T14:16Z,Uzbekistan,0.0,0.0
2026-07-14T14:16Z,England,0.109,0.2165
2026-07-14T14:16Z,France,0.135,0.3905
2026-07-14T15:50Z,Argentina,0.273,0.1745
2026-07-14T15:50Z,Portugal,0.054,0.0
2026-07-14T15:50Z,Spain,0.259,0.2185
2026-07-14T15:50Z,Brazil,0.027,0.0
2026-07-14T15:50Z,Netherlands,0.026,0.0
2026-07-14T15:50Z,Colombia,0.024,0.0
2026-07-14T15:50Z,Belgium,0.023,0.0
2026-07-14T15:50Z,Morocco,0.022,0.0
2026-07-14T15:50Z,Germany,0.013,0.0
2026-07-14T15:50Z,Norway,0.011,0.0
2026-07-14T15:50Z,Switzerland,0.007,0.0
2026-07-14T15:50Z,Ecuador,0.004,0.0
2026-07-14T15:50Z,Japan,0.004,0.0
2026-07-14T15:50Z,Australia,0.003,0.0
2026-07-14T15:50Z,Ivory Coast,0.003,0.0
2026-07-14T15:50Z,Algeria,0.001,0.0
2026-07-14T15:50Z,Canada,0.001,0.0
2026-07-14T15:50Z,Senegal,0.001,0.0
2026-07-14T15:50Z,Austria,0.0,0.0
2026-07-14T15:50Z,Bosnia and Herzegovina,0.0,0.0
2026-07-14T15:50Z,Cape Verde,0.0,0.0
2026-07-14T15:50Z,Croatia,0.0,0.0
2026-07-14T15:50Z,Curaçao,0.0,0.0
2026-07-14T15:50Z,Czech Republic,0.0,0.0
2026-07-14T15:50Z,DR Congo,0.0,0.0
2026-07-14T15:50Z,Egypt,0.0,0.0
2026-07-14T15:50Z,Ghana,0.0,0.0
2026-07-14T15:50Z,Haiti,0.0,0.0
2026-07-14T15:50Z,Iran,0.0,0.0
2026-07-14T15:50Z,Iraq,0.0,0.0
2026-07-14T15:50Z,Jordan,0.0,0.0
2026-07-14T15:50Z,Mexico,0.0,0.0
2026-07-14T15:50Z,New Zealand,0.0,0.0
2026-07-14T15:50Z,Panama,0.0,0.0
2026-07-14T15:50Z,Paraguay,0.0,0.0
2026-07-14T15:50Z,Qatar,0.0,0.0
2026-07-14T15:50Z,Saudi Arabia,0.0,0.0
2026-07-14T15:50Z,Scotland,0.0,0.0
2026-07-14T15:50Z,South Africa,0.0,0.0
2026-07-14T15:50Z,South Korea,0.0,0.0
2026-07-14T15:50Z,Sweden,0.0,0.0
2026-07-14T15:50Z,Tunisia,0.0,0.0
2026-07-14T15:50Z,United States,0.0,0.0
2026-07-14T15:50Z,Uruguay,0.0,0.0
2026-07-14T15:50Z,Uzbekistan,0.0,0.0
2026-07-14T15:50Z,England,0.109,0.2145
2026-07-14T15:50Z,France,0.135,0.3895
2026-07-14T17:08Z,Argentina,0.273,0.1745
2026-07-14T17:08Z,Portugal,0.054,0.0
2026-07-14T17:08Z,Spain,0.259,0.2265
2026-07-14T17:08Z,Brazil,0.027,0.0
2026-07-14T17:08Z,Netherlands,0.026,0.0
2026-07-14T17:08Z,Colombia,0.024,0.0
2026-07-14T17:08Z,Belgium,0.023,0.0
2026-07-14T17:08Z,Morocco,0.022,0.0
2026-07-14T17:08Z,Germany,0.013,0.0
2026-07-14T17:08Z,Norway,0.011,0.0
2026-07-14T17:08Z,Switzerland,0.007,0.0
2026-07-14T17:08Z,Ecuador,0.004,0.0
2026-07-14T17:08Z,Japan,0.004,0.0
2026-07-14T17:08Z,Australia,0.003,0.0
2026-07-14T17:08Z,Ivory Coast,0.003,0.0
2026-07-14T17:08Z,Algeria,0.001,0.0
2026-07-14T17:08Z,Canada,0.001,0.0
2026-07-14T17:08Z,Senegal,0.001,0.0
2026-07-14T17:08Z,Austria,0.0,0.0
2026-07-14T17:08Z,Bosnia and Herzegovina,0.0,0.0
2026-07-14T17:08Z,Cape Verde,0.0,0.0
2026-07-14T17:08Z,Croatia,0.0,0.0
2026-07-14T17:08Z,Curaçao,0.0,0.0
2026-07-14T17:08Z,Czech Republic,0.0,0.0
2026-07-14T17:08Z,DR Congo,0.0,0.0
2026-07-14T17:08Z,Egypt,0.0,0.0
2026-07-14T17:08Z,Ghana,0.0,0.0
2026-07-14T17:08Z,Haiti,0.0,0.0
2026-07-14T17:08Z,Iran,0.0,0.0
2026-07-14T17:08Z,Iraq,0.0,0.0
2026-07-14T17:08Z,Jordan,0.0,0.0
2026-07-14T17:08Z,Mexico,0.0,0.0
2026-07-14T17:08Z,New Zealand,0.0,0.0
2026-07-14T17:08Z,Panama,0.0,0.0
2026-07-14T17:08Z,Paraguay,0.0,0.0
2026-07-14T17:08Z,Qatar,0.0,0.0
2026-07-14T17:08Z,Saudi Arabia,0.0,0.0
2026-07-14T17:08Z,Scotland,0.0,0.0
2026-07-14T17:08Z,South Africa,0.0,0.0
2026-07-14T17:08Z,South Korea,0.0,0.0
2026-07-14T17:08Z,Sweden,0.0,0.0
2026-07-14T17:08Z,Tunisia,0.0,0.0
2026-07-14T17:08Z,United States,0.0,0.0
2026-07-14T17:08Z,Uruguay,0.0,0.0
2026-07-14T17:08Z,Uzbekistan,0.0,0.0
2026-07-14T17:08Z,England,0.109,0.2145
2026-07-14T17:08Z,France,0.135,0.3765
2026-07-14T18:20Z,Argentina,0.273,0.1765
2026-07-14T18:20Z,Portugal,0.054,0.0
2026-07-14T18:20Z,Spain,0.259,0.2255
2026-07-14T18:20Z,Brazil,0.027,0.0
2026-07-14T18:20Z,Netherlands,0.026,0.0
2026-07-14T18:20Z,Colombia,0.024,0.0
2026-07-14T18:20Z,Belgium,0.023,0.0
2026-07-14T18:20Z,Morocco,0.022,0.0
2026-07-14T18:20Z,Germany,0.013,0.0
2026-07-14T18:20Z,Norway,0.011,0.0
2026-07-14T18:20Z,Switzerland,0.007,0.0
2026-07-14T18:20Z,Ecuador,0.004,0.0
2026-07-14T18:20Z,Japan,0.004,0.0
2026-07-14T18:20Z,Australia,0.003,0.0
2026-07-14T18:20Z,Ivory Coast,0.003,0.0
2026-07-14T18:20Z,Algeria,0.001,0.0
2026-07-14T18:20Z,Canada,0.001,0.0
2026-07-14T18:20Z,Senegal,0.001,0.0
2026-07-14T18:20Z,Austria,0.0,0.0
2026-07-14T18:20Z,Bosnia and Herzegovina,0.0,0.0
2026-07-14T18:20Z,Cape Verde,0.0,0.0
2026-07-14T18:20Z,Croatia,0.0,0.0
2026-07-14T18:20Z,Curaçao,0.0,0.0
2026-07-14T18:20Z,Czech Republic,0.0,0.0
2026-07-14T18:20Z,DR Congo,0.0,0.0
2026-07-14T18:20Z,Egypt,0.0,0.0
2026-07-14T18:20Z,Ghana,0.0,0.0
2026-07-14T18:20Z,Haiti,0.0,0.0
2026-07-14T18:20Z,Iran,0.0,0.0
2026-07-14T18:20Z,Iraq,0.0,0.0
2026-07-14T18:20Z,Jordan,0.0,0.0
2026-07-14T18:20Z,Mexico,0.0,0.0
2026-07-14T18:20Z,New Zealand,0.0,0.0
2026-07-14T18:20Z,Panama,0.0,0.0
2026-07-14T18:20Z,Paraguay,0.0,0.0
2026-07-14T18:20Z,Qatar,0.0,0.0
2026-07-14T18:20Z,Saudi Arabia,0.0,0.0
2026-07-14T18:20Z,Scotland,0.0,0.0
2026-07-14T18:20Z,South Africa,0.0,0.0
2026-07-14T18:20Z,South Korea,0.0,0.0
2026-07-14T18:20Z,Sweden,0.0,0.0
2026-07-14T18:20Z,Tunisia,0.0,0.0
2026-07-14T18:20Z,United States,0.0,0.0
2026-07-14T18:20Z,Uruguay,0.0,0.0
2026-07-14T18:20Z,Uzbekistan,0.0,0.0
2026-07-14T18:20Z,England,0.109,0.2145
2026-07-14T18:20Z,France,0.135,0.3725
2026-07-14T19:49Z,Argentina,0.273,0.184
2026-07-14T19:49Z,Portugal,0.054,0.0
2026-07-14T19:49Z,Brazil,0.027,0.0
2026-07-14T19:49Z,Netherlands,0.026,0.0
2026-07-14T19:49Z,Colombia,0.024,0.0
2026-07-14T19:49Z,Belgium,0.023,0.0
2026-07-14T19:49Z,Morocco,0.022,0.0
2026-07-14T19:49Z,Germany,0.013,0.0
2026-07-14T19:49Z,Norway,0.011,0.0
2026-07-14T19:49Z,Switzerland,0.007,0.0
2026-07-14T19:49Z,Ecuador,0.004,0.0
2026-07-14T19:49Z,Japan,0.004,0.0
2026-07-14T19:49Z,Australia,0.003,0.0
2026-07-14T19:49Z,Ivory Coast,0.003,0.0
2026-07-14T19:49Z,Algeria,0.001,0.0
2026-07-14T19:49Z,Canada,0.001,0.0
2026-07-14T19:49Z,Senegal,0.001,0.0
2026-07-14T19:49Z,Austria,0.0,0.0
2026-07-14T19:49Z,Bosnia and Herzegovina,0.0,0.0
2026-07-14T19:49Z,Cape Verde,0.0,0.0
2026-07-14T19:49Z,Croatia,0.0,0.0
2026-07-14T19:49Z,Curaçao,0.0,0.0
2026-07-14T19:49Z,Czech Republic,0.0,0.0
2026-07-14T19:49Z,DR Congo,0.0,0.0
2026-07-14T19:49Z,Egypt,0.0,0.0
2026-07-14T19:49Z,Ghana,0.0,0.0
2026-07-14T19:49Z,Haiti,0.0,0.0
2026-07-14T19:49Z,Iran,0.0,0.0
2026-07-14T19:49Z,Iraq,0.0,0.0
2026-07-14T19:49Z,Jordan,0.0,0.0
2026-07-14T19:49Z,Mexico,0.0,0.0
2026-07-14T19:49Z,New Zealand,0.0,0.0
2026-07-14T19:49Z,Panama,0.0,0.0
2026-07-14T19:49Z,Paraguay,0.0,0.0
2026-07-14T19:49Z,Qatar,0.0,0.0
2026-07-14T19:49Z,Saudi Arabia,0.0,0.0
2026-07-14T19:49Z,Scotland,0.0,0.0
2026-07-14T19:49Z,South Africa,0.0,0.0
2026-07-14T19:49Z,South Korea,0.0,0.0
2026-07-14T19:49Z,Sweden,0.0,0.0
2026-07-14T19:49Z,Tunisia,0.0,0.0
2026-07-14T19:49Z,United States,0.0,0.0
2026-07-14T19:49Z,Uruguay,0.0,0.0
2026-07-14T19:49Z,Uzbekistan,0.0,0.0
2026-07-14T19:49Z,France,0.135,0.204
2026-07-14T19:49Z,Spain,0.259,0.3555
2026-07-14T19:49Z,England,0.109,0.2315
2026-07-14T20:54Z,France,0.135,0.0025
2026-07-14T20:54Z,Argentina,0.273,0.1975
2026-07-14T20:54Z,Portugal,0.054,0.0
2026-07-14T20:54Z,Brazil,0.027,0.0
2026-07-14T20:54Z,Netherlands,0.026,0.0
2026-07-14T20:54Z,Colombia,0.024,0.0
2026-07-14T20:54Z,Belgium,0.023,0.0
2026-07-14T20:54Z,Morocco,0.022,0.0
2026-07-14T20:54Z,Germany,0.013,0.0
2026-07-14T20:54Z,Norway,0.011,0.0
2026-07-14T20:54Z,Switzerland,0.007,0.0
2026-07-14T20:54Z,Ecuador,0.004,0.0
2026-07-14T20:54Z,Japan,0.004,0.0
2026-07-14T20:54Z,Australia,0.003,0.0
2026-07-14T20:54Z,Ivory Coast,0.003,0.0
2026-07-14T20:54Z,Algeria,0.001,0.0
2026-07-14T20:54Z,Canada,0.001,0.0
2026-07-14T20:54Z,Senegal,0.001,0.0
2026-07-14T20:54Z,Austria,0.0,0.0
2026-07-14T20:54Z,Bosnia and Herzegovina,0.0,0.0
2026-07-14T20:54Z,Cape Verde,0.0,0.0
2026-07-14T20:54Z,Croatia,0.0,0.0
2026-07-14T20:54Z,Curaçao,0.0,0.0
2026-07-14T20:54Z,Czech Republic,0.0,0.0
2026-07-14T20:54Z,DR Congo,0.0,0.0
2026-07-14T20:54Z,Egypt,0.0,0.0
2026-07-14T20:54Z,Ghana,0.0,0.0
2026-07-14T20:54Z,Haiti,0.0,0.0
2026-07-14T20:54Z,Iran,0.0,0.0
2026-07-14T20:54Z,Iraq,0.0,0.0
2026-07-14T20:54Z,Jordan,0.0,0.0
2026-07-14T20:54Z,Mexico,0.0,0.0
2026-07-14T20:54Z,New Zealand,0.0,0.0
2026-07-14T20:54Z,Panama,0.0,0.0
2026-07-14T20:54Z,Paraguay,0.0,0.0
2026-07-14T20:54Z,Qatar,0.0,0.0
2026-07-14T20:54Z,Saudi Arabia,0.0,0.0
2026-07-14T20:54Z,Scotland,0.0,0.0
2026-07-14T20:54Z,South Africa,0.0,0.0
2026-07-14T20:54Z,South Korea,0.0,0.0
2026-07-14T20:54Z,Sweden,0.0,0.0
2026-07-14T20:54Z,Tunisia,0.0,0.0
2026-07-14T20:54Z,United States,0.0,0.0
2026-07-14T20:54Z,Uruguay,0.0,0.0
2026-07-14T20:54Z,Uzbekistan,0.0,0.0
2026-07-14T20:54Z,England,0.109,0.253
2026-07-14T20:54Z,Spain,0.259,0.5645
2026-07-14T21:53Z,France,0.115,0.0005
2026-07-14T21:53Z,Argentina,0.271,0.1915
2026-07-14T21:53Z,Portugal,0.055,0.0
2026-07-14T21:53Z,Brazil,0.039,0.0
2026-07-14T21:53Z,Belgium,0.024,0.0
2026-07-14T21:53Z,Netherlands,0.021,0.0
2026-07-14T21:53Z,Morocco,0.02,0.0
2026-07-14T21:53Z,Germany,0.017,0.0
2026-07-14T21:53Z,Colombia,0.016,0.0
2026-07-14T21:53Z,Norway,0.01,0.0
2026-07-14T21:53Z,Switzerland,0.008,0.0
2026-07-14T21:53Z,Ecuador,0.004,0.0
2026-07-14T21:53Z,Japan,0.003,0.0
2026-07-14T21:53Z,Croatia,0.002,0.0
2026-07-14T21:53Z,Ivory Coast,0.002,0.0
2026-07-14T21:53Z,Senegal,0.002,0.0
2026-07-14T21:53Z,Australia,0.001,0.0
2026-07-14T21:53Z,Algeria,0.0,0.0
2026-07-14T21:53Z,Austria,0.0,0.0
2026-07-14T21:53Z,Bosnia and Herzegovina,0.0,0.0
2026-07-14T21:53Z,Canada,0.0,0.0
2026-07-14T21:53Z,Cape Verde,0.0,0.0
2026-07-14T21:53Z,Curaçao,0.0,0.0
2026-07-14T21:53Z,Czech Republic,0.0,0.0
2026-07-14T21:53Z,DR Congo,0.0,0.0
2026-07-14T21:53Z,Egypt,0.0,0.0
2026-07-14T21:53Z,Ghana,0.0,0.0
2026-07-14T21:53Z,Haiti,0.0,0.0
2026-07-14T21:53Z,Iran,0.0,0.0
2026-07-14T21:53Z,Iraq,0.0,0.0
2026-07-14T21:53Z,Jordan,0.0,0.0
2026-07-14T21:53Z,Mexico,0.0,0.0
2026-07-14T21:53Z,New Zealand,0.0,0.0
2026-07-14T21:53Z,Panama,0.0,0.0
2026-07-14T21:53Z,Paraguay,0.0,0.0
2026-07-14T21:53Z,Qatar,0.0,0.0
2026-07-14T21:53Z,Saudi Arabia,0.0,0.0
2026-07-14T21:53Z,Scotland,0.0,0.0
2026-07-14T21:53Z,South Africa,0.0,0.0
2026-07-14T21:53Z,South Korea,0.0,0.0
2026-07-14T21:53Z,Sweden,0.0,0.0
2026-07-14T21:53Z,Tunisia,0.0,0.0
2026-07-14T21:53Z,United States,0.0,0.0
2026-07-14T21:53Z,Uruguay,0.0,0.0
2026-07-14T21:53Z,Uzbekistan,0.0,0.0
2026-07-14T21:53Z,England,0.117,0.2245
2026-07-14T21:53Z,Spain,0.273,0.5815
2026-07-14T22:52Z,France,0.115,0.0005
2026-07-14T22:52Z,Argentina,0.271,0.1925
2026-07-14T22:52Z,Portugal,0.055,0.0
2026-07-14T22:52Z,Brazil,0.039,0.0
2026-07-14T22:52Z,Belgium,0.024,0.0
2026-07-14T22:52Z,Netherlands,0.021,0.0
2026-07-14T22:52Z,Morocco,0.02,0.0
2026-07-14T22:52Z,Germany,0.017,0.0
2026-07-14T22:52Z,Colombia,0.016,0.0
2026-07-14T22:52Z,Norway,0.01,0.0
2026-07-14T22:52Z,Switzerland,0.008,0.0
2026-07-14T22:52Z,Ecuador,0.004,0.0
2026-07-14T22:52Z,Japan,0.003,0.0
2026-07-14T22:52Z,Croatia,0.002,0.0
2026-07-14T22:52Z,Ivory Coast,0.002,0.0
2026-07-14T22:52Z,Senegal,0.002,0.0
2026-07-14T22:52Z,Australia,0.001,0.0
2026-07-14T22:52Z,Algeria,0.0,0.0
2026-07-14T22:52Z,Austria,0.0,0.0
2026-07-14T22:52Z,Bosnia and Herzegovina,0.0,0.0
2026-07-14T22:52Z,Canada,0.0,0.0
2026-07-14T22:52Z,Cape Verde,0.0,0.0
2026-07-14T22:52Z,Curaçao,0.0,0.0
2026-07-14T22:52Z,Czech Republic,0.0,0.0
2026-07-14T22:52Z,DR Congo,0.0,0.0
2026-07-14T22:52Z,Egypt,0.0,0.0
2026-07-14T22:52Z,Ghana,0.0,0.0
2026-07-14T22:52Z,Haiti,0.0,0.0
2026-07-14T22:52Z,Iran,0.0,0.0
2026-07-14T22:52Z,Iraq,0.0,0.0
2026-07-14T22:52Z,Jordan,0.0,0.0
2026-07-14T22:52Z,Mexico,0.0,0.0
2026-07-14T22:52Z,New Zealand,0.0,0.0
2026-07-14T22:52Z,Panama,0.0,0.0
2026-07-14T22:52Z,Paraguay,0.0,0.0
2026-07-14T22:52Z,Qatar,0.0,0.0
2026-07-14T22:52Z,Saudi Arabia,0.0,0.0
2026-07-14T22:52Z,Scotland,0.0,0.0
2026-07-14T22:52Z,South Africa,0.0,0.0
2026-07-14T22:52Z,South Korea,0.0,0.0
2026-07-14T22:52Z,Sweden,0.0,0.0
2026-07-14T22:52Z,Tunisia,0.0,0.0
2026-07-14T22:52Z,United States,0.0,0.0
2026-07-14T22:52Z,Uruguay,0.0,0.0
2026-07-14T22:52Z,Uzbekistan,0.0,0.0
2026-07-14T22:52Z,England,0.117,0.2295
2026-07-14T22:52Z,Spain,0.273,0.5815
2026-07-14T23:46Z,France,0.115,0.0005
2026-07-14T23:46Z,Argentina,0.271,0.1945
2026-07-14T23:46Z,Portugal,0.055,0.0
2026-07-14T23:46Z,Brazil,0.039,0.0
2026-07-14T23:46Z,Belgium,0.024,0.0
2026-07-14T23:46Z,Netherlands,0.021,0.0
2026-07-14T23:46Z,Morocco,0.02,0.0
2026-07-14T23:46Z,Germany,0.017,0.0
2026-07-14T23:46Z,Colombia,0.016,0.0
2026-07-14T23:46Z,Norway,0.01,0.0
2026-07-14T23:46Z,Switzerland,0.008,0.0
2026-07-14T23:46Z,Ecuador,0.004,0.0
2026-07-14T23:46Z,Japan,0.003,0.0
2026-07-14T23:46Z,Croatia,0.002,0.0
2026-07-14T23:46Z,Ivory Coast,0.002,0.0
2026-07-14T23:46Z,Senegal,0.002,0.0
2026-07-14T23:46Z,Australia,0.001,0.0
2026-07-14T23:46Z,Algeria,0.0,0.0
2026-07-14T23:46Z,Austria,0.0,0.0
2026-07-14T23:46Z,Bosnia and Herzegovina,0.0,0.0
2026-07-14T23:46Z,Canada,0.0,0.0
2026-07-14T23:46Z,Cape Verde,0.0,0.0
2026-07-14T23:46Z,Curaçao,0.0,0.0
2026-07-14T23:46Z,Czech Republic,0.0,0.0
2026-07-14T23:46Z,DR Congo,0.0,0.0
2026-07-14T23:46Z,Egypt,0.0,0.0
2026-07-14T23:46Z,Ghana,0.0,0.0
2026-07-14T23:46Z,Haiti,0.0,0.0
2026-07-14T23:46Z,Iran,0.0,0.0
2026-07-14T23:46Z,Iraq,0.0,0.0
2026-07-14T23:46Z,Jordan,0.0,0.0
2026-07-14T23:46Z,Mexico,0.0,0.0
2026-07-14T23:46Z,New Zealand,0.0,0.0
2026-07-14T23:46Z,Panama,0.0,0.0
2026-07-14T23:46Z,Paraguay,0.0,0.0
2026-07-14T23:46Z,Qatar,0.0,0.0
2026-07-14T23:46Z,Saudi Arabia,0.0,0.0
2026-07-14T23:46Z,Scotland,0.0,0.0
2026-07-14T23:46Z,South Africa,0.0,0.0
2026-07-14T23:46Z,South Korea,0.0,0.0
2026-07-14T23:46Z,Sweden,0.0,0.0
2026-07-14T23:46Z,Tunisia,0.0,0.0
2026-07-14T23:46Z,United States,0.0,0.0
2026-07-14T23:46Z,Uruguay,0.0,0.0
2026-07-14T23:46Z,Uzbekistan,0.0,0.0
2026-07-14T23:46Z,England,0.117,0.2265
2026-07-14T23:46Z,Spain,0.273,0.5815
2026-07-15T01:46Z,France,0.115,0.0
2026-07-15T01:46Z,Argentina,0.271,0.1895
2026-07-15T01:46Z,Portugal,0.055,0.0
2026-07-15T01:46Z,Brazil,0.039,0.0
2026-07-15T01:46Z,Belgium,0.024,0.0
2026-07-15T01:46Z,Netherlands,0.021,0.0
2026-07-15T01:46Z,Morocco,0.02,0.0
2026-07-15T01:46Z,Germany,0.017,0.0
2026-07-15T01:46Z,Colombia,0.016,0.0
2026-07-15T01:46Z,Norway,0.01,0.0
2026-07-15T01:46Z,Switzerland,0.008,0.0
2026-07-15T01:46Z,Ecuador,0.004,0.0
2026-07-15T01:46Z,Japan,0.003,0.0
2026-07-15T01:46Z,Croatia,0.002,0.0
2026-07-15T01:46Z,Ivory Coast,0.002,0.0
2026-07-15T01:46Z,Senegal,0.002,0.0
2026-07-15T01:46Z,Australia,0.001,0.0
2026-07-15T01:46Z,Algeria,0.0,0.0
2026-07-15T01:46Z,Austria,0.0,0.0
2026-07-15T01:46Z,Bosnia and Herzegovina,0.0,0.0
2026-07-15T01:46Z,Canada,0.0,0.0
2026-07-15T01:46Z,Cape Verde,0.0,0.0
2026-07-15T01:46Z,Curaçao,0.0,0.0
2026-07-15T01:46Z,Czech Republic,0.0,0.0
2026-07-15T01:46Z,DR Congo,0.0,0.0
2026-07-15T01:46Z,Egypt,0.0,0.0
2026-07-15T01:46Z,Ghana,0.0,0.0
2026-07-15T01:46Z,Haiti,0.0,0.0
2026-07-15T01:46Z,Iran,0.0,0.0
2026-07-15T01:46Z,Iraq,0.0,0.0
2026-07-15T01:46Z,Jordan,0.0,0.0
2026-07-15T01:46Z,Mexico,0.0,0.0
2026-07-15T01:46Z,New Zealand,0.0,0.0
2026-07-15T01:46Z,Panama,0.0,0.0
2026-07-15T01:46Z,Paraguay,0.0,0.0
2026-07-15T01:46Z,Qatar,0.0,0.0
2026-07-15T01:46Z,Saudi Arabia,0.0,0.0
2026-07-15T01:46Z,Scotland,0.0,0.0
2026-07-15T01:46Z,South Africa,0.0,0.0
2026-07-15T01:46Z,South Korea,0.0,0.0
2026-07-15T01:46Z,Sweden,0.0,0.0
2026-07-15T01:46Z,Tunisia,0.0,0.0
2026-07-15T01:46Z,United States,0.0,0.0
2026-07-15T01:46Z,Uruguay,0.0,0.0
2026-07-15T01:46Z,Uzbekistan,0.0,0.0
2026-07-15T01:46Z,England,0.117,0.2255
2026-07-15T01:46Z,Spain,0.273,0.5815
2026-07-15T04:46Z,France,0.115,0.0
2026-07-15T04:46Z,Argentina,0.271,0.1975
2026-07-15T04:46Z,Portugal,0.055,0.0
2026-07-15T04:46Z,Brazil,0.039,0.0
2026-07-15T04:46Z,Belgium,0.024,0.0
2026-07-15T04:46Z,Netherlands,0.021,0.0
2026-07-15T04:46Z,Morocco,0.02,0.0
2026-07-15T04:46Z,Germany,0.017,0.0
2026-07-15T04:46Z,Colombia,0.016,0.0
2026-07-15T04:46Z,Norway,0.01,0.0
2026-07-15T04:46Z,Switzerland,0.008,0.0
2026-07-15T04:46Z,Ecuador,0.004,0.0
2026-07-15T04:46Z,Japan,0.003,0.0
2026-07-15T04:46Z,Croatia,0.002,0.0
2026-07-15T04:46Z,Ivory Coast,0.002,0.0
2026-07-15T04:46Z,Senegal,0.002,0.0
2026-07-15T04:46Z,Australia,0.001,0.0
2026-07-15T04:46Z,Algeria,0.0,0.0
2026-07-15T04:46Z,Austria,0.0,0.0
2026-07-15T04:46Z,Bosnia and Herzegovina,0.0,0.0
2026-07-15T04:46Z,Canada,0.0,0.0
2026-07-15T04:46Z,Cape Verde,0.0,0.0
2026-07-15T04:46Z,Curaçao,0.0,0.0
2026-07-15T04:46Z,Czech Republic,0.0,0.0
2026-07-15T04:46Z,DR Congo,0.0,0.0
2026-07-15T04:46Z,Egypt,0.0,0.0
2026-07-15T04:46Z,Ghana,0.0,0.0
2026-07-15T04:46Z,Haiti,0.0,0.0
2026-07-15T04:46Z,Iran,0.0,0.0
2026-07-15T04:46Z,Iraq,0.0,0.0
2026-07-15T04:46Z,Jordan,0.0,0.0
2026-07-15T04:46Z,Mexico,0.0,0.0
2026-07-15T04:46Z,New Zealand,0.0,0.0
2026-07-15T04:46Z,Panama,0.0,0.0
2026-07-15T04:46Z,Paraguay,0.0,0.0
2026-07-15T04:46Z,Qatar,0.0,0.0
2026-07-15T04:46Z,Saudi Arabia,0.0,0.0
2026-07-15T04:46Z,Scotland,0.0,0.0
2026-07-15T04:46Z,South Africa,0.0,0.0
2026-07-15T04:46Z,South Korea,0.0,0.0
2026-07-15T04:46Z,Sweden,0.0,0.0
2026-07-15T04:46Z,Tunisia,0.0,0.0
2026-07-15T04:46Z,United States,0.0,0.0
2026-07-15T04:46Z,Uruguay,0.0,0.0
2026-07-15T04:46Z,Uzbekistan,0.0,0.0
2026-07-15T04:46Z,England,0.117,0.2275
2026-07-15T04:46Z,Spain,0.273,0.5815
2026-07-15T07:11Z,France,0.115,0.0
2026-07-15T07:11Z,Argentina,0.271,0.1965
2026-07-15T07:11Z,Portugal,0.055,0.0
2026-07-15T07:11Z,Brazil,0.039,0.0
2026-07-15T07:11Z,Belgium,0.024,0.0
2026-07-15T07:11Z,Netherlands,0.021,0.0
2026-07-15T07:11Z,Morocco,0.02,0.0
2026-07-15T07:11Z,Germany,0.017,0.0
2026-07-15T07:11Z,Colombia,0.016,0.0
2026-07-15T07:11Z,Norway,0.01,0.0
2026-07-15T07:11Z,Switzerland,0.008,0.0
2026-07-15T07:11Z,Ecuador,0.004,0.0
2026-07-15T07:11Z,Japan,0.003,0.0
2026-07-15T07:11Z,Croatia,0.002,0.0
2026-07-15T07:11Z,Ivory Coast,0.002,0.0
2026-07-15T07:11Z,Senegal,0.002,0.0
2026-07-15T07:11Z,Australia,0.001,0.0
2026-07-15T07:11Z,Algeria,0.0,0.0
2026-07-15T07:11Z,Austria,0.0,0.0
2026-07-15T07:11Z,Bosnia and Herzegovina,0.0,0.0
2026-07-15T07:11Z,Canada,0.0,0.0
2026-07-15T07:11Z,Cape Verde,0.0,0.0
2026-07-15T07:11Z,Curaçao,0.0,0.0
2026-07-15T07:11Z,Czech Republic,0.0,0.0
2026-07-15T07:11Z,DR Congo,0.0,0.0
2026-07-15T07:11Z,Egypt,0.0,0.0
2026-07-15T07:11Z,Ghana,0.0,0.0
2026-07-15T07:11Z,Haiti,0.0,0.0
2026-07-15T07:11Z,Iran,0.0,0.0
2026-07-15T07:11Z,Iraq,0.0,0.0
2026-07-15T07:11Z,Jordan,0.0,0.0
2026-07-15T07:11Z,Mexico,0.0,0.0
2026-07-15T07:11Z,New Zealand,0.0,0.0
2026-07-15T07:11Z,Panama,0.0,0.0
2026-07-15T07:11Z,Paraguay,0.0,0.0
2026-07-15T07:11Z,Qatar,0.0,0.0
2026-07-15T07:11Z,Saudi Arabia,0.0,0.0
2026-07-15T07:11Z,Scotland,0.0,0.0
2026-07-15T07:11Z,South Africa,0.0,0.0
2026-07-15T07:11Z,South Korea,0.0,0.0
2026-07-15T07:11Z,Sweden,0.0,0.0
2026-07-15T07:11Z,Tunisia,0.0,0.0
2026-07-15T07:11Z,United States,0.0,0.0
2026-07-15T07:11Z,Uruguay,0.0,0.0
2026-07-15T07:11Z,Uzbekistan,0.0,0.0
2026-07-15T07:11Z,England,0.117,0.2275
2026-07-15T07:11Z,Spain,0.273,0.5815
2026-07-15T09:24Z,France,0.115,0.0
2026-07-15T09:24Z,Argentina,0.271,0.1965
2026-07-15T09:24Z,Portugal,0.055,0.0
2026-07-15T09:24Z,Brazil,0.039,0.0
2026-07-15T09:24Z,Belgium,0.024,0.0
2026-07-15T09:24Z,Netherlands,0.021,0.0
2026-07-15T09:24Z,Morocco,0.02,0.0
2026-07-15T09:24Z,Germany,0.017,0.0
2026-07-15T09:24Z,Colombia,0.016,0.0
2026-07-15T09:24Z,Norway,0.01,0.0
2026-07-15T09:24Z,Switzerland,0.008,0.0
2026-07-15T09:24Z,Ecuador,0.004,0.0
2026-07-15T09:24Z,Japan,0.003,0.0
2026-07-15T09:24Z,Croatia,0.002,0.0
2026-07-15T09:24Z,Ivory Coast,0.002,0.0
2026-07-15T09:24Z,Senegal,0.002,0.0
2026-07-15T09:24Z,Australia,0.001,0.0
2026-07-15T09:24Z,Algeria,0.0,0.0
2026-07-15T09:24Z,Austria,0.0,0.0
2026-07-15T09:24Z,Bosnia and Herzegovina,0.0,0.0
2026-07-15T09:24Z,Canada,0.0,0.0
2026-07-15T09:24Z,Cape Verde,0.0,0.0
2026-07-15T09:24Z,Curaçao,0.0,0.0
2026-07-15T09:24Z,Czech Republic,0.0,0.0
2026-07-15T09:24Z,DR Congo,0.0,0.0
2026-07-15T09:24Z,Egypt,0.0,0.0
2026-07-15T09:24Z,Ghana,0.0,0.0
2026-07-15T09:24Z,Haiti,0.0,0.0
2026-07-15T09:24Z,Iran,0.0,0.0
2026-07-15T09:24Z,Iraq,0.0,0.0
2026-07-15T09:24Z,Jordan,0.0,0.0
2026-07-15T09:24Z,Mexico,0.0,0.0
2026-07-15T09:24Z,New Zealand,0.0,0.0
2026-07-15T09:24Z,Panama,0.0,0.0
2026-07-15T09:24Z,Paraguay,0.0,0.0
2026-07-15T09:24Z,Qatar,0.0,0.0
2026-07-15T09:24Z,Saudi Arabia,0.0,0.0
2026-07-15T09:24Z,Scotland,0.0,0.0
2026-07-15T09:24Z,South Africa,0.0,0.0
2026-07-15T09:24Z,South Korea,0.0,0.0
2026-07-15T09:24Z,Sweden,0.0,0.0
2026-07-15T09:24Z,Tunisia,0.0,0.0
2026-07-15T09:24Z,United States,0.0,0.0
2026-07-15T09:24Z,Uruguay,0.0,0.0
2026-07-15T09:24Z,Uzbekistan,0.0,0.0
2026-07-15T09:24Z,England,0.117,0.2265
2026-07-15T09:24Z,Spain,0.273,0.5815
2026-07-15T11:15Z,France,0.115,0.0
2026-07-15T11:15Z,Argentina,0.271,0.1965
2026-07-15T11:15Z,Portugal,0.055,0.0
2026-07-15T11:15Z,Brazil,0.039,0.0
2026-07-15T11:15Z,Belgium,0.024,0.0
2026-07-15T11:15Z,Netherlands,0.021,0.0
2026-07-15T11:15Z,Morocco,0.02,0.0
2026-07-15T11:15Z,Germany,0.017,0.0
2026-07-15T11:15Z,Colombia,0.016,0.0
2026-07-15T11:15Z,Norway,0.01,0.0
2026-07-15T11:15Z,Switzerland,0.008,0.0
2026-07-15T11:15Z,Ecuador,0.004,0.0
2026-07-15T11:15Z,Japan,0.003,0.0
2026-07-15T11:15Z,Croatia,0.002,0.0
2026-07-15T11:15Z,Ivory Coast,0.002,0.0
2026-07-15T11:15Z,Senegal,0.002,0.0
2026-07-15T11:15Z,Australia,0.001,0.0
2026-07-15T11:15Z,Algeria,0.0,0.0
2026-07-15T11:15Z,Austria,0.0,0.0
2026-07-15T11:15Z,Bosnia and Herzegovina,0.0,0.0
2026-07-15T11:15Z,Canada,0.0,0.0
2026-07-15T11:15Z,Cape Verde,0.0,0.0
2026-07-15T11:15Z,Curaçao,0.0,0.0
2026-07-15T11:15Z,Czech Republic,0.0,0.0
2026-07-15T11:15Z,DR Congo,0.0,0.0
2026-07-15T11:15Z,Egypt,0.0,0.0
2026-07-15T11:15Z,Ghana,0.0,0.0
2026-07-15T11:15Z,Haiti,0.0,0.0
2026-07-15T11:15Z,Iran,0.0,0.0
2026-07-15T11:15Z,Iraq,0.0,0.0
2026-07-15T11:15Z,Jordan,0.0,0.0
2026-07-15T11:15Z,Mexico,0.0,0.0
2026-07-15T11:15Z,New Zealand,0.0,0.0
2026-07-15T11:15Z,Panama,0.0,0.0
2026-07-15T11:15Z,Paraguay,0.0,0.0
2026-07-15T11:15Z,Qatar,0.0,0.0
2026-07-15T11:15Z,Saudi Arabia,0.0,0.0
2026-07-15T11:15Z,Scotland,0.0,0.0
2026-07-15T11:15Z,South Africa,0.0,0.0
2026-07-15T11:15Z,South Korea,0.0,0.0
2026-07-15T11:15Z,Sweden,0.0,0.0
2026-07-15T11:15Z,Tunisia,0.0,0.0
2026-07-15T11:15Z,United States,0.0,0.0
2026-07-15T11:15Z,Uruguay,0.0,0.0
2026-07-15T11:15Z,Uzbekistan,0.0,0.0
2026-07-15T11:15Z,England,0.117,0.2265
2026-07-15T11:15Z,Spain,0.273,0.5815
2026-07-15T12:46Z,France,0.115,0.0
2026-07-15T12:46Z,Argentina,0.271,0.1975
2026-07-15T12:46Z,Portugal,0.055,0.0
2026-07-15T12:46Z,Brazil,0.039,0.0
2026-07-15T12:46Z,Belgium,0.024,0.0
2026-07-15T12:46Z,Netherlands,0.021,0.0
2026-07-15T12:46Z,Morocco,0.02,0.0
2026-07-15T12:46Z,Germany,0.017,0.0
2026-07-15T12:46Z,Colombia,0.016,0.0
2026-07-15T12:46Z,Norway,0.01,0.0
2026-07-15T12:46Z,Switzerland,0.008,0.0
2026-07-15T12:46Z,Ecuador,0.004,0.0
2026-07-15T12:46Z,Japan,0.003,0.0
2026-07-15T12:46Z,Croatia,0.002,0.0
2026-07-15T12:46Z,Ivory Coast,0.002,0.0
2026-07-15T12:46Z,Senegal,0.002,0.0
2026-07-15T12:46Z,Australia,0.001,0.0
2026-07-15T12:46Z,Algeria,0.0,0.0
2026-07-15T12:46Z,Austria,0.0,0.0
2026-07-15T12:46Z,Bosnia and Herzegovina,0.0,0.0
2026-07-15T12:46Z,Canada,0.0,0.0
2026-07-15T12:46Z,Cape Verde,0.0,0.0
2026-07-15T12:46Z,Curaçao,0.0,0.0
2026-07-15T12:46Z,Czech Republic,0.0,0.0
2026-07-15T12:46Z,DR Congo,0.0,0.0
2026-07-15T12:46Z,Egypt,0.0,0.0
2026-07-15T12:46Z,Ghana,0.0,0.0
2026-07-15T12:46Z,Haiti,0.0,0.0
2026-07-15T12:46Z,Iran,0.0,0.0
2026-07-15T12:46Z,Iraq,0.0,0.0
2026-07-15T12:46Z,Jordan,0.0,0.0
2026-07-15T12:46Z,Mexico,0.0,0.0
2026-07-15T12:46Z,New Zealand,0.0,0.0
2026-07-15T12:46Z,Panama,0.0,0.0
2026-07-15T12:46Z,Paraguay,0.0,0.0
2026-07-15T12:46Z,Qatar,0.0,0.0
2026-07-15T12:46Z,Saudi Arabia,0.0,0.0
2026-07-15T12:46Z,Scotland,0.0,0.0
2026-07-15T12:46Z,South Africa,0.0,0.0
2026-07-15T12:46Z,South Korea,0.0,0.0
2026-07-15T12:46Z,Sweden,0.0,0.0
2026-07-15T12:46Z,Tunisia,0.0,0.0
2026-07-15T12:46Z,United States,0.0,0.0
2026-07-15T12:46Z,Uruguay,0.0,0.0
2026-07-15T12:46Z,Uzbekistan,0.0,0.0
2026-07-15T12:46Z,England,0.117,0.2265
2026-07-15T12:46Z,Spain,0.273,0.5815
2026-07-15T14:45Z,France,0.115,0.0
2026-07-15T14:45Z,Argentina,0.271,0.1985
2026-07-15T14:45Z,Portugal,0.055,0.0
2026-07-15T14:45Z,Brazil,0.039,0.0
2026-07-15T14:45Z,Belgium,0.024,0.0
2026-07-15T14:45Z,Netherlands,0.021,0.0
2026-07-15T14:45Z,Morocco,0.02,0.0
2026-07-15T14:45Z,Germany,0.017,0.0
2026-07-15T14:45Z,Colombia,0.016,0.0
2026-07-15T14:45Z,Norway,0.01,0.0
2026-07-15T14:45Z,Switzerland,0.008,0.0
2026-07-15T14:45Z,Ecuador,0.004,0.0
2026-07-15T14:45Z,Japan,0.003,0.0
2026-07-15T14:45Z,Croatia,0.002,0.0
2026-07-15T14:45Z,Ivory Coast,0.002,0.0
2026-07-15T14:45Z,Senegal,0.002,0.0
2026-07-15T14:45Z,Australia,0.001,0.0
2026-07-15T14:45Z,Algeria,0.0,0.0
2026-07-15T14:45Z,Austria,0.0,0.0
2026-07-15T14:45Z,Bosnia and Herzegovina,0.0,0.0
2026-07-15T14:45Z,Canada,0.0,0.0
2026-07-15T14:45Z,Cape Verde,0.0,0.0
2026-07-15T14:45Z,Curaçao,0.0,0.0
2026-07-15T14:45Z,Czech Republic,0.0,0.0
2026-07-15T14:45Z,DR Congo,0.0,0.0
2026-07-15T14:45Z,Egypt,0.0,0.0
2026-07-15T14:45Z,Ghana,0.0,0.0
2026-07-15T14:45Z,Haiti,0.0,0.0
2026-07-15T14:45Z,Iran,0.0,0.0
2026-07-15T14:45Z,Iraq,0.0,0.0
2026-07-15T14:45Z,Jordan,0.0,0.0
2026-07-15T14:45Z,Mexico,0.0,0.0
2026-07-15T14:45Z,New Zealand,0.0,0.0
2026-07-15T14:45Z,Panama,0.0,0.0
2026-07-15T14:45Z,Paraguay,0.0,0.0
2026-07-15T14:45Z,Qatar,0.0,0.0
2026-07-15T14:45Z,Saudi Arabia,0.0,0.0
2026-07-15T14:45Z,Scotland,0.0,0.0
2026-07-15T14:45Z,South Africa,0.0,0.0
2026-07-15T14:45Z,South Korea,0.0,0.0
2026-07-15T14:45Z,Sweden,0.0,0.0
2026-07-15T14:45Z,Tunisia,0.0,0.0
2026-07-15T14:45Z,United States,0.0,0.0
2026-07-15T14:45Z,Uruguay,0.0,0.0
2026-07-15T14:45Z,Uzbekistan,0.0,0.0
2026-07-15T14:45Z,England,0.117,0.2275
2026-07-15T14:45Z,Spain,0.273,0.5815
2026-07-15T16:16Z,France,0.115,0.0
2026-07-15T16:16Z,Argentina,0.271,0.1965
2026-07-15T16:16Z,Portugal,0.055,0.0
2026-07-15T16:16Z,Brazil,0.039,0.0
2026-07-15T16:16Z,Belgium,0.024,0.0
2026-07-15T16:16Z,Netherlands,0.021,0.0
2026-07-15T16:16Z,Morocco,0.02,0.0
2026-07-15T16:16Z,Germany,0.017,0.0
2026-07-15T16:16Z,Colombia,0.016,0.0
2026-07-15T16:16Z,Norway,0.01,0.0
2026-07-15T16:16Z,Switzerland,0.008,0.0
2026-07-15T16:16Z,Ecuador,0.004,0.0
2026-07-15T16:16Z,Japan,0.003,0.0
2026-07-15T16:16Z,Croatia,0.002,0.0
2026-07-15T16:16Z,Ivory Coast,0.002,0.0
2026-07-15T16:16Z,Senegal,0.002,0.0
2026-07-15T16:16Z,Australia,0.001,0.0
2026-07-15T16:16Z,Algeria,0.0,0.0
2026-07-15T16:16Z,Austria,0.0,0.0
2026-07-15T16:16Z,Bosnia and Herzegovina,0.0,0.0
2026-07-15T16:16Z,Canada,0.0,0.0
2026-07-15T16:16Z,Cape Verde,0.0,0.0
2026-07-15T16:16Z,Curaçao,0.0,0.0
2026-07-15T16:16Z,Czech Republic,0.0,0.0
2026-07-15T16:16Z,DR Congo,0.0,0.0
2026-07-15T16:16Z,Egypt,0.0,0.0
2026-07-15T16:16Z,Ghana,0.0,0.0
2026-07-15T16:16Z,Haiti,0.0,0.0
2026-07-15T16:16Z,Iran,0.0,0.0
2026-07-15T16:16Z,Iraq,0.0,0.0
2026-07-15T16:16Z,Jordan,0.0,0.0
2026-07-15T16:16Z,Mexico,0.0,0.0
2026-07-15T16:16Z,New Zealand,0.0,0.0
2026-07-15T16:16Z,Panama,0.0,0.0
2026-07-15T16:16Z,Paraguay,0.0,0.0
2026-07-15T16:16Z,Qatar,0.0,0.0
2026-07-15T16:16Z,Saudi Arabia,0.0,0.0
2026-07-15T16:16Z,Scotland,0.0,0.0
2026-07-15T16:16Z,South Africa,0.0,0.0
2026-07-15T16:16Z,South Korea,0.0,0.0
2026-07-15T16:16Z,Sweden,0.0,0.0
2026-07-15T16:16Z,Tunisia,0.0,0.0
2026-07-15T16:16Z,United States,0.0,0.0
2026-07-15T16:16Z,Uruguay,0.0,0.0
2026-07-15T16:16Z,Uzbekistan,0.0,0.0
2026-07-15T16:16Z,England,0.117,0.2275
2026-07-15T16:16Z,Spain,0.273,0.5815
2026-07-15T17:42Z,France,0.115,0.0
2026-07-15T17:42Z,Argentina,0.271,0.1965
2026-07-15T17:42Z,Portugal,0.055,0.0
2026-07-15T17:42Z,Brazil,0.039,0.0
2026-07-15T17:42Z,Belgium,0.024,0.0
2026-07-15T17:42Z,Netherlands,0.021,0.0
2026-07-15T17:42Z,Morocco,0.02,0.0
2026-07-15T17:42Z,Germany,0.017,0.0
2026-07-15T17:42Z,Colombia,0.016,0.0
2026-07-15T17:42Z,Norway,0.01,0.0
2026-07-15T17:42Z,Switzerland,0.008,0.0
2026-07-15T17:42Z,Ecuador,0.004,0.0
2026-07-15T17:42Z,Japan,0.003,0.0
2026-07-15T17:42Z,Croatia,0.002,0.0
2026-07-15T17:42Z,Ivory Coast,0.002,0.0
2026-07-15T17:42Z,Senegal,0.002,0.0
2026-07-15T17:42Z,Australia,0.001,0.0
2026-07-15T17:42Z,Algeria,0.0,0.0
2026-07-15T17:42Z,Austria,0.0,0.0
2026-07-15T17:42Z,Bosnia and Herzegovina,0.0,0.0
2026-07-15T17:42Z,Canada,0.0,0.0
2026-07-15T17:42Z,Cape Verde,0.0,0.0
2026-07-15T17:42Z,Curaçao,0.0,0.0
2026-07-15T17:42Z,Czech Republic,0.0,0.0
2026-07-15T17:42Z,DR Congo,0.0,0.0
2026-07-15T17:42Z,Egypt,0.0,0.0
2026-07-15T17:42Z,Ghana,0.0,0.0
2026-07-15T17:42Z,Haiti,0.0,0.0
2026-07-15T17:42Z,Iran,0.0,0.0
2026-07-15T17:42Z,Iraq,0.0,0.0
2026-07-15T17:42Z,Jordan,0.0,0.0
2026-07-15T17:42Z,Mexico,0.0,0.0
2026-07-15T17:42Z,New Zealand,0.0,0.0
2026-07-15T17:42Z,Panama,0.0,0.0
2026-07-15T17:42Z,Paraguay,0.0,0.0
2026-07-15T17:42Z,Qatar,0.0,0.0
2026-07-15T17:42Z,Saudi Arabia,0.0,0.0
2026-07-15T17:42Z,Scotland,0.0,0.0
2026-07-15T17:42Z,South Africa,0.0,0.0
2026-07-15T17:42Z,South Korea,0.0,0.0
2026-07-15T17:42Z,Sweden,0.0,0.0
2026-07-15T17:42Z,Tunisia,0.0,0.0
2026-07-15T17:42Z,United States,0.0,0.0
2026-07-15T17:42Z,Uruguay,0.0,0.0
2026-07-15T17:42Z,Uzbekistan,0.0,0.0
2026-07-15T17:42Z,England,0.117,0.2275
2026-07-15T17:42Z,Spain,0.273,0.5815
2026-07-15T18:46Z,France,0.115,0.0
2026-07-15T18:46Z,Argentina,0.271,0.1965
2026-07-15T18:46Z,Portugal,0.055,0.0
2026-07-15T18:46Z,Brazil,0.039,0.0
2026-07-15T18:46Z,Belgium,0.024,0.0
2026-07-15T18:46Z,Netherlands,0.021,0.0
2026-07-15T18:46Z,Morocco,0.02,0.0
2026-07-15T18:46Z,Germany,0.017,0.0
2026-07-15T18:46Z,Colombia,0.016,0.0
2026-07-15T18:46Z,Norway,0.01,0.0
2026-07-15T18:46Z,Switzerland,0.008,0.0
2026-07-15T18:46Z,Ecuador,0.004,0.0
2026-07-15T18:46Z,Japan,0.003,0.0
2026-07-15T18:46Z,Croatia,0.002,0.0
2026-07-15T18:46Z,Ivory Coast,0.002,0.0
2026-07-15T18:46Z,Senegal,0.002,0.0
2026-07-15T18:46Z,Australia,0.001,0.0
2026-07-15T18:46Z,Algeria,0.0,0.0
2026-07-15T18:46Z,Austria,0.0,0.0
2026-07-15T18:46Z,Bosnia and Herzegovina,0.0,0.0
2026-07-15T18:46Z,Canada,0.0,0.0
2026-07-15T18:46Z,Cape Verde,0.0,0.0
2026-07-15T18:46Z,Curaçao,0.0,0.0
2026-07-15T18:46Z,Czech Republic,0.0,0.0
2026-07-15T18:46Z,DR Congo,0.0,0.0
2026-07-15T18:46Z,Egypt,0.0,0.0
2026-07-15T18:46Z,Ghana,0.0,0.0
2026-07-15T18:46Z,Haiti,0.0,0.0
2026-07-15T18:46Z,Iran,0.0,0.0
2026-07-15T18:46Z,Iraq,0.0,0.0
2026-07-15T18:46Z,Jordan,0.0,0.0
2026-07-15T18:46Z,Mexico,0.0,0.0
2026-07-15T18:46Z,New Zealand,0.0,0.0
2026-07-15T18:46Z,Panama,0.0,0.0
2026-07-15T18:46Z,Paraguay,0.0,0.0
2026-07-15T18:46Z,Qatar,0.0,0.0
2026-07-15T18:46Z,Saudi Arabia,0.0,0.0
2026-07-15T18:46Z,Scotland,0.0,0.0
2026-07-15T18:46Z,South Africa,0.0,0.0
2026-07-15T18:46Z,South Korea,0.0,0.0
2026-07-15T18:46Z,Sweden,0.0,0.0
2026-07-15T18:46Z,Tunisia,0.0,0.0
2026-07-15T18:46Z,United States,0.0,0.0
2026-07-15T18:46Z,Uruguay,0.0,0.0
2026-07-15T18:46Z,Uzbekistan,0.0,0.0
2026-07-15T18:46Z,England,0.117,0.2275
2026-07-15T18:46Z,Spain,0.273,0.5815
2026-07-15T20:05Z,France,0.115,0.0
2026-07-15T20:05Z,Argentina,0.271,0.1965
2026-07-15T20:05Z,Portugal,0.055,0.0
2026-07-15T20:05Z,Brazil,0.039,0.0
2026-07-15T20:05Z,Belgium,0.024,0.0
2026-07-15T20:05Z,Netherlands,0.021,0.0
2026-07-15T20:05Z,Morocco,0.02,0.0
2026-07-15T20:05Z,Germany,0.017,0.0
2026-07-15T20:05Z,Colombia,0.016,0.0
2026-07-15T20:05Z,Norway,0.01,0.0
2026-07-15T20:05Z,Switzerland,0.008,0.0
2026-07-15T20:05Z,Ecuador,0.004,0.0
2026-07-15T20:05Z,Japan,0.003,0.0
2026-07-15T20:05Z,Croatia,0.002,0.0
2026-07-15T20:05Z,Ivory Coast,0.002,0.0
2026-07-15T20:05Z,Senegal,0.002,0.0
2026-07-15T20:05Z,Australia,0.001,0.0
2026-07-15T20:05Z,Algeria,0.0,0.0
2026-07-15T20:05Z,Austria,0.0,0.0
2026-07-15T20:05Z,Bosnia and Herzegovina,0.0,0.0
2026-07-15T20:05Z,Canada,0.0,0.0
2026-07-15T20:05Z,Cape Verde,0.0,0.0
2026-07-15T20:05Z,Curaçao,0.0,0.0
2026-07-15T20:05Z,Czech Republic,0.0,0.0
2026-07-15T20:05Z,DR Congo,0.0,0.0
2026-07-15T20:05Z,Egypt,0.0,0.0
2026-07-15T20:05Z,Ghana,0.0,0.0
2026-07-15T20:05Z,Haiti,0.0,0.0
2026-07-15T20:05Z,Iran,0.0,0.0
2026-07-15T20:05Z,Iraq,0.0,0.0
2026-07-15T20:05Z,Jordan,0.0,0.0
2026-07-15T20:05Z,Mexico,0.0,0.0
2026-07-15T20:05Z,New Zealand,0.0,0.0
2026-07-15T20:05Z,Panama,0.0,0.0
2026-07-15T20:05Z,Paraguay,0.0,0.0
2026-07-15T20:05Z,Qatar,0.0,0.0
2026-07-15T20:05Z,Saudi Arabia,0.0,0.0
2026-07-15T20:05Z,Scotland,0.0,0.0
2026-07-15T20:05Z,South Africa,0.0,0.0
2026-07-15T20:05Z,South Korea,0.0,0.0
2026-07-15T20:05Z,Sweden,0.0,0.0
2026-07-15T20:05Z,Tunisia,0.0,0.0
2026-07-15T20:05Z,United States,0.0,0.0
2026-07-15T20:05Z,Uruguay,0.0,0.0
2026-07-15T20:05Z,Uzbekistan,0.0,0.0
2026-07-15T20:05Z,England,0.117,0.2295
2026-07-15T20:05Z,Spain,0.273,0.5815
2026-07-15T21:18Z,France,0.114,0.0
2026-07-15T21:18Z,England,0.082,0.0005
2026-07-15T21:18Z,Portugal,0.046,0.0
2026-07-15T21:18Z,Morocco,0.031,0.0
2026-07-15T21:18Z,Belgium,0.029,0.0
2026-07-15T21:18Z,Brazil,0.028,0.0
2026-07-15T21:18Z,Netherlands,0.018,0.0
2026-07-15T21:18Z,Colombia,0.016,0.0
2026-07-15T21:18Z,Germany,0.016,0.0
2026-07-15T21:18Z,Norway,0.011,0.0
2026-07-15T21:18Z,Japan,0.004,0.0
2026-07-15T21:18Z,Ecuador,0.003,0.0
2026-07-15T21:18Z,Senegal,0.003,0.0
2026-07-15T21:18Z,Egypt,0.002,0.0
2026-07-15T21:18Z,Switzerland,0.002,0.0
2026-07-15T21:18Z,Australia,0.001,0.0
2026-07-15T21:18Z,Canada,0.001,0.0
2026-07-15T21:18Z,Algeria,0.0,0.0
2026-07-15T21:18Z,Austria,0.0,0.0
2026-07-15T21:18Z,Bosnia and Herzegovina,0.0,0.0
2026-07-15T21:18Z,Cape Verde,0.0,0.0
2026-07-15T21:18Z,Croatia,0.0,0.0
2026-07-15T21:18Z,Curaçao,0.0,0.0
2026-07-15T21:18Z,Czech Republic,0.0,0.0
2026-07-15T21:18Z,DR Congo,0.0,0.0
2026-07-15T21:18Z,Ghana,0.0,0.0
2026-07-15T21:18Z,Haiti,0.0,0.0
2026-07-15T21:18Z,Iran,0.0,0.0
2026-07-15T21:18Z,Iraq,0.0,0.0
2026-07-15T21:18Z,Ivory Coast,0.0,0.0
2026-07-15T21:18Z,Jordan,0.0,0.0
2026-07-15T21:18Z,Mexico,0.0,0.0
2026-07-15T21:18Z,New Zealand,0.0,0.0
2026-07-15T21:18Z,Panama,0.0,0.0
2026-07-15T21:18Z,Paraguay,0.0,0.0
2026-07-15T21:18Z,Qatar,0.0,0.0
2026-07-15T21:18Z,Saudi Arabia,0.0,0.0
2026-07-15T21:18Z,Scotland,0.0,0.0
2026-07-15T21:18Z,South Africa,0.0,0.0
2026-07-15T21:18Z,South Korea,0.0,0.0
2026-07-15T21:18Z,Sweden,0.0,0.0
2026-07-15T21:18Z,Tunisia,0.0,0.0
2026-07-15T21:18Z,United States,0.0,0.0
2026-07-15T21:18Z,Uruguay,0.0,0.0
2026-07-15T21:18Z,Uzbekistan,0.0,0.0
2026-07-15T21:18Z,Argentina,0.295,0.4195
2026-07-15T21:18Z,Spain,0.298,0.5795
2026-07-15T22:17Z,France,0.114,0.0
2026-07-15T22:17Z,England,0.082,0.0005
2026-07-15T22:17Z,Portugal,0.046,0.0
2026-07-15T22:17Z,Morocco,0.031,0.0
2026-07-15T22:17Z,Belgium,0.029,0.0
2026-07-15T22:17Z,Brazil,0.028,0.0
2026-07-15T22:17Z,Netherlands,0.018,0.0
2026-07-15T22:17Z,Colombia,0.016,0.0
2026-07-15T22:17Z,Germany,0.016,0.0
2026-07-15T22:17Z,Norway,0.011,0.0
2026-07-15T22:17Z,Japan,0.004,0.0
2026-07-15T22:17Z,Ecuador,0.003,0.0
2026-07-15T22:17Z,Senegal,0.003,0.0
2026-07-15T22:17Z,Egypt,0.002,0.0
2026-07-15T22:17Z,Switzerland,0.002,0.0
2026-07-15T22:17Z,Australia,0.001,0.0
2026-07-15T22:17Z,Canada,0.001,0.0
2026-07-15T22:17Z,Algeria,0.0,0.0
2026-07-15T22:17Z,Austria,0.0,0.0
2026-07-15T22:17Z,Bosnia and Herzegovina,0.0,0.0
2026-07-15T22:17Z,Cape Verde,0.0,0.0
2026-07-15T22:17Z,Croatia,0.0,0.0
2026-07-15T22:17Z,Curaçao,0.0,0.0
2026-07-15T22:17Z,Czech Republic,0.0,0.0
2026-07-15T22:17Z,DR Congo,0.0,0.0
2026-07-15T22:17Z,Ghana,0.0,0.0
2026-07-15T22:17Z,Haiti,0.0,0.0
2026-07-15T22:17Z,Iran,0.0,0.0
2026-07-15T22:17Z,Iraq,0.0,0.0
2026-07-15T22:17Z,Ivory Coast,0.0,0.0
2026-07-15T22:17Z,Jordan,0.0,0.0
2026-07-15T22:17Z,Mexico,0.0,0.0
2026-07-15T22:17Z,New Zealand,0.0,0.0
2026-07-15T22:17Z,Panama,0.0,0.0
2026-07-15T22:17Z,Paraguay,0.0,0.0
2026-07-15T22:17Z,Qatar,0.0,0.0
2026-07-15T22:17Z,Saudi Arabia,0.0,0.0
2026-07-15T22:17Z,Scotland,0.0,0.0
2026-07-15T22:17Z,South Africa,0.0,0.0
2026-07-15T22:17Z,South Korea,0.0,0.0
2026-07-15T22:17Z,Sweden,0.0,0.0
2026-07-15T22:17Z,Tunisia,0.0,0.0
2026-07-15T22:17Z,United States,0.0,0.0
2026-07-15T22:17Z,Uruguay,0.0,0.0
2026-07-15T22:17Z,Uzbekistan,0.0,0.0
2026-07-15T22:17Z,Argentina,0.295,0.4215
2026-07-15T22:17Z,Spain,0.298,0.5795
2026-07-15T23:15Z,France,0.114,0.0
2026-07-15T23:15Z,England,0.082,0.0005
2026-07-15T23:15Z,Portugal,0.046,0.0
2026-07-15T23:15Z,Morocco,0.031,0.0
2026-07-15T23:15Z,Belgium,0.029,0.0
2026-07-15T23:15Z,Brazil,0.028,0.0
2026-07-15T23:15Z,Netherlands,0.018,0.0
2026-07-15T23:15Z,Colombia,0.016,0.0
2026-07-15T23:15Z,Germany,0.016,0.0
2026-07-15T23:15Z,Norway,0.011,0.0
2026-07-15T23:15Z,Japan,0.004,0.0
2026-07-15T23:15Z,Ecuador,0.003,0.0
2026-07-15T23:15Z,Senegal,0.003,0.0
2026-07-15T23:15Z,Egypt,0.002,0.0
2026-07-15T23:15Z,Switzerland,0.002,0.0
2026-07-15T23:15Z,Australia,0.001,0.0
2026-07-15T23:15Z,Canada,0.001,0.0
2026-07-15T23:15Z,Algeria,0.0,0.0
2026-07-15T23:15Z,Austria,0.0,0.0
2026-07-15T23:15Z,Bosnia and Herzegovina,0.0,0.0
2026-07-15T23:15Z,Cape Verde,0.0,0.0
2026-07-15T23:15Z,Croatia,0.0,0.0
2026-07-15T23:15Z,Curaçao,0.0,0.0
2026-07-15T23:15Z,Czech Republic,0.0,0.0
2026-07-15T23:15Z,DR Congo,0.0,0.0
2026-07-15T23:15Z,Ghana,0.0,0.0
2026-07-15T23:15Z,Haiti,0.0,0.0
2026-07-15T23:15Z,Iran,0.0,0.0
2026-07-15T23:15Z,Iraq,0.0,0.0
2026-07-15T23:15Z,Ivory Coast,0.0,0.0
2026-07-15T23:15Z,Jordan,0.0,0.0
2026-07-15T23:15Z,Mexico,0.0,0.0
2026-07-15T23:15Z,New Zealand,0.0,0.0
2026-07-15T23:15Z,Panama,0.0,0.0
2026-07-15T23:15Z,Paraguay,0.0,0.0
2026-07-15T23:15Z,Qatar,0.0,0.0
2026-07-15T23:15Z,Saudi Arabia,0.0,0.0
2026-07-15T23:15Z,Scotland,0.0,0.0
2026-07-15T23:15Z,South Africa,0.0,0.0
2026-07-15T23:15Z,South Korea,0.0,0.0
2026-07-15T23:15Z,Sweden,0.0,0.0
2026-07-15T23:15Z,Tunisia,0.0,0.0
2026-07-15T23:15Z,United States,0.0,0.0
2026-07-15T23:15Z,Uruguay,0.0,0.0
2026-07-15T23:15Z,Uzbekistan,0.0,0.0
2026-07-15T23:15Z,Argentina,0.295,0.4215
2026-07-15T23:15Z,Spain,0.298,0.5795
2026-07-16T00:13Z,France,0.114,0.0
2026-07-16T00:13Z,England,0.082,0.0
2026-07-16T00:13Z,Portugal,0.046,0.0
2026-07-16T00:13Z,Morocco,0.031,0.0
2026-07-16T00:13Z,Belgium,0.029,0.0
2026-07-16T00:13Z,Brazil,0.028,0.0
2026-07-16T00:13Z,Netherlands,0.018,0.0
2026-07-16T00:13Z,Colombia,0.016,0.0
2026-07-16T00:13Z,Germany,0.016,0.0
2026-07-16T00:13Z,Norway,0.011,0.0
2026-07-16T00:13Z,Japan,0.004,0.0
2026-07-16T00:13Z,Ecuador,0.003,0.0
2026-07-16T00:13Z,Senegal,0.003,0.0
2026-07-16T00:13Z,Egypt,0.002,0.0
2026-07-16T00:13Z,Switzerland,0.002,0.0
2026-07-16T00:13Z,Australia,0.001,0.0
2026-07-16T00:13Z,Canada,0.001,0.0
2026-07-16T00:13Z,Algeria,0.0,0.0
2026-07-16T00:13Z,Austria,0.0,0.0
2026-07-16T00:13Z,Bosnia and Herzegovina,0.0,0.0
2026-07-16T00:13Z,Cape Verde,0.0,0.0
2026-07-16T00:13Z,Croatia,0.0,0.0
2026-07-16T00:13Z,Curaçao,0.0,0.0
2026-07-16T00:13Z,Czech Republic,0.0,0.0
2026-07-16T00:13Z,DR Congo,0.0,0.0
2026-07-16T00:13Z,Ghana,0.0,0.0
2026-07-16T00:13Z,Haiti,0.0,0.0
2026-07-16T00:13Z,Iran,0.0,0.0
2026-07-16T00:13Z,Iraq,0.0,0.0
2026-07-16T00:13Z,Ivory Coast,0.0,0.0
2026-07-16T00:13Z,Jordan,0.0,0.0
2026-07-16T00:13Z,Mexico,0.0,0.0
2026-07-16T00:13Z,New Zealand,0.0,0.0
2026-07-16T00:13Z,Panama,0.0,0.0
2026-07-16T00:13Z,Paraguay,0.0,0.0
2026-07-16T00:13Z,Qatar,0.0,0.0
2026-07-16T00:13Z,Saudi Arabia,0.0,0.0
2026-07-16T00:13Z,Scotland,0.0,0.0
2026-07-16T00:13Z,South Africa,0.0,0.0
2026-07-16T00:13Z,South Korea,0.0,0.0
2026-07-16T00:13Z,Sweden,0.0,0.0
2026-07-16T00:13Z,Tunisia,0.0,0.0
2026-07-16T00:13Z,United States,0.0,0.0
2026-07-16T00:13Z,Uruguay,0.0,0.0
2026-07-16T00:13Z,Uzbekistan,0.0,0.0
2026-07-16T00:13Z,Argentina,0.295,0.4215
2026-07-16T00:13Z,Spain,0.298,0.5795
2026-07-16T03:41Z,France,0.114,0.0
2026-07-16T03:41Z,England,0.082,0.0
2026-07-16T03:41Z,Portugal,0.046,0.0
2026-07-16T03:41Z,Morocco,0.031,0.0
2026-07-16T03:41Z,Belgium,0.029,0.0
2026-07-16T03:41Z,Brazil,0.028,0.0
2026-07-16T03:41Z,Netherlands,0.018,0.0
2026-07-16T03:41Z,Colombia,0.016,0.0
2026-07-16T03:41Z,Germany,0.016,0.0
2026-07-16T03:41Z,Norway,0.011,0.0
2026-07-16T03:41Z,Japan,0.004,0.0
2026-07-16T03:41Z,Ecuador,0.003,0.0
2026-07-16T03:41Z,Senegal,0.003,0.0
2026-07-16T03:41Z,Egypt,0.002,0.0
2026-07-16T03:41Z,Switzerland,0.002,0.0
2026-07-16T03:41Z,Australia,0.001,0.0
2026-07-16T03:41Z,Canada,0.001,0.0
2026-07-16T03:41Z,Algeria,0.0,0.0
2026-07-16T03:41Z,Austria,0.0,0.0
2026-07-16T03:41Z,Bosnia and Herzegovina,0.0,0.0
2026-07-16T03:41Z,Cape Verde,0.0,0.0
2026-07-16T03:41Z,Croatia,0.0,0.0
2026-07-16T03:41Z,Curaçao,0.0,0.0
2026-07-16T03:41Z,Czech Republic,0.0,0.0
2026-07-16T03:41Z,DR Congo,0.0,0.0
2026-07-16T03:41Z,Ghana,0.0,0.0
2026-07-16T03:41Z,Haiti,0.0,0.0
2026-07-16T03:41Z,Iran,0.0,0.0
2026-07-16T03:41Z,Iraq,0.0,0.0
2026-07-16T03:41Z,Ivory Coast,0.0,0.0
2026-07-16T03:41Z,Jordan,0.0,0.0
2026-07-16T03:41Z,Mexico,0.0,0.0
2026-07-16T03:41Z,New Zealand,0.0,0.0
2026-07-16T03:41Z,Panama,0.0,0.0
2026-07-16T03:41Z,Paraguay,0.0,0.0
2026-07-16T03:41Z,Qatar,0.0,0.0
2026-07-16T03:41Z,Saudi Arabia,0.0,0.0
2026-07-16T03:41Z,Scotland,0.0,0.0
2026-07-16T03:41Z,South Africa,0.0,0.0
2026-07-16T03:41Z,South Korea,0.0,0.0
2026-07-16T03:41Z,Sweden,0.0,0.0
2026-07-16T03:41Z,Tunisia,0.0,0.0
2026-07-16T03:41Z,United States,0.0,0.0
2026-07-16T03:41Z,Uruguay,0.0,0.0
2026-07-16T03:41Z,Uzbekistan,0.0,0.0
2026-07-16T03:41Z,Argentina,0.295,0.4195
2026-07-16T03:41Z,Spain,0.298,0.5795
2026-07-16T06:05Z,France,0.114,0.0
2026-07-16T06:05Z,England,0.082,0.0
2026-07-16T06:05Z,Portugal,0.046,0.0
2026-07-16T06:05Z,Morocco,0.031,0.0
2026-07-16T06:05Z,Belgium,0.029,0.0
2026-07-16T06:05Z,Brazil,0.028,0.0
2026-07-16T06:05Z,Netherlands,0.018,0.0
2026-07-16T06:05Z,Colombia,0.016,0.0
2026-07-16T06:05Z,Germany,0.016,0.0
2026-07-16T06:05Z,Norway,0.011,0.0
2026-07-16T06:05Z,Japan,0.004,0.0
2026-07-16T06:05Z,Ecuador,0.003,0.0
2026-07-16T06:05Z,Senegal,0.003,0.0
2026-07-16T06:05Z,Egypt,0.002,0.0
2026-07-16T06:05Z,Switzerland,0.002,0.0
2026-07-16T06:05Z,Australia,0.001,0.0
2026-07-16T06:05Z,Canada,0.001,0.0
2026-07-16T06:05Z,Algeria,0.0,0.0
2026-07-16T06:05Z,Austria,0.0,0.0
2026-07-16T06:05Z,Bosnia and Herzegovina,0.0,0.0
2026-07-16T06:05Z,Cape Verde,0.0,0.0
2026-07-16T06:05Z,Croatia,0.0,0.0
2026-07-16T06:05Z,Curaçao,0.0,0.0
2026-07-16T06:05Z,Czech Republic,0.0,0.0
2026-07-16T06:05Z,DR Congo,0.0,0.0
2026-07-16T06:05Z,Ghana,0.0,0.0
2026-07-16T06:05Z,Haiti,0.0,0.0
2026-07-16T06:05Z,Iran,0.0,0.0
2026-07-16T06:05Z,Iraq,0.0,0.0
2026-07-16T06:05Z,Ivory Coast,0.0,0.0
2026-07-16T06:05Z,Jordan,0.0,0.0
2026-07-16T06:05Z,Mexico,0.0,0.0
2026-07-16T06:05Z,New Zealand,0.0,0.0
2026-07-16T06:05Z,Panama,0.0,0.0
2026-07-16T06:05Z,Paraguay,0.0,0.0
2026-07-16T06:05Z,Qatar,0.0,0.0
2026-07-16T06:05Z,Saudi Arabia,0.0,0.0
2026-07-16T06:05Z,Scotland,0.0,0.0
2026-07-16T06:05Z,South Africa,0.0,0.0
2026-07-16T06:05Z,South Korea,0.0,0.0
2026-07-16T06:05Z,Sweden,0.0,0.0
2026-07-16T06:05Z,Tunisia,0.0,0.0
2026-07-16T06:05Z,United States,0.0,0.0
2026-07-16T06:05Z,Uruguay,0.0,0.0
2026-07-16T06:05Z,Uzbekistan,0.0,0.0
2026-07-16T06:05Z,Argentina,0.295,0.4155
2026-07-16T06:05Z,Spain,0.298,0.5795
2026-07-16T08:37Z,France,0.114,0.0
2026-07-16T08:37Z,England,0.082,0.0
2026-07-16T08:37Z,Portugal,0.046,0.0
2026-07-16T08:37Z,Morocco,0.031,0.0
2026-07-16T08:37Z,Belgium,0.029,0.0
2026-07-16T08:37Z,Brazil,0.028,0.0
2026-07-16T08:37Z,Netherlands,0.018,0.0
2026-07-16T08:37Z,Colombia,0.016,0.0
2026-07-16T08:37Z,Germany,0.016,0.0
2026-07-16T08:37Z,Norway,0.011,0.0
2026-07-16T08:37Z,Japan,0.004,0.0
2026-07-16T08:37Z,Ecuador,0.003,0.0
2026-07-16T08:37Z,Senegal,0.003,0.0
2026-07-16T08:37Z,Egypt,0.002,0.0
2026-07-16T08:37Z,Switzerland,0.002,0.0
2026-07-16T08:37Z,Australia,0.001,0.0
2026-07-16T08:37Z,Canada,0.001,0.0
2026-07-16T08:37Z,Algeria,0.0,0.0
2026-07-16T08:37Z,Austria,0.0,0.0
2026-07-16T08:37Z,Bosnia and Herzegovina,0.0,0.0
2026-07-16T08:37Z,Cape Verde,0.0,0.0
2026-07-16T08:37Z,Croatia,0.0,0.0
2026-07-16T08:37Z,Curaçao,0.0,0.0
2026-07-16T08:37Z,Czech Republic,0.0,0.0
2026-07-16T08:37Z,DR Congo,0.0,0.0
2026-07-16T08:37Z,Ghana,0.0,0.0
2026-07-16T08:37Z,Haiti,0.0,0.0
2026-07-16T08:37Z,Iran,0.0,0.0
2026-07-16T08:37Z,Iraq,0.0,0.0
2026-07-16T08:37Z,Ivory Coast,0.0,0.0
2026-07-16T08:37Z,Jordan,0.0,0.0
2026-07-16T08:37Z,Mexico,0.0,0.0
2026-07-16T08:37Z,New Zealand,0.0,0.0
2026-07-16T08:37Z,Panama,0.0,0.0
2026-07-16T08:37Z,Paraguay,0.0,0.0
2026-07-16T08:37Z,Qatar,0.0,0.0
2026-07-16T08:37Z,Saudi Arabia,0.0,0.0
2026-07-16T08:37Z,Scotland,0.0,0.0
2026-07-16T08:37Z,South Africa,0.0,0.0
2026-07-16T08:37Z,South Korea,0.0,0.0
2026-07-16T08:37Z,Sweden,0.0,0.0
2026-07-16T08:37Z,Tunisia,0.0,0.0
2026-07-16T08:37Z,United States,0.0,0.0
2026-07-16T08:37Z,Uruguay,0.0,0.0
2026-07-16T08:37Z,Uzbekistan,0.0,0.0
2026-07-16T08:37Z,Argentina,0.295,0.4155
2026-07-16T08:37Z,Spain,0.298,0.5795
2026-07-16T10:33Z,France,0.114,0.0
2026-07-16T10:33Z,England,0.082,0.0
2026-07-16T10:33Z,Portugal,0.046,0.0
2026-07-16T10:33Z,Morocco,0.031,0.0
2026-07-16T10:33Z,Belgium,0.029,0.0
2026-07-16T10:33Z,Brazil,0.028,0.0
2026-07-16T10:33Z,Netherlands,0.018,0.0
2026-07-16T10:33Z,Colombia,0.016,0.0
2026-07-16T10:33Z,Germany,0.016,0.0
2026-07-16T10:33Z,Norway,0.011,0.0
2026-07-16T10:33Z,Japan,0.004,0.0
2026-07-16T10:33Z,Ecuador,0.003,0.0
2026-07-16T10:33Z,Senegal,0.003,0.0
2026-07-16T10:33Z,Egypt,0.002,0.0
2026-07-16T10:33Z,Switzerland,0.002,0.0
2026-07-16T10:33Z,Australia,0.001,0.0
2026-07-16T10:33Z,Canada,0.001,0.0
2026-07-16T10:33Z,Algeria,0.0,0.0
2026-07-16T10:33Z,Austria,0.0,0.0
2026-07-16T10:33Z,Bosnia and Herzegovina,0.0,0.0
2026-07-16T10:33Z,Cape Verde,0.0,0.0
2026-07-16T10:33Z,Croatia,0.0,0.0
2026-07-16T10:33Z,Curaçao,0.0,0.0
2026-07-16T10:33Z,Czech Republic,0.0,0.0
2026-07-16T10:33Z,DR Congo,0.0,0.0
2026-07-16T10:33Z,Ghana,0.0,0.0
2026-07-16T10:33Z,Haiti,0.0,0.0
2026-07-16T10:33Z,Iran,0.0,0.0
2026-07-16T10:33Z,Iraq,0.0,0.0
2026-07-16T10:33Z,Ivory Coast,0.0,0.0
2026-07-16T10:33Z,Jordan,0.0,0.0
2026-07-16T10:33Z,Mexico,0.0,0.0
2026-07-16T10:33Z,New Zealand,0.0,0.0
2026-07-16T10:33Z,Panama,0.0,0.0
2026-07-16T10:33Z,Paraguay,0.0,0.0
2026-07-16T10:33Z,Qatar,0.0,0.0
2026-07-16T10:33Z,Saudi Arabia,0.0,0.0
2026-07-16T10:33Z,Scotland,0.0,0.0
2026-07-16T10:33Z,South Africa,0.0,0.0
2026-07-16T10:33Z,South Korea,0.0,0.0
2026-07-16T10:33Z,Sweden,0.0,0.0
2026-07-16T10:33Z,Tunisia,0.0,0.0
2026-07-16T10:33Z,United States,0.0,0.0
2026-07-16T10:33Z,Uruguay,0.0,0.0
2026-07-16T10:33Z,Uzbekistan,0.0,0.0
2026-07-16T10:33Z,Argentina,0.295,0.4165
2026-07-16T10:33Z,Spain,0.298,0.5795
2026-07-16T12:06Z,France,0.114,0.0
2026-07-16T12:06Z,England,0.082,0.0
2026-07-16T12:06Z,Portugal,0.046,0.0
2026-07-16T12:06Z,Morocco,0.031,0.0
2026-07-16T12:06Z,Belgium,0.029,0.0
2026-07-16T12:06Z,Brazil,0.028,0.0
2026-07-16T12:06Z,Netherlands,0.018,0.0
2026-07-16T12:06Z,Colombia,0.016,0.0
2026-07-16T12:06Z,Germany,0.016,0.0
2026-07-16T12:06Z,Norway,0.011,0.0
2026-07-16T12:06Z,Japan,0.004,0.0
2026-07-16T12:06Z,Ecuador,0.003,0.0
2026-07-16T12:06Z,Senegal,0.003,0.0
2026-07-16T12:06Z,Egypt,0.002,0.0
2026-07-16T12:06Z,Switzerland,0.002,0.0
2026-07-16T12:06Z,Australia,0.001,0.0
2026-07-16T12:06Z,Canada,0.001,0.0
2026-07-16T12:06Z,Algeria,0.0,0.0
2026-07-16T12:06Z,Austria,0.0,0.0
2026-07-16T12:06Z,Bosnia and Herzegovina,0.0,0.0
2026-07-16T12:06Z,Cape Verde,0.0,0.0
2026-07-16T12:06Z,Croatia,0.0,0.0
2026-07-16T12:06Z,Curaçao,0.0,0.0
2026-07-16T12:06Z,Czech Republic,0.0,0.0
2026-07-16T12:06Z,DR Congo,0.0,0.0
2026-07-16T12:06Z,Ghana,0.0,0.0
2026-07-16T12:06Z,Haiti,0.0,0.0
2026-07-16T12:06Z,Iran,0.0,0.0
2026-07-16T12:06Z,Iraq,0.0,0.0
2026-07-16T12:06Z,Ivory Coast,0.0,0.0
2026-07-16T12:06Z,Jordan,0.0,0.0
2026-07-16T12:06Z,Mexico,0.0,0.0
2026-07-16T12:06Z,New Zealand,0.0,0.0
2026-07-16T12:06Z,Panama,0.0,0.0
2026-07-16T12:06Z,Paraguay,0.0,0.0
2026-07-16T12:06Z,Qatar,0.0,0.0
2026-07-16T12:06Z,Saudi Arabia,0.0,0.0
2026-07-16T12:06Z,Scotland,0.0,0.0
2026-07-16T12:06Z,South Africa,0.0,0.0
2026-07-16T12:06Z,South Korea,0.0,0.0
2026-07-16T12:06Z,Sweden,0.0,0.0
2026-07-16T12:06Z,Tunisia,0.0,0.0
2026-07-16T12:06Z,United States,0.0,0.0
2026-07-16T12:06Z,Uruguay,0.0,0.0
2026-07-16T12:06Z,Uzbekistan,0.0,0.0
2026-07-16T12:06Z,Argentina,0.295,0.4165
2026-07-16T12:06Z,Spain,0.298,0.5795
2026-07-16T14:27Z,France,0.114,0.0
2026-07-16T14:27Z,England,0.082,0.0
2026-07-16T14:27Z,Portugal,0.046,0.0
2026-07-16T14:27Z,Morocco,0.031,0.0
2026-07-16T14:27Z,Belgium,0.029,0.0
2026-07-16T14:27Z,Brazil,0.028,0.0
2026-07-16T14:27Z,Netherlands,0.018,0.0
2026-07-16T14:27Z,Colombia,0.016,0.0
2026-07-16T14:27Z,Germany,0.016,0.0
2026-07-16T14:27Z,Norway,0.011,0.0
2026-07-16T14:27Z,Japan,0.004,0.0
2026-07-16T14:27Z,Ecuador,0.003,0.0
2026-07-16T14:27Z,Senegal,0.003,0.0
2026-07-16T14:27Z,Egypt,0.002,0.0
2026-07-16T14:27Z,Switzerland,0.002,0.0
2026-07-16T14:27Z,Australia,0.001,0.0
2026-07-16T14:27Z,Canada,0.001,0.0
2026-07-16T14:27Z,Algeria,0.0,0.0
2026-07-16T14:27Z,Austria,0.0,0.0
2026-07-16T14:27Z,Bosnia and Herzegovina,0.0,0.0
2026-07-16T14:27Z,Cape Verde,0.0,0.0
2026-07-16T14:27Z,Croatia,0.0,0.0
2026-07-16T14:27Z,Curaçao,0.0,0.0
2026-07-16T14:27Z,Czech Republic,0.0,0.0
2026-07-16T14:27Z,DR Congo,0.0,0.0
2026-07-16T14:27Z,Ghana,0.0,0.0
2026-07-16T14:27Z,Haiti,0.0,0.0
2026-07-16T14:27Z,Iran,0.0,0.0
2026-07-16T14:27Z,Iraq,0.0,0.0
2026-07-16T14:27Z,Ivory Coast,0.0,0.0
2026-07-16T14:27Z,Jordan,0.0,0.0
2026-07-16T14:27Z,Mexico,0.0,0.0
2026-07-16T14:27Z,New Zealand,0.0,0.0
2026-07-16T14:27Z,Panama,0.0,0.0
2026-07-16T14:27Z,Paraguay,0.0,0.0
2026-07-16T14:27Z,Qatar,0.0,0.0
2026-07-16T14:27Z,Saudi Arabia,0.0,0.0
2026-07-16T14:27Z,Scotland,0.0,0.0
2026-07-16T14:27Z,South Africa,0.0,0.0
2026-07-16T14:27Z,South Korea,0.0,0.0
2026-07-16T14:27Z,Sweden,0.0,0.0
2026-07-16T14:27Z,Tunisia,0.0,0.0
2026-07-16T14:27Z,United States,0.0,0.0
2026-07-16T14:27Z,Uruguay,0.0,0.0
2026-07-16T14:27Z,Uzbekistan,0.0,0.0
2026-07-16T14:27Z,Argentina,0.295,0.4165
2026-07-16T14:27Z,Spain,0.298,0.5805
2026-07-16T16:03Z,France,0.114,0.0
2026-07-16T16:03Z,England,0.082,0.0
2026-07-16T16:03Z,Portugal,0.046,0.0
2026-07-16T16:03Z,Morocco,0.031,0.0
2026-07-16T16:03Z,Belgium,0.029,0.0
2026-07-16T16:03Z,Brazil,0.028,0.0
2026-07-16T16:03Z,Netherlands,0.018,0.0
2026-07-16T16:03Z,Colombia,0.016,0.0
2026-07-16T16:03Z,Germany,0.016,0.0
2026-07-16T16:03Z,Norway,0.011,0.0
2026-07-16T16:03Z,Japan,0.004,0.0
2026-07-16T16:03Z,Ecuador,0.003,0.0
2026-07-16T16:03Z,Senegal,0.003,0.0
2026-07-16T16:03Z,Egypt,0.002,0.0
2026-07-16T16:03Z,Switzerland,0.002,0.0
2026-07-16T16:03Z,Australia,0.001,0.0
2026-07-16T16:03Z,Canada,0.001,0.0
2026-07-16T16:03Z,Algeria,0.0,0.0
2026-07-16T16:03Z,Austria,0.0,0.0
2026-07-16T16:03Z,Bosnia and Herzegovina,0.0,0.0
2026-07-16T16:03Z,Cape Verde,0.0,0.0
2026-07-16T16:03Z,Croatia,0.0,0.0
2026-07-16T16:03Z,Curaçao,0.0,0.0
2026-07-16T16:03Z,Czech Republic,0.0,0.0
2026-07-16T16:03Z,DR Congo,0.0,0.0
2026-07-16T16:03Z,Ghana,0.0,0.0
2026-07-16T16:03Z,Haiti,0.0,0.0
2026-07-16T16:03Z,Iran,0.0,0.0
2026-07-16T16:03Z,Iraq,0.0,0.0
2026-07-16T16:03Z,Ivory Coast,0.0,0.0
2026-07-16T16:03Z,Jordan,0.0,0.0
2026-07-16T16:03Z,Mexico,0.0,0.0
2026-07-16T16:03Z,New Zealand,0.0,0.0
2026-07-16T16:03Z,Panama,0.0,0.0
2026-07-16T16:03Z,Paraguay,0.0,0.0
2026-07-16T16:03Z,Qatar,0.0,0.0
2026-07-16T16:03Z,Saudi Arabia,0.0,0.0
2026-07-16T16:03Z,Scotland,0.0,0.0
2026-07-16T16:03Z,South Africa,0.0,0.0
2026-07-16T16:03Z,South Korea,0.0,0.0
2026-07-16T16:03Z,Sweden,0.0,0.0
2026-07-16T16:03Z,Tunisia,0.0,0.0
2026-07-16T16:03Z,United States,0.0,0.0
2026-07-16T16:03Z,Uruguay,0.0,0.0
2026-07-16T16:03Z,Uzbekistan,0.0,0.0
2026-07-16T16:03Z,Argentina,0.295,0.4165
2026-07-16T16:03Z,Spain,0.298,0.5825
2026-07-16T17:43Z,France,0.114,0.0
2026-07-16T17:43Z,England,0.082,0.0
2026-07-16T17:43Z,Portugal,0.046,0.0
2026-07-16T17:43Z,Morocco,0.031,0.0
2026-07-16T17:43Z,Belgium,0.029,0.0
2026-07-16T17:43Z,Brazil,0.028,0.0
2026-07-16T17:43Z,Netherlands,0.018,0.0
2026-07-16T17:43Z,Colombia,0.016,0.0
2026-07-16T17:43Z,Germany,0.016,0.0
2026-07-16T17:43Z,Norway,0.011,0.0
2026-07-16T17:43Z,Japan,0.004,0.0
2026-07-16T17:43Z,Ecuador,0.003,0.0
2026-07-16T17:43Z,Senegal,0.003,0.0
2026-07-16T17:43Z,Egypt,0.002,0.0
2026-07-16T17:43Z,Switzerland,0.002,0.0
2026-07-16T17:43Z,Australia,0.001,0.0
2026-07-16T17:43Z,Canada,0.001,0.0
2026-07-16T17:43Z,Algeria,0.0,0.0
2026-07-16T17:43Z,Austria,0.0,0.0
2026-07-16T17:43Z,Bosnia and Herzegovina,0.0,0.0
2026-07-16T17:43Z,Cape Verde,0.0,0.0
2026-07-16T17:43Z,Croatia,0.0,0.0
2026-07-16T17:43Z,Curaçao,0.0,0.0
2026-07-16T17:43Z,Czech Republic,0.0,0.0
2026-07-16T17:43Z,DR Congo,0.0,0.0
2026-07-16T17:43Z,Ghana,0.0,0.0
2026-07-16T17:43Z,Haiti,0.0,0.0
2026-07-16T17:43Z,Iran,0.0,0.0
2026-07-16T17:43Z,Iraq,0.0,0.0
2026-07-16T17:43Z,Ivory Coast,0.0,0.0
2026-07-16T17:43Z,Jordan,0.0,0.0
2026-07-16T17:43Z,Mexico,0.0,0.0
2026-07-16T17:43Z,New Zealand,0.0,0.0
2026-07-16T17:43Z,Panama,0.0,0.0
2026-07-16T17:43Z,Paraguay,0.0,0.0
2026-07-16T17:43Z,Qatar,0.0,0.0
2026-07-16T17:43Z,Saudi Arabia,0.0,0.0
2026-07-16T17:43Z,Scotland,0.0,0.0
2026-07-16T17:43Z,South Africa,0.0,0.0
2026-07-16T17:43Z,South Korea,0.0,0.0
2026-07-16T17:43Z,Sweden,0.0,0.0
2026-07-16T17:43Z,Tunisia,0.0,0.0
2026-07-16T17:43Z,United States,0.0,0.0
2026-07-16T17:43Z,Uruguay,0.0,0.0
2026-07-16T17:43Z,Uzbekistan,0.0,0.0
2026-07-16T17:43Z,Argentina,0.295,0.4165
2026-07-16T17:43Z,Spain,0.298,0.5835
2026-07-16T19:01Z,France,0.114,0.0
2026-07-16T19:01Z,England,0.082,0.0
2026-07-16T19:01Z,Portugal,0.046,0.0
2026-07-16T19:01Z,Morocco,0.031,0.0
2026-07-16T19:01Z,Belgium,0.029,0.0
2026-07-16T19:01Z,Brazil,0.028,0.0
2026-07-16T19:01Z,Netherlands,0.018,0.0
2026-07-16T19:01Z,Colombia,0.016,0.0
2026-07-16T19:01Z,Germany,0.016,0.0
2026-07-16T19:01Z,Norway,0.011,0.0
2026-07-16T19:01Z,Japan,0.004,0.0
2026-07-16T19:01Z,Ecuador,0.003,0.0
2026-07-16T19:01Z,Senegal,0.003,0.0
2026-07-16T19:01Z,Egypt,0.002,0.0
2026-07-16T19:01Z,Switzerland,0.002,0.0
2026-07-16T19:01Z,Australia,0.001,0.0
2026-07-16T19:01Z,Canada,0.001,0.0
2026-07-16T19:01Z,Algeria,0.0,0.0
2026-07-16T19:01Z,Austria,0.0,0.0
2026-07-16T19:01Z,Bosnia and Herzegovina,0.0,0.0
2026-07-16T19:01Z,Cape Verde,0.0,0.0
2026-07-16T19:01Z,Croatia,0.0,0.0
2026-07-16T19:01Z,Curaçao,0.0,0.0
2026-07-16T19:01Z,Czech Republic,0.0,0.0
2026-07-16T19:01Z,DR Congo,0.0,0.0
2026-07-16T19:01Z,Ghana,0.0,0.0
2026-07-16T19:01Z,Haiti,0.0,0.0
2026-07-16T19:01Z,Iran,0.0,0.0
2026-07-16T19:01Z,Iraq,0.0,0.0
2026-07-16T19:01Z,Ivory Coast,0.0,0.0
2026-07-16T19:01Z,Jordan,0.0,0.0
2026-07-16T19:01Z,Mexico,0.0,0.0
2026-07-16T19:01Z,New Zealand,0.0,0.0
2026-07-16T19:01Z,Panama,0.0,0.0
2026-07-16T19:01Z,Paraguay,0.0,0.0
2026-07-16T19:01Z,Qatar,0.0,0.0
2026-07-16T19:01Z,Saudi Arabia,0.0,0.0
2026-07-16T19:01Z,Scotland,0.0,0.0
2026-07-16T19:01Z,South Africa,0.0,0.0
2026-07-16T19:01Z,South Korea,0.0,0.0
2026-07-16T19:01Z,Sweden,0.0,0.0
2026-07-16T19:01Z,Tunisia,0.0,0.0
2026-07-16T19:01Z,United States,0.0,0.0
2026-07-16T19:01Z,Uruguay,0.0,0.0
2026-07-16T19:01Z,Uzbekistan,0.0,0.0
2026-07-16T19:01Z,Argentina,0.295,0.4165
2026-07-16T19:01Z,Spain,0.298,0.5835
2026-07-16T20:06Z,France,0.114,0.0
2026-07-16T20:06Z,England,0.082,0.0
2026-07-16T20:06Z,Portugal,0.046,0.0
2026-07-16T20:06Z,Morocco,0.031,0.0
2026-07-16T20:06Z,Belgium,0.029,0.0
2026-07-16T20:06Z,Brazil,0.028,0.0
2026-07-16T20:06Z,Netherlands,0.018,0.0
2026-07-16T20:06Z,Colombia,0.016,0.0
2026-07-16T20:06Z,Germany,0.016,0.0
2026-07-16T20:06Z,Norway,0.011,0.0
2026-07-16T20:06Z,Japan,0.004,0.0
2026-07-16T20:06Z,Ecuador,0.003,0.0
2026-07-16T20:06Z,Senegal,0.003,0.0
2026-07-16T20:06Z,Egypt,0.002,0.0
2026-07-16T20:06Z,Switzerland,0.002,0.0
2026-07-16T20:06Z,Australia,0.001,0.0
2026-07-16T20:06Z,Canada,0.001,0.0
2026-07-16T20:06Z,Algeria,0.0,0.0
2026-07-16T20:06Z,Austria,0.0,0.0
2026-07-16T20:06Z,Bosnia and Herzegovina,0.0,0.0
2026-07-16T20:06Z,Cape Verde,0.0,0.0
2026-07-16T20:06Z,Croatia,0.0,0.0
2026-07-16T20:06Z,Curaçao,0.0,0.0
2026-07-16T20:06Z,Czech Republic,0.0,0.0
2026-07-16T20:06Z,DR Congo,0.0,0.0
2026-07-16T20:06Z,Ghana,0.0,0.0
2026-07-16T20:06Z,Haiti,0.0,0.0
2026-07-16T20:06Z,Iran,0.0,0.0
2026-07-16T20:06Z,Iraq,0.0,0.0
2026-07-16T20:06Z,Ivory Coast,0.0,0.0
2026-07-16T20:06Z,Jordan,0.0,0.0
2026-07-16T20:06Z,Mexico,0.0,0.0
2026-07-16T20:06Z,New Zealand,0.0,0.0
2026-07-16T20:06Z,Panama,0.0,0.0
2026-07-16T20:06Z,Paraguay,0.0,0.0
2026-07-16T20:06Z,Qatar,0.0,0.0
2026-07-16T20:06Z,Saudi Arabia,0.0,0.0
2026-07-16T20:06Z,Scotland,0.0,0.0
2026-07-16T20:06Z,South Africa,0.0,0.0
2026-07-16T20:06Z,South Korea,0.0,0.0
2026-07-16T20:06Z,Sweden,0.0,0.0
2026-07-16T20:06Z,Tunisia,0.0,0.0
2026-07-16T20:06Z,United States,0.0,0.0
2026-07-16T20:06Z,Uruguay,0.0,0.0
2026-07-16T20:06Z,Uzbekistan,0.0,0.0
2026-07-16T20:06Z,Argentina,0.295,0.4165
2026-07-16T20:06Z,Spain,0.298,0.5835
2026-07-16T21:19Z,France,0.114,0.0
2026-07-16T21:19Z,England,0.082,0.0
2026-07-16T21:19Z,Portugal,0.046,0.0
2026-07-16T21:19Z,Morocco,0.031,0.0
2026-07-16T21:19Z,Belgium,0.029,0.0
2026-07-16T21:19Z,Brazil,0.028,0.0
2026-07-16T21:19Z,Netherlands,0.018,0.0
2026-07-16T21:19Z,Colombia,0.016,0.0
2026-07-16T21:19Z,Germany,0.016,0.0
2026-07-16T21:19Z,Norway,0.011,0.0
2026-07-16T21:19Z,Japan,0.004,0.0
2026-07-16T21:19Z,Ecuador,0.003,0.0
2026-07-16T21:19Z,Senegal,0.003,0.0
2026-07-16T21:19Z,Egypt,0.002,0.0
2026-07-16T21:19Z,Switzerland,0.002,0.0
2026-07-16T21:19Z,Australia,0.001,0.0
2026-07-16T21:19Z,Canada,0.001,0.0
2026-07-16T21:19Z,Algeria,0.0,0.0
2026-07-16T21:19Z,Austria,0.0,0.0
2026-07-16T21:19Z,Bosnia and Herzegovina,0.0,0.0
2026-07-16T21:19Z,Cape Verde,0.0,0.0
2026-07-16T21:19Z,Croatia,0.0,0.0
2026-07-16T21:19Z,Curaçao,0.0,0.0
2026-07-16T21:19Z,Czech Republic,0.0,0.0
2026-07-16T21:19Z,DR Congo,0.0,0.0
2026-07-16T21:19Z,Ghana,0.0,0.0
2026-07-16T21:19Z,Haiti,0.0,0.0
2026-07-16T21:19Z,Iran,0.0,0.0
2026-07-16T21:19Z,Iraq,0.0,0.0
2026-07-16T21:19Z,Ivory Coast,0.0,0.0
2026-07-16T21:19Z,Jordan,0.0,0.0
2026-07-16T21:19Z,Mexico,0.0,0.0
2026-07-16T21:19Z,New Zealand,0.0,0.0
2026-07-16T21:19Z,Panama,0.0,0.0
2026-07-16T21:19Z,Paraguay,0.0,0.0
2026-07-16T21:19Z,Qatar,0.0,0.0
2026-07-16T21:19Z,Saudi Arabia,0.0,0.0
2026-07-16T21:19Z,Scotland,0.0,0.0
2026-07-16T21:19Z,South Africa,0.0,0.0
2026-07-16T21:19Z,South Korea,0.0,0.0
2026-07-16T21:19Z,Sweden,0.0,0.0
2026-07-16T21:19Z,Tunisia,0.0,0.0
2026-07-16T21:19Z,United States,0.0,0.0
2026-07-16T21:19Z,Uruguay,0.0,0.0
2026-07-16T21:19Z,Uzbekistan,0.0,0.0
2026-07-16T21:19Z,Argentina,0.295,0.4165
2026-07-16T21:19Z,Spain,0.298,0.5835
2026-07-16T22:19Z,France,0.114,0.0
2026-07-16T22:19Z,England,0.082,0.0
2026-07-16T22:19Z,Portugal,0.046,0.0
2026-07-16T22:19Z,Morocco,0.031,0.0
2026-07-16T22:19Z,Belgium,0.029,0.0
2026-07-16T22:19Z,Brazil,0.028,0.0
2026-07-16T22:19Z,Netherlands,0.018,0.0
2026-07-16T22:19Z,Colombia,0.016,0.0
2026-07-16T22:19Z,Germany,0.016,0.0
2026-07-16T22:19Z,Norway,0.011,0.0
2026-07-16T22:19Z,Japan,0.004,0.0
2026-07-16T22:19Z,Ecuador,0.003,0.0
2026-07-16T22:19Z,Senegal,0.003,0.0
2026-07-16T22:19Z,Egypt,0.002,0.0
2026-07-16T22:19Z,Switzerland,0.002,0.0
2026-07-16T22:19Z,Australia,0.001,0.0
2026-07-16T22:19Z,Canada,0.001,0.0
2026-07-16T22:19Z,Algeria,0.0,0.0
2026-07-16T22:19Z,Austria,0.0,0.0
2026-07-16T22:19Z,Bosnia and Herzegovina,0.0,0.0
2026-07-16T22:19Z,Cape Verde,0.0,0.0
2026-07-16T22:19Z,Croatia,0.0,0.0
2026-07-16T22:19Z,Curaçao,0.0,0.0
2026-07-16T22:19Z,Czech Republic,0.0,0.0
2026-07-16T22:19Z,DR Congo,0.0,0.0
2026-07-16T22:19Z,Ghana,0.0,0.0
2026-07-16T22:19Z,Haiti,0.0,0.0
2026-07-16T22:19Z,Iran,0.0,0.0
2026-07-16T22:19Z,Iraq,0.0,0.0
2026-07-16T22:19Z,Ivory Coast,0.0,0.0
2026-07-16T22:19Z,Jordan,0.0,0.0
2026-07-16T22:19Z,Mexico,0.0,0.0
2026-07-16T22:19Z,New Zealand,0.0,0.0
2026-07-16T22:19Z,Panama,0.0,0.0
2026-07-16T22:19Z,Paraguay,0.0,0.0
2026-07-16T22:19Z,Qatar,0.0,0.0
2026-07-16T22:19Z,Saudi Arabia,0.0,0.0
2026-07-16T22:19Z,Scotland,0.0,0.0
2026-07-16T22:19Z,South Africa,0.0,0.0
2026-07-16T22:19Z,South Korea,0.0,0.0
2026-07-16T22:19Z,Sweden,0.0,0.0
2026-07-16T22:19Z,Tunisia,0.0,0.0
2026-07-16T22:19Z,United States,0.0,0.0
2026-07-16T22:19Z,Uruguay,0.0,0.0
2026-07-16T22:19Z,Uzbekistan,0.0,0.0
2026-07-16T22:19Z,Argentina,0.295,0.4155
2026-07-16T22:19Z,Spain,0.298,0.5835
2026-07-16T23:15Z,France,0.114,0.0
2026-07-16T23:15Z,England,0.082,0.0
2026-07-16T23:15Z,Portugal,0.046,0.0
2026-07-16T23:15Z,Morocco,0.031,0.0
2026-07-16T23:15Z,Belgium,0.029,0.0
2026-07-16T23:15Z,Brazil,0.028,0.0
2026-07-16T23:15Z,Netherlands,0.018,0.0
2026-07-16T23:15Z,Colombia,0.016,0.0
2026-07-16T23:15Z,Germany,0.016,0.0
2026-07-16T23:15Z,Norway,0.011,0.0
2026-07-16T23:15Z,Japan,0.004,0.0
2026-07-16T23:15Z,Ecuador,0.003,0.0
2026-07-16T23:15Z,Senegal,0.003,0.0
2026-07-16T23:15Z,Egypt,0.002,0.0
2026-07-16T23:15Z,Switzerland,0.002,0.0
2026-07-16T23:15Z,Australia,0.001,0.0
2026-07-16T23:15Z,Canada,0.001,0.0
2026-07-16T23:15Z,Algeria,0.0,0.0
2026-07-16T23:15Z,Austria,0.0,0.0
2026-07-16T23:15Z,Bosnia and Herzegovina,0.0,0.0
2026-07-16T23:15Z,Cape Verde,0.0,0.0
2026-07-16T23:15Z,Croatia,0.0,0.0
2026-07-16T23:15Z,Curaçao,0.0,0.0
2026-07-16T23:15Z,Czech Republic,0.0,0.0
2026-07-16T23:15Z,DR Congo,0.0,0.0
2026-07-16T23:15Z,Ghana,0.0,0.0
2026-07-16T23:15Z,Haiti,0.0,0.0
2026-07-16T23:15Z,Iran,0.0,0.0
2026-07-16T23:15Z,Iraq,0.0,0.0
2026-07-16T23:15Z,Ivory Coast,0.0,0.0
2026-07-16T23:15Z,Jordan,0.0,0.0
2026-07-16T23:15Z,Mexico,0.0,0.0
2026-07-16T23:15Z,New Zealand,0.0,0.0
2026-07-16T23:15Z,Panama,0.0,0.0
2026-07-16T23:15Z,Paraguay,0.0,0.0
2026-07-16T23:15Z,Qatar,0.0,0.0
2026-07-16T23:15Z,Saudi Arabia,0.0,0.0
2026-07-16T23:15Z,Scotland,0.0,0.0
2026-07-16T23:15Z,South Africa,0.0,0.0
2026-07-16T23:15Z,South Korea,0.0,0.0
2026-07-16T23:15Z,Sweden,0.0,0.0
2026-07-16T23:15Z,Tunisia,0.0,0.0
2026-07-16T23:15Z,United States,0.0,0.0
2026-07-16T23:15Z,Uruguay,0.0,0.0
2026-07-16T23:15Z,Uzbekistan,0.0,0.0
2026-07-16T23:15Z,Argentina,0.295,0.4155
2026-07-16T23:15Z,Spain,0.298,0.5835
2026-07-17T00:15Z,France,0.114,0.0
2026-07-17T00:15Z,England,0.082,0.0
2026-07-17T00:15Z,Portugal,0.046,0.0
2026-07-17T00:15Z,Morocco,0.031,0.0
2026-07-17T00:15Z,Belgium,0.029,0.0
2026-07-17T00:15Z,Brazil,0.028,0.0
2026-07-17T00:15Z,Netherlands,0.018,0.0
2026-07-17T00:15Z,Colombia,0.016,0.0
2026-07-17T00:15Z,Germany,0.016,0.0
2026-07-17T00:15Z,Norway,0.011,0.0
2026-07-17T00:15Z,Japan,0.004,0.0
2026-07-17T00:15Z,Ecuador,0.003,0.0
2026-07-17T00:15Z,Senegal,0.003,0.0
2026-07-17T00:15Z,Egypt,0.002,0.0
2026-07-17T00:15Z,Switzerland,0.002,0.0
2026-07-17T00:15Z,Australia,0.001,0.0
2026-07-17T00:15Z,Canada,0.001,0.0
2026-07-17T00:15Z,Algeria,0.0,0.0
2026-07-17T00:15Z,Austria,0.0,0.0
2026-07-17T00:15Z,Bosnia and Herzegovina,0.0,0.0
2026-07-17T00:15Z,Cape Verde,0.0,0.0
2026-07-17T00:15Z,Croatia,0.0,0.0
2026-07-17T00:15Z,Curaçao,0.0,0.0
2026-07-17T00:15Z,Czech Republic,0.0,0.0
2026-07-17T00:15Z,DR Congo,0.0,0.0
2026-07-17T00:15Z,Ghana,0.0,0.0
2026-07-17T00:15Z,Haiti,0.0,0.0
2026-07-17T00:15Z,Iran,0.0,0.0
2026-07-17T00:15Z,Iraq,0.0,0.0
2026-07-17T00:15Z,Ivory Coast,0.0,0.0
2026-07-17T00:15Z,Jordan,0.0,0.0
2026-07-17T00:15Z,Mexico,0.0,0.0
2026-07-17T00:15Z,New Zealand,0.0,0.0
2026-07-17T00:15Z,Panama,0.0,0.0
2026-07-17T00:15Z,Paraguay,0.0,0.0
2026-07-17T00:15Z,Qatar,0.0,0.0
2026-07-17T00:15Z,Saudi Arabia,0.0,0.0
2026-07-17T00:15Z,Scotland,0.0,0.0
2026-07-17T00:15Z,South Africa,0.0,0.0
2026-07-17T00:15Z,South Korea,0.0,0.0
2026-07-17T00:15Z,Sweden,0.0,0.0
2026-07-17T00:15Z,Tunisia,0.0,0.0
2026-07-17T00:15Z,United States,0.0,0.0
2026-07-17T00:15Z,Uruguay,0.0,0.0
2026-07-17T00:15Z,Uzbekistan,0.0,0.0
2026-07-17T00:15Z,Argentina,0.295,0.4155
2026-07-17T00:15Z,Spain,0.298,0.5835
2026-07-17T03:42Z,France,0.114,0.0
2026-07-17T03:42Z,England,0.082,0.0
2026-07-17T03:42Z,Portugal,0.046,0.0
2026-07-17T03:42Z,Morocco,0.031,0.0
2026-07-17T03:42Z,Belgium,0.029,0.0
2026-07-17T03:42Z,Brazil,0.028,0.0
2026-07-17T03:42Z,Netherlands,0.018,0.0
2026-07-17T03:42Z,Colombia,0.016,0.0
2026-07-17T03:42Z,Germany,0.016,0.0
2026-07-17T03:42Z,Norway,0.011,0.0
2026-07-17T03:42Z,Japan,0.004,0.0
2026-07-17T03:42Z,Ecuador,0.003,0.0
2026-07-17T03:42Z,Senegal,0.003,0.0
2026-07-17T03:42Z,Egypt,0.002,0.0
2026-07-17T03:42Z,Switzerland,0.002,0.0
2026-07-17T03:42Z,Australia,0.001,0.0
2026-07-17T03:42Z,Canada,0.001,0.0
2026-07-17T03:42Z,Algeria,0.0,0.0
2026-07-17T03:42Z,Austria,0.0,0.0
2026-07-17T03:42Z,Bosnia and Herzegovina,0.0,0.0
2026-07-17T03:42Z,Cape Verde,0.0,0.0
2026-07-17T03:42Z,Croatia,0.0,0.0
2026-07-17T03:42Z,Curaçao,0.0,0.0
2026-07-17T03:42Z,Czech Republic,0.0,0.0
2026-07-17T03:42Z,DR Congo,0.0,0.0
2026-07-17T03:42Z,Ghana,0.0,0.0
2026-07-17T03:42Z,Haiti,0.0,0.0
2026-07-17T03:42Z,Iran,0.0,0.0
2026-07-17T03:42Z,Iraq,0.0,0.0
2026-07-17T03:42Z,Ivory Coast,0.0,0.0
2026-07-17T03:42Z,Jordan,0.0,0.0
2026-07-17T03:42Z,Mexico,0.0,0.0
2026-07-17T03:42Z,New Zealand,0.0,0.0
2026-07-17T03:42Z,Panama,0.0,0.0
2026-07-17T03:42Z,Paraguay,0.0,0.0
2026-07-17T03:42Z,Qatar,0.0,0.0
2026-07-17T03:42Z,Saudi Arabia,0.0,0.0
2026-07-17T03:42Z,Scotland,0.0,0.0
2026-07-17T03:42Z,South Africa,0.0,0.0
2026-07-17T03:42Z,South Korea,0.0,0.0
2026-07-17T03:42Z,Sweden,0.0,0.0
2026-07-17T03:42Z,Tunisia,0.0,0.0
2026-07-17T03:42Z,United States,0.0,0.0
2026-07-17T03:42Z,Uruguay,0.0,0.0
2026-07-17T03:42Z,Uzbekistan,0.0,0.0
2026-07-17T03:42Z,Argentina,0.295,0.4105
2026-07-17T03:42Z,Spain,0.298,0.5835
2026-07-17T06:05Z,France,0.114,0.0
2026-07-17T06:05Z,England,0.082,0.0
2026-07-17T06:05Z,Portugal,0.046,0.0
2026-07-17T06:05Z,Morocco,0.031,0.0
2026-07-17T06:05Z,Belgium,0.029,0.0
2026-07-17T06:05Z,Brazil,0.028,0.0
2026-07-17T06:05Z,Netherlands,0.018,0.0
2026-07-17T06:05Z,Colombia,0.016,0.0
2026-07-17T06:05Z,Germany,0.016,0.0
2026-07-17T06:05Z,Norway,0.011,0.0
2026-07-17T06:05Z,Japan,0.004,0.0
2026-07-17T06:05Z,Ecuador,0.003,0.0
2026-07-17T06:05Z,Senegal,0.003,0.0
2026-07-17T06:05Z,Egypt,0.002,0.0
2026-07-17T06:05Z,Switzerland,0.002,0.0
2026-07-17T06:05Z,Australia,0.001,0.0
2026-07-17T06:05Z,Canada,0.001,0.0
2026-07-17T06:05Z,Algeria,0.0,0.0
2026-07-17T06:05Z,Austria,0.0,0.0
2026-07-17T06:05Z,Bosnia and Herzegovina,0.0,0.0
2026-07-17T06:05Z,Cape Verde,0.0,0.0
2026-07-17T06:05Z,Croatia,0.0,0.0
2026-07-17T06:05Z,Curaçao,0.0,0.0
2026-07-17T06:05Z,Czech Republic,0.0,0.0
2026-07-17T06:05Z,DR Congo,0.0,0.0
2026-07-17T06:05Z,Ghana,0.0,0.0
2026-07-17T06:05Z,Haiti,0.0,0.0
2026-07-17T06:05Z,Iran,0.0,0.0
2026-07-17T06:05Z,Iraq,0.0,0.0
2026-07-17T06:05Z,Ivory Coast,0.0,0.0
2026-07-17T06:05Z,Jordan,0.0,0.0
2026-07-17T06:05Z,Mexico,0.0,0.0
2026-07-17T06:05Z,New Zealand,0.0,0.0
2026-07-17T06:05Z,Panama,0.0,0.0
2026-07-17T06:05Z,Paraguay,0.0,0.0
2026-07-17T06:05Z,Qatar,0.0,0.0
2026-07-17T06:05Z,Saudi Arabia,0.0,0.0
2026-07-17T06:05Z,Scotland,0.0,0.0
2026-07-17T06:05Z,South Africa,0.0,0.0
2026-07-17T06:05Z,South Korea,0.0,0.0
2026-07-17T06:05Z,Sweden,0.0,0.0
2026-07-17T06:05Z,Tunisia,0.0,0.0
2026-07-17T06:05Z,United States,0.0,0.0
2026-07-17T06:05Z,Uruguay,0.0,0.0
2026-07-17T06:05Z,Uzbekistan,0.0,0.0
2026-07-17T06:05Z,Argentina,0.295,0.4105
2026-07-17T06:05Z,Spain,0.298,0.5835
2026-07-17T08:31Z,France,0.114,0.0
2026-07-17T08:31Z,England,0.082,0.0
2026-07-17T08:31Z,Portugal,0.046,0.0
2026-07-17T08:31Z,Morocco,0.031,0.0
2026-07-17T08:31Z,Belgium,0.029,0.0
2026-07-17T08:31Z,Brazil,0.028,0.0
2026-07-17T08:31Z,Netherlands,0.018,0.0
2026-07-17T08:31Z,Colombia,0.016,0.0
2026-07-17T08:31Z,Germany,0.016,0.0
2026-07-17T08:31Z,Norway,0.011,0.0
2026-07-17T08:31Z,Japan,0.004,0.0
2026-07-17T08:31Z,Ecuador,0.003,0.0
2026-07-17T08:31Z,Senegal,0.003,0.0
2026-07-17T08:31Z,Egypt,0.002,0.0
2026-07-17T08:31Z,Switzerland,0.002,0.0
2026-07-17T08:31Z,Australia,0.001,0.0
2026-07-17T08:31Z,Canada,0.001,0.0
2026-07-17T08:31Z,Algeria,0.0,0.0
2026-07-17T08:31Z,Austria,0.0,0.0
2026-07-17T08:31Z,Bosnia and Herzegovina,0.0,0.0
2026-07-17T08:31Z,Cape Verde,0.0,0.0
2026-07-17T08:31Z,Croatia,0.0,0.0
2026-07-17T08:31Z,Curaçao,0.0,0.0
2026-07-17T08:31Z,Czech Republic,0.0,0.0
2026-07-17T08:31Z,DR Congo,0.0,0.0
2026-07-17T08:31Z,Ghana,0.0,0.0
2026-07-17T08:31Z,Haiti,0.0,0.0
2026-07-17T08:31Z,Iran,0.0,0.0
2026-07-17T08:31Z,Iraq,0.0,0.0
2026-07-17T08:31Z,Ivory Coast,0.0,0.0
2026-07-17T08:31Z,Jordan,0.0,0.0
2026-07-17T08:31Z,Mexico,0.0,0.0
2026-07-17T08:31Z,New Zealand,0.0,0.0
2026-07-17T08:31Z,Panama,0.0,0.0
2026-07-17T08:31Z,Paraguay,0.0,0.0
2026-07-17T08:31Z,Qatar,0.0,0.0
2026-07-17T08:31Z,Saudi Arabia,0.0,0.0
2026-07-17T08:31Z,Scotland,0.0,0.0
2026-07-17T08:31Z,South Africa,0.0,0.0
2026-07-17T08:31Z,South Korea,0.0,0.0
2026-07-17T08:31Z,Sweden,0.0,0.0
2026-07-17T08:31Z,Tunisia,0.0,0.0
2026-07-17T08:31Z,United States,0.0,0.0
2026-07-17T08:31Z,Uruguay,0.0,0.0
2026-07-17T08:31Z,Uzbekistan,0.0,0.0
2026-07-17T08:31Z,Argentina,0.295,0.4115
2026-07-17T08:31Z,Spain,0.298,0.5855
2026-07-17T10:24Z,France,0.114,0.0
2026-07-17T10:24Z,England,0.082,0.0
2026-07-17T10:24Z,Portugal,0.046,0.0
2026-07-17T10:24Z,Morocco,0.031,0.0
2026-07-17T10:24Z,Belgium,0.029,0.0
2026-07-17T10:24Z,Brazil,0.028,0.0
2026-07-17T10:24Z,Netherlands,0.018,0.0
2026-07-17T10:24Z,Colombia,0.016,0.0
2026-07-17T10:24Z,Germany,0.016,0.0
2026-07-17T10:24Z,Norway,0.011,0.0
2026-07-17T10:24Z,Japan,0.004,0.0
2026-07-17T10:24Z,Ecuador,0.003,0.0
2026-07-17T10:24Z,Senegal,0.003,0.0
2026-07-17T10:24Z,Egypt,0.002,0.0
2026-07-17T10:24Z,Switzerland,0.002,0.0
2026-07-17T10:24Z,Australia,0.001,0.0
2026-07-17T10:24Z,Canada,0.001,0.0
2026-07-17T10:24Z,Algeria,0.0,0.0
2026-07-17T10:24Z,Austria,0.0,0.0
2026-07-17T10:24Z,Bosnia and Herzegovina,0.0,0.0
2026-07-17T10:24Z,Cape Verde,0.0,0.0
2026-07-17T10:24Z,Croatia,0.0,0.0
2026-07-17T10:24Z,Curaçao,0.0,0.0
2026-07-17T10:24Z,Czech Republic,0.0,0.0
2026-07-17T10:24Z,DR Congo,0.0,0.0
2026-07-17T10:24Z,Ghana,0.0,0.0
2026-07-17T10:24Z,Haiti,0.0,0.0
2026-07-17T10:24Z,Iran,0.0,0.0
2026-07-17T10:24Z,Iraq,0.0,0.0
2026-07-17T10:24Z,Ivory Coast,0.0,0.0
2026-07-17T10:24Z,Jordan,0.0,0.0
2026-07-17T10:24Z,Mexico,0.0,0.0
2026-07-17T10:24Z,New Zealand,0.0,0.0
2026-07-17T10:24Z,Panama,0.0,0.0
2026-07-17T10:24Z,Paraguay,0.0,0.0
2026-07-17T10:24Z,Qatar,0.0,0.0
2026-07-17T10:24Z,Saudi Arabia,0.0,0.0
2026-07-17T10:24Z,Scotland,0.0,0.0
2026-07-17T10:24Z,South Africa,0.0,0.0
2026-07-17T10:24Z,South Korea,0.0,0.0
2026-07-17T10:24Z,Sweden,0.0,0.0
2026-07-17T10:24Z,Tunisia,0.0,0.0
2026-07-17T10:24Z,United States,0.0,0.0
2026-07-17T10:24Z,Uruguay,0.0,0.0
2026-07-17T10:24Z,Uzbekistan,0.0,0.0
2026-07-17T10:24Z,Argentina,0.295,0.4115
2026-07-17T10:24Z,Spain,0.298,0.5855
2026-07-17T11:56Z,France,0.114,0.0
2026-07-17T11:56Z,England,0.082,0.0
2026-07-17T11:56Z,Portugal,0.046,0.0
2026-07-17T11:56Z,Morocco,0.031,0.0
2026-07-17T11:56Z,Belgium,0.029,0.0
2026-07-17T11:56Z,Brazil,0.028,0.0
2026-07-17T11:56Z,Netherlands,0.018,0.0
2026-07-17T11:56Z,Colombia,0.016,0.0
2026-07-17T11:56Z,Germany,0.016,0.0
2026-07-17T11:56Z,Norway,0.011,0.0
2026-07-17T11:56Z,Japan,0.004,0.0
2026-07-17T11:56Z,Ecuador,0.003,0.0
2026-07-17T11:56Z,Senegal,0.003,0.0
2026-07-17T11:56Z,Egypt,0.002,0.0
2026-07-17T11:56Z,Switzerland,0.002,0.0
2026-07-17T11:56Z,Australia,0.001,0.0
2026-07-17T11:56Z,Canada,0.001,0.0
2026-07-17T11:56Z,Algeria,0.0,0.0
2026-07-17T11:56Z,Austria,0.0,0.0
2026-07-17T11:56Z,Bosnia and Herzegovina,0.0,0.0
2026-07-17T11:56Z,Cape Verde,0.0,0.0
2026-07-17T11:56Z,Croatia,0.0,0.0
2026-07-17T11:56Z,Curaçao,0.0,0.0
2026-07-17T11:56Z,Czech Republic,0.0,0.0
2026-07-17T11:56Z,DR Congo,0.0,0.0
2026-07-17T11:56Z,Ghana,0.0,0.0
2026-07-17T11:56Z,Haiti,0.0,0.0
2026-07-17T11:56Z,Iran,0.0,0.0
2026-07-17T11:56Z,Iraq,0.0,0.0
2026-07-17T11:56Z,Ivory Coast,0.0,0.0
2026-07-17T11:56Z,Jordan,0.0,0.0
2026-07-17T11:56Z,Mexico,0.0,0.0
2026-07-17T11:56Z,New Zealand,0.0,0.0
2026-07-17T11:56Z,Panama,0.0,0.0
2026-07-17T11:56Z,Paraguay,0.0,0.0
2026-07-17T11:56Z,Qatar,0.0,0.0
2026-07-17T11:56Z,Saudi Arabia,0.0,0.0
2026-07-17T11:56Z,Scotland,0.0,0.0
2026-07-17T11:56Z,South Africa,0.0,0.0
2026-07-17T11:56Z,South Korea,0.0,0.0
2026-07-17T11:56Z,Sweden,0.0,0.0
2026-07-17T11:56Z,Tunisia,0.0,0.0
2026-07-17T11:56Z,United States,0.0,0.0
2026-07-17T11:56Z,Uruguay,0.0,0.0
2026-07-17T11:56Z,Uzbekistan,0.0,0.0
2026-07-17T11:56Z,Argentina,0.295,0.4115
2026-07-17T11:56Z,Spain,0.298,0.5855
2026-07-17T13:11Z,France,0.114,0.0
2026-07-17T13:11Z,England,0.082,0.0
2026-07-17T13:11Z,Portugal,0.046,0.0
2026-07-17T13:11Z,Morocco,0.031,0.0
2026-07-17T13:11Z,Belgium,0.029,0.0
2026-07-17T13:11Z,Brazil,0.028,0.0
2026-07-17T13:11Z,Netherlands,0.018,0.0
2026-07-17T13:11Z,Colombia,0.016,0.0
2026-07-17T13:11Z,Germany,0.016,0.0
2026-07-17T13:11Z,Norway,0.011,0.0
2026-07-17T13:11Z,Japan,0.004,0.0
2026-07-17T13:11Z,Ecuador,0.003,0.0
2026-07-17T13:11Z,Senegal,0.003,0.0
2026-07-17T13:11Z,Egypt,0.002,0.0
2026-07-17T13:11Z,Switzerland,0.002,0.0
2026-07-17T13:11Z,Australia,0.001,0.0
2026-07-17T13:11Z,Canada,0.001,0.0
2026-07-17T13:11Z,Algeria,0.0,0.0
2026-07-17T13:11Z,Austria,0.0,0.0
2026-07-17T13:11Z,Bosnia and Herzegovina,0.0,0.0
2026-07-17T13:11Z,Cape Verde,0.0,0.0
2026-07-17T13:11Z,Croatia,0.0,0.0
2026-07-17T13:11Z,Curaçao,0.0,0.0
2026-07-17T13:11Z,Czech Republic,0.0,0.0
2026-07-17T13:11Z,DR Congo,0.0,0.0
2026-07-17T13:11Z,Ghana,0.0,0.0
2026-07-17T13:11Z,Haiti,0.0,0.0
2026-07-17T13:11Z,Iran,0.0,0.0
2026-07-17T13:11Z,Iraq,0.0,0.0
2026-07-17T13:11Z,Ivory Coast,0.0,0.0
2026-07-17T13:11Z,Jordan,0.0,0.0
2026-07-17T13:11Z,Mexico,0.0,0.0
2026-07-17T13:11Z,New Zealand,0.0,0.0
2026-07-17T13:11Z,Panama,0.0,0.0
2026-07-17T13:11Z,Paraguay,0.0,0.0
2026-07-17T13:11Z,Qatar,0.0,0.0
2026-07-17T13:11Z,Saudi Arabia,0.0,0.0
2026-07-17T13:11Z,Scotland,0.0,0.0
2026-07-17T13:11Z,South Africa,0.0,0.0
2026-07-17T13:11Z,South Korea,0.0,0.0
2026-07-17T13:11Z,Sweden,0.0,0.0
2026-07-17T13:11Z,Tunisia,0.0,0.0
2026-07-17T13:11Z,United States,0.0,0.0
2026-07-17T13:11Z,Uruguay,0.0,0.0
2026-07-17T13:11Z,Uzbekistan,0.0,0.0
2026-07-17T13:11Z,Argentina,0.295,0.4115
2026-07-17T13:11Z,Spain,0.298,0.5855
2026-07-17T14:56Z,France,0.114,0.0
2026-07-17T14:56Z,England,0.082,0.0
2026-07-17T14:56Z,Portugal,0.046,0.0
2026-07-17T14:56Z,Morocco,0.031,0.0
2026-07-17T14:56Z,Belgium,0.029,0.0
2026-07-17T14:56Z,Brazil,0.028,0.0
2026-07-17T14:56Z,Netherlands,0.018,0.0
2026-07-17T14:56Z,Colombia,0.016,0.0
2026-07-17T14:56Z,Germany,0.016,0.0
2026-07-17T14:56Z,Norway,0.011,0.0
2026-07-17T14:56Z,Japan,0.004,0.0
2026-07-17T14:56Z,Ecuador,0.003,0.0
2026-07-17T14:56Z,Senegal,0.003,0.0
2026-07-17T14:56Z,Egypt,0.002,0.0
2026-07-17T14:56Z,Switzerland,0.002,0.0
2026-07-17T14:56Z,Australia,0.001,0.0
2026-07-17T14:56Z,Canada,0.001,0.0
2026-07-17T14:56Z,Algeria,0.0,0.0
2026-07-17T14:56Z,Austria,0.0,0.0
2026-07-17T14:56Z,Bosnia and Herzegovina,0.0,0.0
2026-07-17T14:56Z,Cape Verde,0.0,0.0
2026-07-17T14:56Z,Croatia,0.0,0.0
2026-07-17T14:56Z,Curaçao,0.0,0.0
2026-07-17T14:56Z,Czech Republic,0.0,0.0
2026-07-17T14:56Z,DR Congo,0.0,0.0
2026-07-17T14:56Z,Ghana,0.0,0.0
2026-07-17T14:56Z,Haiti,0.0,0.0
2026-07-17T14:56Z,Iran,0.0,0.0
2026-07-17T14:56Z,Iraq,0.0,0.0
2026-07-17T14:56Z,Ivory Coast,0.0,0.0
2026-07-17T14:56Z,Jordan,0.0,0.0
2026-07-17T14:56Z,Mexico,0.0,0.0
2026-07-17T14:56Z,New Zealand,0.0,0.0
2026-07-17T14:56Z,Panama,0.0,0.0
2026-07-17T14:56Z,Paraguay,0.0,0.0
2026-07-17T14:56Z,Qatar,0.0,0.0
2026-07-17T14:56Z,Saudi Arabia,0.0,0.0
2026-07-17T14:56Z,Scotland,0.0,0.0
2026-07-17T14:56Z,South Africa,0.0,0.0
2026-07-17T14:56Z,South Korea,0.0,0.0
2026-07-17T14:56Z,Sweden,0.0,0.0
2026-07-17T14:56Z,Tunisia,0.0,0.0
2026-07-17T14:56Z,United States,0.0,0.0
2026-07-17T14:56Z,Uruguay,0.0,0.0
2026-07-17T14:56Z,Uzbekistan,0.0,0.0
2026-07-17T14:56Z,Argentina,0.295,0.4085
2026-07-17T14:56Z,Spain,0.298,0.5865
2026-07-17T16:10Z,France,0.114,0.0
2026-07-17T16:10Z,England,0.082,0.0
2026-07-17T16:10Z,Portugal,0.046,0.0
2026-07-17T16:10Z,Morocco,0.031,0.0
2026-07-17T16:10Z,Belgium,0.029,0.0
2026-07-17T16:10Z,Brazil,0.028,0.0
2026-07-17T16:10Z,Netherlands,0.018,0.0
2026-07-17T16:10Z,Colombia,0.016,0.0
2026-07-17T16:10Z,Germany,0.016,0.0
2026-07-17T16:10Z,Norway,0.011,0.0
2026-07-17T16:10Z,Japan,0.004,0.0
2026-07-17T16:10Z,Ecuador,0.003,0.0
2026-07-17T16:10Z,Senegal,0.003,0.0
2026-07-17T16:10Z,Egypt,0.002,0.0
2026-07-17T16:10Z,Switzerland,0.002,0.0
2026-07-17T16:10Z,Australia,0.001,0.0
2026-07-17T16:10Z,Canada,0.001,0.0
2026-07-17T16:10Z,Algeria,0.0,0.0
2026-07-17T16:10Z,Austria,0.0,0.0
2026-07-17T16:10Z,Bosnia and Herzegovina,0.0,0.0
2026-07-17T16:10Z,Cape Verde,0.0,0.0
2026-07-17T16:10Z,Croatia,0.0,0.0
2026-07-17T16:10Z,Curaçao,0.0,0.0
2026-07-17T16:10Z,Czech Republic,0.0,0.0
2026-07-17T16:10Z,DR Congo,0.0,0.0
2026-07-17T16:10Z,Ghana,0.0,0.0
2026-07-17T16:10Z,Haiti,0.0,0.0
2026-07-17T16:10Z,Iran,0.0,0.0
2026-07-17T16:10Z,Iraq,0.0,0.0
2026-07-17T16:10Z,Ivory Coast,0.0,0.0
2026-07-17T16:10Z,Jordan,0.0,0.0
2026-07-17T16:10Z,Mexico,0.0,0.0
2026-07-17T16:10Z,New Zealand,0.0,0.0
2026-07-17T16:10Z,Panama,0.0,0.0
2026-07-17T16:10Z,Paraguay,0.0,0.0
2026-07-17T16:10Z,Qatar,0.0,0.0
2026-07-17T16:10Z,Saudi Arabia,0.0,0.0
2026-07-17T16:10Z,Scotland,0.0,0.0
2026-07-17T16:10Z,South Africa,0.0,0.0
2026-07-17T16:10Z,South Korea,0.0,0.0
2026-07-17T16:10Z,Sweden,0.0,0.0
2026-07-17T16:10Z,Tunisia,0.0,0.0
2026-07-17T16:10Z,United States,0.0,0.0
2026-07-17T16:10Z,Uruguay,0.0,0.0
2026-07-17T16:10Z,Uzbekistan,0.0,0.0
2026-07-17T16:10Z,Argentina,0.295,0.4055
2026-07-17T16:10Z,Spain,0.298,0.5885
2026-07-17T17:33Z,France,0.114,0.0
2026-07-17T17:33Z,England,0.082,0.0
2026-07-17T17:33Z,Portugal,0.046,0.0
2026-07-17T17:33Z,Morocco,0.031,0.0
2026-07-17T17:33Z,Belgium,0.029,0.0
2026-07-17T17:33Z,Brazil,0.028,0.0
2026-07-17T17:33Z,Netherlands,0.018,0.0
2026-07-17T17:33Z,Colombia,0.016,0.0
2026-07-17T17:33Z,Germany,0.016,0.0
2026-07-17T17:33Z,Norway,0.011,0.0
2026-07-17T17:33Z,Japan,0.004,0.0
2026-07-17T17:33Z,Ecuador,0.003,0.0
2026-07-17T17:33Z,Senegal,0.003,0.0
2026-07-17T17:33Z,Egypt,0.002,0.0
2026-07-17T17:33Z,Switzerland,0.002,0.0
2026-07-17T17:33Z,Australia,0.001,0.0
2026-07-17T17:33Z,Canada,0.001,0.0
2026-07-17T17:33Z,Algeria,0.0,0.0
2026-07-17T17:33Z,Austria,0.0,0.0
2026-07-17T17:33Z,Bosnia and Herzegovina,0.0,0.0
2026-07-17T17:33Z,Cape Verde,0.0,0.0
2026-07-17T17:33Z,Croatia,0.0,0.0
2026-07-17T17:33Z,Curaçao,0.0,0.0
2026-07-17T17:33Z,Czech Republic,0.0,0.0
2026-07-17T17:33Z,DR Congo,0.0,0.0
2026-07-17T17:33Z,Ghana,0.0,0.0
2026-07-17T17:33Z,Haiti,0.0,0.0
2026-07-17T17:33Z,Iran,0.0,0.0
2026-07-17T17:33Z,Iraq,0.0,0.0
2026-07-17T17:33Z,Ivory Coast,0.0,0.0
2026-07-17T17:33Z,Jordan,0.0,0.0
2026-07-17T17:33Z,Mexico,0.0,0.0
2026-07-17T17:33Z,New Zealand,0.0,0.0
2026-07-17T17:33Z,Panama,0.0,0.0
2026-07-17T17:33Z,Paraguay,0.0,0.0
2026-07-17T17:33Z,Qatar,0.0,0.0
2026-07-17T17:33Z,Saudi Arabia,0.0,0.0
2026-07-17T17:33Z,Scotland,0.0,0.0
2026-07-17T17:33Z,South Africa,0.0,0.0
2026-07-17T17:33Z,South Korea,0.0,0.0
2026-07-17T17:33Z,Sweden,0.0,0.0
2026-07-17T17:33Z,Tunisia,0.0,0.0
2026-07-17T17:33Z,United States,0.0,0.0
2026-07-17T17:33Z,Uruguay,0.0,0.0
2026-07-17T17:33Z,Uzbekistan,0.0,0.0
2026-07-17T17:33Z,Argentina,0.295,0.4055
2026-07-17T17:33Z,Spain,0.298,0.5885
2026-07-17T18:39Z,France,0.114,0.0
2026-07-17T18:39Z,England,0.082,0.0
2026-07-17T18:39Z,Portugal,0.046,0.0
2026-07-17T18:39Z,Morocco,0.031,0.0
2026-07-17T18:39Z,Belgium,0.029,0.0
2026-07-17T18:39Z,Brazil,0.028,0.0
2026-07-17T18:39Z,Netherlands,0.018,0.0
2026-07-17T18:39Z,Colombia,0.016,0.0
2026-07-17T18:39Z,Germany,0.016,0.0
2026-07-17T18:39Z,Norway,0.011,0.0
2026-07-17T18:39Z,Japan,0.004,0.0
2026-07-17T18:39Z,Ecuador,0.003,0.0
2026-07-17T18:39Z,Senegal,0.003,0.0
2026-07-17T18:39Z,Egypt,0.002,0.0
2026-07-17T18:39Z,Switzerland,0.002,0.0
2026-07-17T18:39Z,Australia,0.001,0.0
2026-07-17T18:39Z,Canada,0.001,0.0
2026-07-17T18:39Z,Algeria,0.0,0.0
2026-07-17T18:39Z,Austria,0.0,0.0
2026-07-17T18:39Z,Bosnia and Herzegovina,0.0,0.0
2026-07-17T18:39Z,Cape Verde,0.0,0.0
2026-07-17T18:39Z,Croatia,0.0,0.0
2026-07-17T18:39Z,Curaçao,0.0,0.0
2026-07-17T18:39Z,Czech Republic,0.0,0.0
2026-07-17T18:39Z,DR Congo,0.0,0.0
2026-07-17T18:39Z,Ghana,0.0,0.0
2026-07-17T18:39Z,Haiti,0.0,0.0
2026-07-17T18:39Z,Iran,0.0,0.0
2026-07-17T18:39Z,Iraq,0.0,0.0
2026-07-17T18:39Z,Ivory Coast,0.0,0.0
2026-07-17T18:39Z,Jordan,0.0,0.0
2026-07-17T18:39Z,Mexico,0.0,0.0
2026-07-17T18:39Z,New Zealand,0.0,0.0
2026-07-17T18:39Z,Panama,0.0,0.0
2026-07-17T18:39Z,Paraguay,0.0,0.0
2026-07-17T18:39Z,Qatar,0.0,0.0
2026-07-17T18:39Z,Saudi Arabia,0.0,0.0
2026-07-17T18:39Z,Scotland,0.0,0.0
2026-07-17T18:39Z,South Africa,0.0,0.0
2026-07-17T18:39Z,South Korea,0.0,0.0
2026-07-17T18:39Z,Sweden,0.0,0.0
2026-07-17T18:39Z,Tunisia,0.0,0.0
2026-07-17T18:39Z,United States,0.0,0.0
2026-07-17T18:39Z,Uruguay,0.0,0.0
2026-07-17T18:39Z,Uzbekistan,0.0,0.0
2026-07-17T18:39Z,Argentina,0.295,0.4055
2026-07-17T18:39Z,Spain,0.298,0.5895
2026-07-17T19:45Z,France,0.114,0.0
2026-07-17T19:45Z,England,0.082,0.0
2026-07-17T19:45Z,Portugal,0.046,0.0
2026-07-17T19:45Z,Morocco,0.031,0.0
2026-07-17T19:45Z,Belgium,0.029,0.0
2026-07-17T19:45Z,Brazil,0.028,0.0
2026-07-17T19:45Z,Netherlands,0.018,0.0
2026-07-17T19:45Z,Colombia,0.016,0.0
2026-07-17T19:45Z,Germany,0.016,0.0
2026-07-17T19:45Z,Norway,0.011,0.0
2026-07-17T19:45Z,Japan,0.004,0.0
2026-07-17T19:45Z,Ecuador,0.003,0.0
2026-07-17T19:45Z,Senegal,0.003,0.0
2026-07-17T19:45Z,Egypt,0.002,0.0
2026-07-17T19:45Z,Switzerland,0.002,0.0
2026-07-17T19:45Z,Australia,0.001,0.0
2026-07-17T19:45Z,Canada,0.001,0.0
2026-07-17T19:45Z,Algeria,0.0,0.0
2026-07-17T19:45Z,Austria,0.0,0.0
2026-07-17T19:45Z,Bosnia and Herzegovina,0.0,0.0
2026-07-17T19:45Z,Cape Verde,0.0,0.0
2026-07-17T19:45Z,Croatia,0.0,0.0
2026-07-17T19:45Z,Curaçao,0.0,0.0
2026-07-17T19:45Z,Czech Republic,0.0,0.0
2026-07-17T19:45Z,DR Congo,0.0,0.0
2026-07-17T19:45Z,Ghana,0.0,0.0
2026-07-17T19:45Z,Haiti,0.0,0.0
2026-07-17T19:45Z,Iran,0.0,0.0
2026-07-17T19:45Z,Iraq,0.0,0.0
2026-07-17T19:45Z,Ivory Coast,0.0,0.0
2026-07-17T19:45Z,Jordan,0.0,0.0
2026-07-17T19:45Z,Mexico,0.0,0.0
2026-07-17T19:45Z,New Zealand,0.0,0.0
2026-07-17T19:45Z,Panama,0.0,0.0
2026-07-17T19:45Z,Paraguay,0.0,0.0
2026-07-17T19:45Z,Qatar,0.0,0.0
2026-07-17T19:45Z,Saudi Arabia,0.0,0.0
2026-07-17T19:45Z,Scotland,0.0,0.0
2026-07-17T19:45Z,South Africa,0.0,0.0
2026-07-17T19:45Z,South Korea,0.0,0.0
2026-07-17T19:45Z,Sweden,0.0,0.0
2026-07-17T19:45Z,Tunisia,0.0,0.0
2026-07-17T19:45Z,United States,0.0,0.0
2026-07-17T19:45Z,Uruguay,0.0,0.0
2026-07-17T19:45Z,Uzbekistan,0.0,0.0
2026-07-17T19:45Z,Argentina,0.295,0.4055
2026-07-17T19:45Z,Spain,0.298,0.5895
2026-07-17T20:46Z,France,0.114,0.0
2026-07-17T20:46Z,England,0.082,0.0
2026-07-17T20:46Z,Portugal,0.046,0.0
2026-07-17T20:46Z,Morocco,0.031,0.0
2026-07-17T20:46Z,Belgium,0.029,0.0
2026-07-17T20:46Z,Brazil,0.028,0.0
2026-07-17T20:46Z,Netherlands,0.018,0.0
2026-07-17T20:46Z,Colombia,0.016,0.0
2026-07-17T20:46Z,Germany,0.016,0.0
2026-07-17T20:46Z,Norway,0.011,0.0
2026-07-17T20:46Z,Japan,0.004,0.0
2026-07-17T20:46Z,Ecuador,0.003,0.0
2026-07-17T20:46Z,Senegal,0.003,0.0
2026-07-17T20:46Z,Egypt,0.002,0.0
2026-07-17T20:46Z,Switzerland,0.002,0.0
2026-07-17T20:46Z,Australia,0.001,0.0
2026-07-17T20:46Z,Canada,0.001,0.0
2026-07-17T20:46Z,Algeria,0.0,0.0
2026-07-17T20:46Z,Austria,0.0,0.0
2026-07-17T20:46Z,Bosnia and Herzegovina,0.0,0.0
2026-07-17T20:46Z,Cape Verde,0.0,0.0
2026-07-17T20:46Z,Croatia,0.0,0.0
2026-07-17T20:46Z,Curaçao,0.0,0.0
2026-07-17T20:46Z,Czech Republic,0.0,0.0
2026-07-17T20:46Z,DR Congo,0.0,0.0
2026-07-17T20:46Z,Ghana,0.0,0.0
2026-07-17T20:46Z,Haiti,0.0,0.0
2026-07-17T20:46Z,Iran,0.0,0.0
2026-07-17T20:46Z,Iraq,0.0,0.0
2026-07-17T20:46Z,Ivory Coast,0.0,0.0
2026-07-17T20:46Z,Jordan,0.0,0.0
2026-07-17T20:46Z,Mexico,0.0,0.0
2026-07-17T20:46Z,New Zealand,0.0,0.0
2026-07-17T20:46Z,Panama,0.0,0.0
2026-07-17T20:46Z,Paraguay,0.0,0.0
2026-07-17T20:46Z,Qatar,0.0,0.0
2026-07-17T20:46Z,Saudi Arabia,0.0,0.0
2026-07-17T20:46Z,Scotland,0.0,0.0
2026-07-17T20:46Z,South Africa,0.0,0.0
2026-07-17T20:46Z,South Korea,0.0,0.0
2026-07-17T20:46Z,Sweden,0.0,0.0
2026-07-17T20:46Z,Tunisia,0.0,0.0
2026-07-17T20:46Z,United States,0.0,0.0
2026-07-17T20:46Z,Uruguay,0.0,0.0
2026-07-17T20:46Z,Uzbekistan,0.0,0.0
2026-07-17T20:46Z,Argentina,0.295,0.4055
2026-07-17T20:46Z,Spain,0.298,0.5915
2026-07-17T21:45Z,France,0.114,0.0
2026-07-17T21:45Z,England,0.082,0.0
2026-07-17T21:45Z,Portugal,0.046,0.0
2026-07-17T21:45Z,Morocco,0.031,0.0
2026-07-17T21:45Z,Belgium,0.029,0.0
2026-07-17T21:45Z,Brazil,0.028,0.0
2026-07-17T21:45Z,Netherlands,0.018,0.0
2026-07-17T21:45Z,Colombia,0.016,0.0
2026-07-17T21:45Z,Germany,0.016,0.0
2026-07-17T21:45Z,Norway,0.011,0.0
2026-07-17T21:45Z,Japan,0.004,0.0
2026-07-17T21:45Z,Ecuador,0.003,0.0
2026-07-17T21:45Z,Senegal,0.003,0.0
2026-07-17T21:45Z,Egypt,0.002,0.0
2026-07-17T21:45Z,Switzerland,0.002,0.0
2026-07-17T21:45Z,Australia,0.001,0.0
2026-07-17T21:45Z,Canada,0.001,0.0
2026-07-17T21:45Z,Algeria,0.0,0.0
2026-07-17T21:45Z,Austria,0.0,0.0
2026-07-17T21:45Z,Bosnia and Herzegovina,0.0,0.0
2026-07-17T21:45Z,Cape Verde,0.0,0.0
2026-07-17T21:45Z,Croatia,0.0,0.0
2026-07-17T21:45Z,Curaçao,0.0,0.0
2026-07-17T21:45Z,Czech Republic,0.0,0.0
2026-07-17T21:45Z,DR Congo,0.0,0.0
2026-07-17T21:45Z,Ghana,0.0,0.0
2026-07-17T21:45Z,Haiti,0.0,0.0
2026-07-17T21:45Z,Iran,0.0,0.0
2026-07-17T21:45Z,Iraq,0.0,0.0
2026-07-17T21:45Z,Ivory Coast,0.0,0.0
2026-07-17T21:45Z,Jordan,0.0,0.0
2026-07-17T21:45Z,Mexico,0.0,0.0
2026-07-17T21:45Z,New Zealand,0.0,0.0
2026-07-17T21:45Z,Panama,0.0,0.0
2026-07-17T21:45Z,Paraguay,0.0,0.0
2026-07-17T21:45Z,Qatar,0.0,0.0
2026-07-17T21:45Z,Saudi Arabia,0.0,0.0
2026-07-17T21:45Z,Scotland,0.0,0.0
2026-07-17T21:45Z,South Africa,0.0,0.0
2026-07-17T21:45Z,South Korea,0.0,0.0
2026-07-17T21:45Z,Sweden,0.0,0.0
2026-07-17T21:45Z,Tunisia,0.0,0.0
2026-07-17T21:45Z,United States,0.0,0.0
2026-07-17T21:45Z,Uruguay,0.0,0.0
2026-07-17T21:45Z,Uzbekistan,0.0,0.0
2026-07-17T21:45Z,Argentina,0.295,0.4055
2026-07-17T21:45Z,Spain,0.298,0.5915
2026-07-17T22:43Z,France,0.114,0.0
2026-07-17T22:43Z,England,0.082,0.0
2026-07-17T22:43Z,Portugal,0.046,0.0
2026-07-17T22:43Z,Morocco,0.031,0.0
2026-07-17T22:43Z,Belgium,0.029,0.0
2026-07-17T22:43Z,Brazil,0.028,0.0
2026-07-17T22:43Z,Netherlands,0.018,0.0
2026-07-17T22:43Z,Colombia,0.016,0.0
2026-07-17T22:43Z,Germany,0.016,0.0
2026-07-17T22:43Z,Norway,0.011,0.0
2026-07-17T22:43Z,Japan,0.004,0.0
2026-07-17T22:43Z,Ecuador,0.003,0.0
2026-07-17T22:43Z,Senegal,0.003,0.0
2026-07-17T22:43Z,Egypt,0.002,0.0
2026-07-17T22:43Z,Switzerland,0.002,0.0
2026-07-17T22:43Z,Australia,0.001,0.0
2026-07-17T22:43Z,Canada,0.001,0.0
2026-07-17T22:43Z,Algeria,0.0,0.0
2026-07-17T22:43Z,Austria,0.0,0.0
2026-07-17T22:43Z,Bosnia and Herzegovina,0.0,0.0
2026-07-17T22:43Z,Cape Verde,0.0,0.0
2026-07-17T22:43Z,Croatia,0.0,0.0
2026-07-17T22:43Z,Curaçao,0.0,0.0
2026-07-17T22:43Z,Czech Republic,0.0,0.0
2026-07-17T22:43Z,DR Congo,0.0,0.0
2026-07-17T22:43Z,Ghana,0.0,0.0
2026-07-17T22:43Z,Haiti,0.0,0.0
2026-07-17T22:43Z,Iran,0.0,0.0
2026-07-17T22:43Z,Iraq,0.0,0.0
2026-07-17T22:43Z,Ivory Coast,0.0,0.0
2026-07-17T22:43Z,Jordan,0.0,0.0
2026-07-17T22:43Z,Mexico,0.0,0.0
2026-07-17T22:43Z,New Zealand,0.0,0.0
2026-07-17T22:43Z,Panama,0.0,0.0
2026-07-17T22:43Z,Paraguay,0.0,0.0
2026-07-17T22:43Z,Qatar,0.0,0.0
2026-07-17T22:43Z,Saudi Arabia,0.0,0.0
2026-07-17T22:43Z,Scotland,0.0,0.0
2026-07-17T22:43Z,South Africa,0.0,0.0
2026-07-17T22:43Z,South Korea,0.0,0.0
2026-07-17T22:43Z,Sweden,0.0,0.0
2026-07-17T22:43Z,Tunisia,0.0,0.0
2026-07-17T22:43Z,United States,0.0,0.0
2026-07-17T22:43Z,Uruguay,0.0,0.0
2026-07-17T22:43Z,Uzbekistan,0.0,0.0
2026-07-17T22:43Z,Argentina,0.295,0.4055
2026-07-17T22:43Z,Spain,0.298,0.5915
2026-07-17T23:46Z,France,0.114,0.0
2026-07-17T23:46Z,England,0.082,0.0
2026-07-17T23:46Z,Portugal,0.046,0.0
2026-07-17T23:46Z,Morocco,0.031,0.0
2026-07-17T23:46Z,Belgium,0.029,0.0
2026-07-17T23:46Z,Brazil,0.028,0.0
2026-07-17T23:46Z,Netherlands,0.018,0.0
2026-07-17T23:46Z,Colombia,0.016,0.0
2026-07-17T23:46Z,Germany,0.016,0.0
2026-07-17T23:46Z,Norway,0.011,0.0
2026-07-17T23:46Z,Japan,0.004,0.0
2026-07-17T23:46Z,Ecuador,0.003,0.0
2026-07-17T23:46Z,Senegal,0.003,0.0
2026-07-17T23:46Z,Egypt,0.002,0.0
2026-07-17T23:46Z,Switzerland,0.002,0.0
2026-07-17T23:46Z,Australia,0.001,0.0
2026-07-17T23:46Z,Canada,0.001,0.0
2026-07-17T23:46Z,Algeria,0.0,0.0
2026-07-17T23:46Z,Austria,0.0,0.0
2026-07-17T23:46Z,Bosnia and Herzegovina,0.0,0.0
2026-07-17T23:46Z,Cape Verde,0.0,0.0
2026-07-17T23:46Z,Croatia,0.0,0.0
2026-07-17T23:46Z,Curaçao,0.0,0.0
2026-07-17T23:46Z,Czech Republic,0.0,0.0
2026-07-17T23:46Z,DR Congo,0.0,0.0
2026-07-17T23:46Z,Ghana,0.0,0.0
2026-07-17T23:46Z,Haiti,0.0,0.0
2026-07-17T23:46Z,Iran,0.0,0.0
2026-07-17T23:46Z,Iraq,0.0,0.0
2026-07-17T23:46Z,Ivory Coast,0.0,0.0
2026-07-17T23:46Z,Jordan,0.0,0.0
2026-07-17T23:46Z,Mexico,0.0,0.0
2026-07-17T23:46Z,New Zealand,0.0,0.0
2026-07-17T23:46Z,Panama,0.0,0.0
2026-07-17T23:46Z,Paraguay,0.0,0.0
2026-07-17T23:46Z,Qatar,0.0,0.0
2026-07-17T23:46Z,Saudi Arabia,0.0,0.0
2026-07-17T23:46Z,Scotland,0.0,0.0
2026-07-17T23:46Z,South Africa,0.0,0.0
2026-07-17T23:46Z,South Korea,0.0,0.0
2026-07-17T23:46Z,Sweden,0.0,0.0
2026-07-17T23:46Z,Tunisia,0.0,0.0
2026-07-17T23:46Z,United States,0.0,0.0
2026-07-17T23:46Z,Uruguay,0.0,0.0
2026-07-17T23:46Z,Uzbekistan,0.0,0.0
2026-07-17T23:46Z,Argentina,0.295,0.4055
2026-07-17T23:46Z,Spain,0.298,0.5915
2026-07-18T01:49Z,France,0.114,0.0
2026-07-18T01:49Z,England,0.082,0.0
2026-07-18T01:49Z,Portugal,0.046,0.0
2026-07-18T01:49Z,Morocco,0.031,0.0
2026-07-18T01:49Z,Belgium,0.029,0.0
2026-07-18T01:49Z,Brazil,0.028,0.0
2026-07-18T01:49Z,Netherlands,0.018,0.0
2026-07-18T01:49Z,Colombia,0.016,0.0
2026-07-18T01:49Z,Germany,0.016,0.0
2026-07-18T01:49Z,Norway,0.011,0.0
2026-07-18T01:49Z,Japan,0.004,0.0
2026-07-18T01:49Z,Ecuador,0.003,0.0
2026-07-18T01:49Z,Senegal,0.003,0.0
2026-07-18T01:49Z,Egypt,0.002,0.0
2026-07-18T01:49Z,Switzerland,0.002,0.0
2026-07-18T01:49Z,Australia,0.001,0.0
2026-07-18T01:49Z,Canada,0.001,0.0
2026-07-18T01:49Z,Algeria,0.0,0.0
2026-07-18T01:49Z,Austria,0.0,0.0
2026-07-18T01:49Z,Bosnia and Herzegovina,0.0,0.0
2026-07-18T01:49Z,Cape Verde,0.0,0.0
2026-07-18T01:49Z,Croatia,0.0,0.0
2026-07-18T01:49Z,Curaçao,0.0,0.0
2026-07-18T01:49Z,Czech Republic,0.0,0.0
2026-07-18T01:49Z,DR Congo,0.0,0.0
2026-07-18T01:49Z,Ghana,0.0,0.0
2026-07-18T01:49Z,Haiti,0.0,0.0
2026-07-18T01:49Z,Iran,0.0,0.0
2026-07-18T01:49Z,Iraq,0.0,0.0
2026-07-18T01:49Z,Ivory Coast,0.0,0.0
2026-07-18T01:49Z,Jordan,0.0,0.0
2026-07-18T01:49Z,Mexico,0.0,0.0
2026-07-18T01:49Z,New Zealand,0.0,0.0
2026-07-18T01:49Z,Panama,0.0,0.0
2026-07-18T01:49Z,Paraguay,0.0,0.0
2026-07-18T01:49Z,Qatar,0.0,0.0
2026-07-18T01:49Z,Saudi Arabia,0.0,0.0
2026-07-18T01:49Z,Scotland,0.0,0.0
2026-07-18T01:49Z,South Africa,0.0,0.0
2026-07-18T01:49Z,South Korea,0.0,0.0
2026-07-18T01:49Z,Sweden,0.0,0.0
2026-07-18T01:49Z,Tunisia,0.0,0.0
2026-07-18T01:49Z,United States,0.0,0.0
2026-07-18T01:49Z,Uruguay,0.0,0.0
2026-07-18T01:49Z,Uzbekistan,0.0,0.0
2026-07-18T01:49Z,Argentina,0.295,0.4005
2026-07-18T01:49Z,Spain,0.298,0.5915
2026-07-18T04:44Z,France,0.114,0.0
2026-07-18T04:44Z,England,0.082,0.0
2026-07-18T04:44Z,Portugal,0.046,0.0
2026-07-18T04:44Z,Morocco,0.031,0.0
2026-07-18T04:44Z,Belgium,0.029,0.0
2026-07-18T04:44Z,Brazil,0.028,0.0
2026-07-18T04:44Z,Netherlands,0.018,0.0
2026-07-18T04:44Z,Colombia,0.016,0.0
2026-07-18T04:44Z,Germany,0.016,0.0
2026-07-18T04:44Z,Norway,0.011,0.0
2026-07-18T04:44Z,Japan,0.004,0.0
2026-07-18T04:44Z,Ecuador,0.003,0.0
2026-07-18T04:44Z,Senegal,0.003,0.0
2026-07-18T04:44Z,Egypt,0.002,0.0
2026-07-18T04:44Z,Switzerland,0.002,0.0
2026-07-18T04:44Z,Australia,0.001,0.0
2026-07-18T04:44Z,Canada,0.001,0.0
2026-07-18T04:44Z,Algeria,0.0,0.0
2026-07-18T04:44Z,Austria,0.0,0.0
2026-07-18T04:44Z,Bosnia and Herzegovina,0.0,0.0
2026-07-18T04:44Z,Cape Verde,0.0,0.0
2026-07-18T04:44Z,Croatia,0.0,0.0
2026-07-18T04:44Z,Curaçao,0.0,0.0
2026-07-18T04:44Z,Czech Republic,0.0,0.0
2026-07-18T04:44Z,DR Congo,0.0,0.0
2026-07-18T04:44Z,Ghana,0.0,0.0
2026-07-18T04:44Z,Haiti,0.0,0.0
2026-07-18T04:44Z,Iran,0.0,0.0
2026-07-18T04:44Z,Iraq,0.0,0.0
2026-07-18T04:44Z,Ivory Coast,0.0,0.0
2026-07-18T04:44Z,Jordan,0.0,0.0
2026-07-18T04:44Z,Mexico,0.0,0.0
2026-07-18T04:44Z,New Zealand,0.0,0.0
2026-07-18T04:44Z,Panama,0.0,0.0
2026-07-18T04:44Z,Paraguay,0.0,0.0
2026-07-18T04:44Z,Qatar,0.0,0.0
2026-07-18T04:44Z,Saudi Arabia,0.0,0.0
2026-07-18T04:44Z,Scotland,0.0,0.0
2026-07-18T04:44Z,South Africa,0.0,0.0
2026-07-18T04:44Z,South Korea,0.0,0.0
2026-07-18T04:44Z,Sweden,0.0,0.0
2026-07-18T04:44Z,Tunisia,0.0,0.0
2026-07-18T04:44Z,United States,0.0,0.0
2026-07-18T04:44Z,Uruguay,0.0,0.0
2026-07-18T04:44Z,Uzbekistan,0.0,0.0
2026-07-18T04:44Z,Argentina,0.295,0.4045
2026-07-18T04:44Z,Spain,0.298,0.5915
2026-07-18T06:57Z,France,0.114,0.0
2026-07-18T06:57Z,England,0.082,0.0
2026-07-18T06:57Z,Portugal,0.046,0.0
2026-07-18T06:57Z,Morocco,0.031,0.0
2026-07-18T06:57Z,Belgium,0.029,0.0
2026-07-18T06:57Z,Brazil,0.028,0.0
2026-07-18T06:57Z,Netherlands,0.018,0.0
2026-07-18T06:57Z,Colombia,0.016,0.0
2026-07-18T06:57Z,Germany,0.016,0.0
2026-07-18T06:57Z,Norway,0.011,0.0
2026-07-18T06:57Z,Japan,0.004,0.0
2026-07-18T06:57Z,Ecuador,0.003,0.0
2026-07-18T06:57Z,Senegal,0.003,0.0
2026-07-18T06:57Z,Egypt,0.002,0.0
2026-07-18T06:57Z,Switzerland,0.002,0.0
2026-07-18T06:57Z,Australia,0.001,0.0
2026-07-18T06:57Z,Canada,0.001,0.0
2026-07-18T06:57Z,Algeria,0.0,0.0
2026-07-18T06:57Z,Austria,0.0,0.0
2026-07-18T06:57Z,Bosnia and Herzegovina,0.0,0.0
2026-07-18T06:57Z,Cape Verde,0.0,0.0
2026-07-18T06:57Z,Croatia,0.0,0.0
2026-07-18T06:57Z,Curaçao,0.0,0.0
2026-07-18T06:57Z,Czech Republic,0.0,0.0
2026-07-18T06:57Z,DR Congo,0.0,0.0
2026-07-18T06:57Z,Ghana,0.0,0.0
2026-07-18T06:57Z,Haiti,0.0,0.0
2026-07-18T06:57Z,Iran,0.0,0.0
2026-07-18T06:57Z,Iraq,0.0,0.0
2026-07-18T06:57Z,Ivory Coast,0.0,0.0
2026-07-18T06:57Z,Jordan,0.0,0.0
2026-07-18T06:57Z,Mexico,0.0,0.0
2026-07-18T06:57Z,New Zealand,0.0,0.0
2026-07-18T06:57Z,Panama,0.0,0.0
2026-07-18T06:57Z,Paraguay,0.0,0.0
2026-07-18T06:57Z,Qatar,0.0,0.0
2026-07-18T06:57Z,Saudi Arabia,0.0,0.0
2026-07-18T06:57Z,Scotland,0.0,0.0
2026-07-18T06:57Z,South Africa,0.0,0.0
2026-07-18T06:57Z,South Korea,0.0,0.0
2026-07-18T06:57Z,Sweden,0.0,0.0
2026-07-18T06:57Z,Tunisia,0.0,0.0
2026-07-18T06:57Z,United States,0.0,0.0
2026-07-18T06:57Z,Uruguay,0.0,0.0
2026-07-18T06:57Z,Uzbekistan,0.0,0.0
2026-07-18T06:57Z,Argentina,0.295,0.4045
2026-07-18T06:57Z,Spain,0.298,0.5915
2026-07-18T08:47Z,France,0.114,0.0
2026-07-18T08:47Z,England,0.082,0.0
2026-07-18T08:47Z,Portugal,0.046,0.0
2026-07-18T08:47Z,Morocco,0.031,0.0
2026-07-18T08:47Z,Belgium,0.029,0.0
2026-07-18T08:47Z,Brazil,0.028,0.0
2026-07-18T08:47Z,Netherlands,0.018,0.0
2026-07-18T08:47Z,Colombia,0.016,0.0
2026-07-18T08:47Z,Germany,0.016,0.0
2026-07-18T08:47Z,Norway,0.011,0.0
2026-07-18T08:47Z,Japan,0.004,0.0
2026-07-18T08:47Z,Ecuador,0.003,0.0
2026-07-18T08:47Z,Senegal,0.003,0.0
2026-07-18T08:47Z,Egypt,0.002,0.0
2026-07-18T08:47Z,Switzerland,0.002,0.0
2026-07-18T08:47Z,Australia,0.001,0.0
2026-07-18T08:47Z,Canada,0.001,0.0
2026-07-18T08:47Z,Algeria,0.0,0.0
2026-07-18T08:47Z,Austria,0.0,0.0
2026-07-18T08:47Z,Bosnia and Herzegovina,0.0,0.0
2026-07-18T08:47Z,Cape Verde,0.0,0.0
2026-07-18T08:47Z,Croatia,0.0,0.0
2026-07-18T08:47Z,Curaçao,0.0,0.0
2026-07-18T08:47Z,Czech Republic,0.0,0.0
2026-07-18T08:47Z,DR Congo,0.0,0.0
2026-07-18T08:47Z,Ghana,0.0,0.0
2026-07-18T08:47Z,Haiti,0.0,0.0
2026-07-18T08:47Z,Iran,0.0,0.0
2026-07-18T08:47Z,Iraq,0.0,0.0
2026-07-18T08:47Z,Ivory Coast,0.0,0.0
2026-07-18T08:47Z,Jordan,0.0,0.0
2026-07-18T08:47Z,Mexico,0.0,0.0
2026-07-18T08:47Z,New Zealand,0.0,0.0
2026-07-18T08:47Z,Panama,0.0,0.0
2026-07-18T08:47Z,Paraguay,0.0,0.0
2026-07-18T08:47Z,Qatar,0.0,0.0
2026-07-18T08:47Z,Saudi Arabia,0.0,0.0
2026-07-18T08:47Z,Scotland,0.0,0.0
2026-07-18T08:47Z,South Africa,0.0,0.0
2026-07-18T08:47Z,South Korea,0.0,0.0
2026-07-18T08:47Z,Sweden,0.0,0.0
2026-07-18T08:47Z,Tunisia,0.0,0.0
2026-07-18T08:47Z,United States,0.0,0.0
2026-07-18T08:47Z,Uruguay,0.0,0.0
2026-07-18T08:47Z,Uzbekistan,0.0,0.0
2026-07-18T08:47Z,Argentina,0.295,0.4015
2026-07-18T08:47Z,Spain,0.298,0.5915
2026-07-18T10:14Z,France,0.114,0.0
2026-07-18T10:14Z,England,0.082,0.0
2026-07-18T10:14Z,Portugal,0.046,0.0
2026-07-18T10:14Z,Morocco,0.031,0.0
2026-07-18T10:14Z,Belgium,0.029,0.0
2026-07-18T10:14Z,Brazil,0.028,0.0
2026-07-18T10:14Z,Netherlands,0.018,0.0
2026-07-18T10:14Z,Colombia,0.016,0.0
2026-07-18T10:14Z,Germany,0.016,0.0
2026-07-18T10:14Z,Norway,0.011,0.0
2026-07-18T10:14Z,Japan,0.004,0.0
2026-07-18T10:14Z,Ecuador,0.003,0.0
2026-07-18T10:14Z,Senegal,0.003,0.0
2026-07-18T10:14Z,Egypt,0.002,0.0
2026-07-18T10:14Z,Switzerland,0.002,0.0
2026-07-18T10:14Z,Australia,0.001,0.0
2026-07-18T10:14Z,Canada,0.001,0.0
2026-07-18T10:14Z,Algeria,0.0,0.0
2026-07-18T10:14Z,Austria,0.0,0.0
2026-07-18T10:14Z,Bosnia and Herzegovina,0.0,0.0
2026-07-18T10:14Z,Cape Verde,0.0,0.0
2026-07-18T10:14Z,Croatia,0.0,0.0
2026-07-18T10:14Z,Curaçao,0.0,0.0
2026-07-18T10:14Z,Czech Republic,0.0,0.0
2026-07-18T10:14Z,DR Congo,0.0,0.0
2026-07-18T10:14Z,Ghana,0.0,0.0
2026-07-18T10:14Z,Haiti,0.0,0.0
2026-07-18T10:14Z,Iran,0.0,0.0
2026-07-18T10:14Z,Iraq,0.0,0.0
2026-07-18T10:14Z,Ivory Coast,0.0,0.0
2026-07-18T10:14Z,Jordan,0.0,0.0
2026-07-18T10:14Z,Mexico,0.0,0.0
2026-07-18T10:14Z,New Zealand,0.0,0.0
2026-07-18T10:14Z,Panama,0.0,0.0
2026-07-18T10:14Z,Paraguay,0.0,0.0
2026-07-18T10:14Z,Qatar,0.0,0.0
2026-07-18T10:14Z,Saudi Arabia,0.0,0.0
2026-07-18T10:14Z,Scotland,0.0,0.0
2026-07-18T10:14Z,South Africa,0.0,0.0
2026-07-18T10:14Z,South Korea,0.0,0.0
2026-07-18T10:14Z,Sweden,0.0,0.0
2026-07-18T10:14Z,Tunisia,0.0,0.0
2026-07-18T10:14Z,United States,0.0,0.0
2026-07-18T10:14Z,Uruguay,0.0,0.0
2026-07-18T10:14Z,Uzbekistan,0.0,0.0
2026-07-18T10:14Z,Argentina,0.295,0.4015
2026-07-18T10:14Z,Spain,0.298,0.5915
2026-07-18T11:20Z,France,0.114,0.0
2026-07-18T11:20Z,England,0.082,0.0
2026-07-18T11:20Z,Portugal,0.046,0.0
2026-07-18T11:20Z,Morocco,0.031,0.0
2026-07-18T11:20Z,Belgium,0.029,0.0
2026-07-18T11:20Z,Brazil,0.028,0.0
2026-07-18T11:20Z,Netherlands,0.018,0.0
2026-07-18T11:20Z,Colombia,0.016,0.0
2026-07-18T11:20Z,Germany,0.016,0.0
2026-07-18T11:20Z,Norway,0.011,0.0
2026-07-18T11:20Z,Japan,0.004,0.0
2026-07-18T11:20Z,Ecuador,0.003,0.0
2026-07-18T11:20Z,Senegal,0.003,0.0
2026-07-18T11:20Z,Egypt,0.002,0.0
2026-07-18T11:20Z,Switzerland,0.002,0.0
2026-07-18T11:20Z,Australia,0.001,0.0
2026-07-18T11:20Z,Canada,0.001,0.0
2026-07-18T11:20Z,Algeria,0.0,0.0
2026-07-18T11:20Z,Austria,0.0,0.0
2026-07-18T11:20Z,Bosnia and Herzegovina,0.0,0.0
2026-07-18T11:20Z,Cape Verde,0.0,0.0
2026-07-18T11:20Z,Croatia,0.0,0.0
2026-07-18T11:20Z,Curaçao,0.0,0.0
2026-07-18T11:20Z,Czech Republic,0.0,0.0
2026-07-18T11:20Z,DR Congo,0.0,0.0
2026-07-18T11:20Z,Ghana,0.0,0.0
2026-07-18T11:20Z,Haiti,0.0,0.0
2026-07-18T11:20Z,Iran,0.0,0.0
2026-07-18T11:20Z,Iraq,0.0,0.0
2026-07-18T11:20Z,Ivory Coast,0.0,0.0
2026-07-18T11:20Z,Jordan,0.0,0.0
2026-07-18T11:20Z,Mexico,0.0,0.0
2026-07-18T11:20Z,New Zealand,0.0,0.0
2026-07-18T11:20Z,Panama,0.0,0.0
2026-07-18T11:20Z,Paraguay,0.0,0.0
2026-07-18T11:20Z,Qatar,0.0,0.0
2026-07-18T11:20Z,Saudi Arabia,0.0,0.0
2026-07-18T11:20Z,Scotland,0.0,0.0
2026-07-18T11:20Z,South Africa,0.0,0.0
2026-07-18T11:20Z,South Korea,0.0,0.0
2026-07-18T11:20Z,Sweden,0.0,0.0
2026-07-18T11:20Z,Tunisia,0.0,0.0
2026-07-18T11:20Z,United States,0.0,0.0
2026-07-18T11:20Z,Uruguay,0.0,0.0
2026-07-18T11:20Z,Uzbekistan,0.0,0.0
2026-07-18T11:20Z,Argentina,0.295,0.4015
2026-07-18T11:20Z,Spain,0.298,0.5915
2026-07-18T12:10Z,France,0.114,0.0
2026-07-18T12:10Z,England,0.082,0.0
2026-07-18T12:10Z,Portugal,0.046,0.0
2026-07-18T12:10Z,Morocco,0.031,0.0
2026-07-18T12:10Z,Belgium,0.029,0.0
2026-07-18T12:10Z,Brazil,0.028,0.0
2026-07-18T12:10Z,Netherlands,0.018,0.0
2026-07-18T12:10Z,Colombia,0.016,0.0
2026-07-18T12:10Z,Germany,0.016,0.0
2026-07-18T12:10Z,Norway,0.011,0.0
2026-07-18T12:10Z,Japan,0.004,0.0
2026-07-18T12:10Z,Ecuador,0.003,0.0
2026-07-18T12:10Z,Senegal,0.003,0.0
2026-07-18T12:10Z,Egypt,0.002,0.0
2026-07-18T12:10Z,Switzerland,0.002,0.0
2026-07-18T12:10Z,Australia,0.001,0.0
2026-07-18T12:10Z,Canada,0.001,0.0
2026-07-18T12:10Z,Algeria,0.0,0.0
2026-07-18T12:10Z,Austria,0.0,0.0
2026-07-18T12:10Z,Bosnia and Herzegovina,0.0,0.0
2026-07-18T12:10Z,Cape Verde,0.0,0.0
2026-07-18T12:10Z,Croatia,0.0,0.0
2026-07-18T12:10Z,Curaçao,0.0,0.0
2026-07-18T12:10Z,Czech Republic,0.0,0.0
2026-07-18T12:10Z,DR Congo,0.0,0.0
2026-07-18T12:10Z,Ghana,0.0,0.0
2026-07-18T12:10Z,Haiti,0.0,0.0
2026-07-18T12:10Z,Iran,0.0,0.0
2026-07-18T12:10Z,Iraq,0.0,0.0
2026-07-18T12:10Z,Ivory Coast,0.0,0.0
2026-07-18T12:10Z,Jordan,0.0,0.0
2026-07-18T12:10Z,Mexico,0.0,0.0
2026-07-18T12:10Z,New Zealand,0.0,0.0
2026-07-18T12:10Z,Panama,0.0,0.0
2026-07-18T12:10Z,Paraguay,0.0,0.0
2026-07-18T12:10Z,Qatar,0.0,0.0
2026-07-18T12:10Z,Saudi Arabia,0.0,0.0
2026-07-18T12:10Z,Scotland,0.0,0.0
2026-07-18T12:10Z,South Africa,0.0,0.0
2026-07-18T12:10Z,South Korea,0.0,0.0
2026-07-18T12:10Z,Sweden,0.0,0.0
2026-07-18T12:10Z,Tunisia,0.0,0.0
2026-07-18T12:10Z,United States,0.0,0.0
2026-07-18T12:10Z,Uruguay,0.0,0.0
2026-07-18T12:10Z,Uzbekistan,0.0,0.0
2026-07-18T12:10Z,Argentina,0.295,0.4015
2026-07-18T12:10Z,Spain,0.298,0.5915
2026-07-18T13:53Z,France,0.114,0.0
2026-07-18T13:53Z,England,0.082,0.0
2026-07-18T13:53Z,Portugal,0.046,0.0
2026-07-18T13:53Z,Morocco,0.031,0.0
2026-07-18T13:53Z,Belgium,0.029,0.0
2026-07-18T13:53Z,Brazil,0.028,0.0
2026-07-18T13:53Z,Netherlands,0.018,0.0
2026-07-18T13:53Z,Colombia,0.016,0.0
2026-07-18T13:53Z,Germany,0.016,0.0
2026-07-18T13:53Z,Norway,0.011,0.0
2026-07-18T13:53Z,Japan,0.004,0.0
2026-07-18T13:53Z,Ecuador,0.003,0.0
2026-07-18T13:53Z,Senegal,0.003,0.0
2026-07-18T13:53Z,Egypt,0.002,0.0
2026-07-18T13:53Z,Switzerland,0.002,0.0
2026-07-18T13:53Z,Australia,0.001,0.0
2026-07-18T13:53Z,Canada,0.001,0.0
2026-07-18T13:53Z,Algeria,0.0,0.0
2026-07-18T13:53Z,Austria,0.0,0.0
2026-07-18T13:53Z,Bosnia and Herzegovina,0.0,0.0
2026-07-18T13:53Z,Cape Verde,0.0,0.0
2026-07-18T13:53Z,Croatia,0.0,0.0
2026-07-18T13:53Z,Curaçao,0.0,0.0
2026-07-18T13:53Z,Czech Republic,0.0,0.0
2026-07-18T13:53Z,DR Congo,0.0,0.0
2026-07-18T13:53Z,Ghana,0.0,0.0
2026-07-18T13:53Z,Haiti,0.0,0.0
2026-07-18T13:53Z,Iran,0.0,0.0
2026-07-18T13:53Z,Iraq,0.0,0.0
2026-07-18T13:53Z,Ivory Coast,0.0,0.0
2026-07-18T13:53Z,Jordan,0.0,0.0
2026-07-18T13:53Z,Mexico,0.0,0.0
2026-07-18T13:53Z,New Zealand,0.0,0.0
2026-07-18T13:53Z,Panama,0.0,0.0
2026-07-18T13:53Z,Paraguay,0.0,0.0
2026-07-18T13:53Z,Qatar,0.0,0.0
2026-07-18T13:53Z,Saudi Arabia,0.0,0.0
2026-07-18T13:53Z,Scotland,0.0,0.0
2026-07-18T13:53Z,South Africa,0.0,0.0
2026-07-18T13:53Z,South Korea,0.0,0.0
2026-07-18T13:53Z,Sweden,0.0,0.0
2026-07-18T13:53Z,Tunisia,0.0,0.0
2026-07-18T13:53Z,United States,0.0,0.0
2026-07-18T13:53Z,Uruguay,0.0,0.0
2026-07-18T13:53Z,Uzbekistan,0.0,0.0
2026-07-18T13:53Z,Argentina,0.295,0.4015
2026-07-18T13:53Z,Spain,0.298,0.5915
2026-07-18T14:47Z,France,0.114,0.0
2026-07-18T14:47Z,England,0.082,0.0
2026-07-18T14:47Z,Portugal,0.046,0.0
2026-07-18T14:47Z,Morocco,0.031,0.0
2026-07-18T14:47Z,Belgium,0.029,0.0
2026-07-18T14:47Z,Brazil,0.028,0.0
2026-07-18T14:47Z,Netherlands,0.018,0.0
2026-07-18T14:47Z,Colombia,0.016,0.0
2026-07-18T14:47Z,Germany,0.016,0.0
2026-07-18T14:47Z,Norway,0.011,0.0
2026-07-18T14:47Z,Japan,0.004,0.0
2026-07-18T14:47Z,Ecuador,0.003,0.0
2026-07-18T14:47Z,Senegal,0.003,0.0
2026-07-18T14:47Z,Egypt,0.002,0.0
2026-07-18T14:47Z,Switzerland,0.002,0.0
2026-07-18T14:47Z,Australia,0.001,0.0
2026-07-18T14:47Z,Canada,0.001,0.0
2026-07-18T14:47Z,Algeria,0.0,0.0
2026-07-18T14:47Z,Austria,0.0,0.0
2026-07-18T14:47Z,Bosnia and Herzegovina,0.0,0.0
2026-07-18T14:47Z,Cape Verde,0.0,0.0
2026-07-18T14:47Z,Croatia,0.0,0.0
2026-07-18T14:47Z,Curaçao,0.0,0.0
2026-07-18T14:47Z,Czech Republic,0.0,0.0
2026-07-18T14:47Z,DR Congo,0.0,0.0
2026-07-18T14:47Z,Ghana,0.0,0.0
2026-07-18T14:47Z,Haiti,0.0,0.0
2026-07-18T14:47Z,Iran,0.0,0.0
2026-07-18T14:47Z,Iraq,0.0,0.0
2026-07-18T14:47Z,Ivory Coast,0.0,0.0
2026-07-18T14:47Z,Jordan,0.0,0.0
2026-07-18T14:47Z,Mexico,0.0,0.0
2026-07-18T14:47Z,New Zealand,0.0,0.0
2026-07-18T14:47Z,Panama,0.0,0.0
2026-07-18T14:47Z,Paraguay,0.0,0.0
2026-07-18T14:47Z,Qatar,0.0,0.0
2026-07-18T14:47Z,Saudi Arabia,0.0,0.0
2026-07-18T14:47Z,Scotland,0.0,0.0
2026-07-18T14:47Z,South Africa,0.0,0.0
2026-07-18T14:47Z,South Korea,0.0,0.0
2026-07-18T14:47Z,Sweden,0.0,0.0
2026-07-18T14:47Z,Tunisia,0.0,0.0
2026-07-18T14:47Z,United States,0.0,0.0
2026-07-18T14:47Z,Uruguay,0.0,0.0
2026-07-18T14:47Z,Uzbekistan,0.0,0.0
2026-07-18T14:47Z,Argentina,0.295,0.4015
2026-07-18T14:47Z,Spain,0.298,0.5915
2026-07-18T15:49Z,France,0.114,0.0
2026-07-18T15:49Z,England,0.082,0.0
2026-07-18T15:49Z,Portugal,0.046,0.0
2026-07-18T15:49Z,Morocco,0.031,0.0
2026-07-18T15:49Z,Belgium,0.029,0.0
2026-07-18T15:49Z,Brazil,0.028,0.0
2026-07-18T15:49Z,Netherlands,0.018,0.0
2026-07-18T15:49Z,Colombia,0.016,0.0
2026-07-18T15:49Z,Germany,0.016,0.0
2026-07-18T15:49Z,Norway,0.011,0.0
2026-07-18T15:49Z,Japan,0.004,0.0
2026-07-18T15:49Z,Ecuador,0.003,0.0
2026-07-18T15:49Z,Senegal,0.003,0.0
2026-07-18T15:49Z,Egypt,0.002,0.0
2026-07-18T15:49Z,Switzerland,0.002,0.0
2026-07-18T15:49Z,Australia,0.001,0.0
2026-07-18T15:49Z,Canada,0.001,0.0
2026-07-18T15:49Z,Algeria,0.0,0.0
2026-07-18T15:49Z,Austria,0.0,0.0
2026-07-18T15:49Z,Bosnia and Herzegovina,0.0,0.0
2026-07-18T15:49Z,Cape Verde,0.0,0.0
2026-07-18T15:49Z,Croatia,0.0,0.0
2026-07-18T15:49Z,Curaçao,0.0,0.0
2026-07-18T15:49Z,Czech Republic,0.0,0.0
2026-07-18T15:49Z,DR Congo,0.0,0.0
2026-07-18T15:49Z,Ghana,0.0,0.0
2026-07-18T15:49Z,Haiti,0.0,0.0
2026-07-18T15:49Z,Iran,0.0,0.0
2026-07-18T15:49Z,Iraq,0.0,0.0
2026-07-18T15:49Z,Ivory Coast,0.0,0.0
2026-07-18T15:49Z,Jordan,0.0,0.0
2026-07-18T15:49Z,Mexico,0.0,0.0
2026-07-18T15:49Z,New Zealand,0.0,0.0
2026-07-18T15:49Z,Panama,0.0,0.0
2026-07-18T15:49Z,Paraguay,0.0,0.0
2026-07-18T15:49Z,Qatar,0.0,0.0
2026-07-18T15:49Z,Saudi Arabia,0.0,0.0
2026-07-18T15:49Z,Scotland,0.0,0.0
2026-07-18T15:49Z,South Africa,0.0,0.0
2026-07-18T15:49Z,South Korea,0.0,0.0
2026-07-18T15:49Z,Sweden,0.0,0.0
2026-07-18T15:49Z,Tunisia,0.0,0.0
2026-07-18T15:49Z,United States,0.0,0.0
2026-07-18T15:49Z,Uruguay,0.0,0.0
2026-07-18T15:49Z,Uzbekistan,0.0,0.0
2026-07-18T15:49Z,Argentina,0.295,0.4015
2026-07-18T15:49Z,Spain,0.298,0.5915
2026-07-18T16:49Z,France,0.114,0.0
2026-07-18T16:49Z,England,0.082,0.0
2026-07-18T16:49Z,Portugal,0.046,0.0
2026-07-18T16:49Z,Morocco,0.031,0.0
2026-07-18T16:49Z,Belgium,0.029,0.0
2026-07-18T16:49Z,Brazil,0.028,0.0
2026-07-18T16:49Z,Netherlands,0.018,0.0
2026-07-18T16:49Z,Colombia,0.016,0.0
2026-07-18T16:49Z,Germany,0.016,0.0
2026-07-18T16:49Z,Norway,0.011,0.0
2026-07-18T16:49Z,Japan,0.004,0.0
2026-07-18T16:49Z,Ecuador,0.003,0.0
2026-07-18T16:49Z,Senegal,0.003,0.0
2026-07-18T16:49Z,Egypt,0.002,0.0
2026-07-18T16:49Z,Switzerland,0.002,0.0
2026-07-18T16:49Z,Australia,0.001,0.0
2026-07-18T16:49Z,Canada,0.001,0.0
2026-07-18T16:49Z,Algeria,0.0,0.0
2026-07-18T16:49Z,Austria,0.0,0.0
2026-07-18T16:49Z,Bosnia and Herzegovina,0.0,0.0
2026-07-18T16:49Z,Cape Verde,0.0,0.0
2026-07-18T16:49Z,Croatia,0.0,0.0
2026-07-18T16:49Z,Curaçao,0.0,0.0
2026-07-18T16:49Z,Czech Republic,0.0,0.0
2026-07-18T16:49Z,DR Congo,0.0,0.0
2026-07-18T16:49Z,Ghana,0.0,0.0
2026-07-18T16:49Z,Haiti,0.0,0.0
2026-07-18T16:49Z,Iran,0.0,0.0
2026-07-18T16:49Z,Iraq,0.0,0.0
2026-07-18T16:49Z,Ivory Coast,0.0,0.0
2026-07-18T16:49Z,Jordan,0.0,0.0
2026-07-18T16:49Z,Mexico,0.0,0.0
2026-07-18T16:49Z,New Zealand,0.0,0.0
2026-07-18T16:49Z,Panama,0.0,0.0
2026-07-18T16:49Z,Paraguay,0.0,0.0
2026-07-18T16:49Z,Qatar,0.0,0.0
2026-07-18T16:49Z,Saudi Arabia,0.0,0.0
2026-07-18T16:49Z,Scotland,0.0,0.0
2026-07-18T16:49Z,South Africa,0.0,0.0
2026-07-18T16:49Z,South Korea,0.0,0.0
2026-07-18T16:49Z,Sweden,0.0,0.0
2026-07-18T16:49Z,Tunisia,0.0,0.0
2026-07-18T16:49Z,United States,0.0,0.0
2026-07-18T16:49Z,Uruguay,0.0,0.0
2026-07-18T16:49Z,Uzbekistan,0.0,0.0
2026-07-18T16:49Z,Argentina,0.295,0.4015
2026-07-18T16:49Z,Spain,0.298,0.5905
2026-07-18T17:52Z,France,0.114,0.0
2026-07-18T17:52Z,England,0.082,0.0
2026-07-18T17:52Z,Portugal,0.046,0.0
2026-07-18T17:52Z,Morocco,0.031,0.0
2026-07-18T17:52Z,Belgium,0.029,0.0
2026-07-18T17:52Z,Brazil,0.028,0.0
2026-07-18T17:52Z,Netherlands,0.018,0.0
2026-07-18T17:52Z,Colombia,0.016,0.0
2026-07-18T17:52Z,Germany,0.016,0.0
2026-07-18T17:52Z,Norway,0.011,0.0
2026-07-18T17:52Z,Japan,0.004,0.0
2026-07-18T17:52Z,Ecuador,0.003,0.0
2026-07-18T17:52Z,Senegal,0.003,0.0
2026-07-18T17:52Z,Egypt,0.002,0.0
2026-07-18T17:52Z,Switzerland,0.002,0.0
2026-07-18T17:52Z,Australia,0.001,0.0
2026-07-18T17:52Z,Canada,0.001,0.0
2026-07-18T17:52Z,Algeria,0.0,0.0
2026-07-18T17:52Z,Austria,0.0,0.0
2026-07-18T17:52Z,Bosnia and Herzegovina,0.0,0.0
2026-07-18T17:52Z,Cape Verde,0.0,0.0
2026-07-18T17:52Z,Croatia,0.0,0.0
2026-07-18T17:52Z,Curaçao,0.0,0.0
2026-07-18T17:52Z,Czech Republic,0.0,0.0
2026-07-18T17:52Z,DR Congo,0.0,0.0
2026-07-18T17:52Z,Ghana,0.0,0.0
2026-07-18T17:52Z,Haiti,0.0,0.0
2026-07-18T17:52Z,Iran,0.0,0.0
2026-07-18T17:52Z,Iraq,0.0,0.0
2026-07-18T17:52Z,Ivory Coast,0.0,0.0
2026-07-18T17:52Z,Jordan,0.0,0.0
2026-07-18T17:52Z,Mexico,0.0,0.0
2026-07-18T17:52Z,New Zealand,0.0,0.0
2026-07-18T17:52Z,Panama,0.0,0.0
2026-07-18T17:52Z,Paraguay,0.0,0.0
2026-07-18T17:52Z,Qatar,0.0,0.0
2026-07-18T17:52Z,Saudi Arabia,0.0,0.0
2026-07-18T17:52Z,Scotland,0.0,0.0
2026-07-18T17:52Z,South Africa,0.0,0.0
2026-07-18T17:52Z,South Korea,0.0,0.0
2026-07-18T17:52Z,Sweden,0.0,0.0
2026-07-18T17:52Z,Tunisia,0.0,0.0
2026-07-18T17:52Z,United States,0.0,0.0
2026-07-18T17:52Z,Uruguay,0.0,0.0
2026-07-18T17:52Z,Uzbekistan,0.0,0.0
2026-07-18T17:52Z,Argentina,0.295,0.4015
2026-07-18T17:52Z,Spain,0.298,0.5905
2026-07-18T18:53Z,France,0.114,0.0
2026-07-18T18:53Z,England,0.082,0.0
2026-07-18T18:53Z,Portugal,0.046,0.0
2026-07-18T18:53Z,Morocco,0.031,0.0
2026-07-18T18:53Z,Belgium,0.029,0.0
2026-07-18T18:53Z,Brazil,0.028,0.0
2026-07-18T18:53Z,Netherlands,0.018,0.0
2026-07-18T18:53Z,Colombia,0.016,0.0
2026-07-18T18:53Z,Germany,0.016,0.0
2026-07-18T18:53Z,Norway,0.011,0.0
2026-07-18T18:53Z,Japan,0.004,0.0
2026-07-18T18:53Z,Ecuador,0.003,0.0
2026-07-18T18:53Z,Senegal,0.003,0.0
2026-07-18T18:53Z,Egypt,0.002,0.0
2026-07-18T18:53Z,Switzerland,0.002,0.0
2026-07-18T18:53Z,Australia,0.001,0.0
2026-07-18T18:53Z,Canada,0.001,0.0
2026-07-18T18:53Z,Algeria,0.0,0.0
2026-07-18T18:53Z,Austria,0.0,0.0
2026-07-18T18:53Z,Bosnia and Herzegovina,0.0,0.0
2026-07-18T18:53Z,Cape Verde,0.0,0.0
2026-07-18T18:53Z,Croatia,0.0,0.0
2026-07-18T18:53Z,Curaçao,0.0,0.0
2026-07-18T18:53Z,Czech Republic,0.0,0.0
2026-07-18T18:53Z,DR Congo,0.0,0.0
2026-07-18T18:53Z,Ghana,0.0,0.0
2026-07-18T18:53Z,Haiti,0.0,0.0
2026-07-18T18:53Z,Iran,0.0,0.0
2026-07-18T18:53Z,Iraq,0.0,0.0
2026-07-18T18:53Z,Ivory Coast,0.0,0.0
2026-07-18T18:53Z,Jordan,0.0,0.0
2026-07-18T18:53Z,Mexico,0.0,0.0
2026-07-18T18:53Z,New Zealand,0.0,0.0
2026-07-18T18:53Z,Panama,0.0,0.0
2026-07-18T18:53Z,Paraguay,0.0,0.0
2026-07-18T18:53Z,Qatar,0.0,0.0
2026-07-18T18:53Z,Saudi Arabia,0.0,0.0
2026-07-18T18:53Z,Scotland,0.0,0.0
2026-07-18T18:53Z,South Africa,0.0,0.0
2026-07-18T18:53Z,South Korea,0.0,0.0
2026-07-18T18:53Z,Sweden,0.0,0.0
2026-07-18T18:53Z,Tunisia,0.0,0.0
2026-07-18T18:53Z,United States,0.0,0.0
2026-07-18T18:53Z,Uruguay,0.0,0.0
2026-07-18T18:53Z,Uzbekistan,0.0,0.0
2026-07-18T18:53Z,Argentina,0.295,0.4015
2026-07-18T18:53Z,Spain,0.298,0.5905
2026-07-18T20:02Z,France,0.114,0.0
2026-07-18T20:02Z,England,0.082,0.0
2026-07-18T20:02Z,Portugal,0.046,0.0
2026-07-18T20:02Z,Morocco,0.031,0.0
2026-07-18T20:02Z,Belgium,0.029,0.0
2026-07-18T20:02Z,Brazil,0.028,0.0
2026-07-18T20:02Z,Netherlands,0.018,0.0
2026-07-18T20:02Z,Colombia,0.016,0.0
2026-07-18T20:02Z,Germany,0.016,0.0
2026-07-18T20:02Z,Norway,0.011,0.0
2026-07-18T20:02Z,Japan,0.004,0.0
2026-07-18T20:02Z,Ecuador,0.003,0.0
2026-07-18T20:02Z,Senegal,0.003,0.0
2026-07-18T20:02Z,Egypt,0.002,0.0
2026-07-18T20:02Z,Switzerland,0.002,0.0
2026-07-18T20:02Z,Australia,0.001,0.0
2026-07-18T20:02Z,Canada,0.001,0.0
2026-07-18T20:02Z,Algeria,0.0,0.0
2026-07-18T20:02Z,Austria,0.0,0.0
2026-07-18T20:02Z,Bosnia and Herzegovina,0.0,0.0
2026-07-18T20:02Z,Cape Verde,0.0,0.0
2026-07-18T20:02Z,Croatia,0.0,0.0
2026-07-18T20:02Z,Curaçao,0.0,0.0
2026-07-18T20:02Z,Czech Republic,0.0,0.0
2026-07-18T20:02Z,DR Congo,0.0,0.0
2026-07-18T20:02Z,Ghana,0.0,0.0
2026-07-18T20:02Z,Haiti,0.0,0.0
2026-07-18T20:02Z,Iran,0.0,0.0
2026-07-18T20:02Z,Iraq,0.0,0.0
2026-07-18T20:02Z,Ivory Coast,0.0,0.0
2026-07-18T20:02Z,Jordan,0.0,0.0
2026-07-18T20:02Z,Mexico,0.0,0.0
2026-07-18T20:02Z,New Zealand,0.0,0.0
2026-07-18T20:02Z,Panama,0.0,0.0
2026-07-18T20:02Z,Paraguay,0.0,0.0
2026-07-18T20:02Z,Qatar,0.0,0.0
2026-07-18T20:02Z,Saudi Arabia,0.0,0.0
2026-07-18T20:02Z,Scotland,0.0,0.0
2026-07-18T20:02Z,South Africa,0.0,0.0
2026-07-18T20:02Z,South Korea,0.0,0.0
2026-07-18T20:02Z,Sweden,0.0,0.0
2026-07-18T20:02Z,Tunisia,0.0,0.0
2026-07-18T20:02Z,United States,0.0,0.0
2026-07-18T20:02Z,Uruguay,0.0,0.0
2026-07-18T20:02Z,Uzbekistan,0.0,0.0
2026-07-18T20:02Z,Argentina,0.295,0.4015
2026-07-18T20:02Z,Spain,0.298,0.5905
2026-07-18T20:59Z,France,0.114,0.0
2026-07-18T20:59Z,England,0.082,0.0
2026-07-18T20:59Z,Portugal,0.046,0.0
2026-07-18T20:59Z,Morocco,0.031,0.0
2026-07-18T20:59Z,Belgium,0.029,0.0
2026-07-18T20:59Z,Brazil,0.028,0.0
2026-07-18T20:59Z,Netherlands,0.018,0.0
2026-07-18T20:59Z,Colombia,0.016,0.0
2026-07-18T20:59Z,Germany,0.016,0.0
2026-07-18T20:59Z,Norway,0.011,0.0
2026-07-18T20:59Z,Japan,0.004,0.0
2026-07-18T20:59Z,Ecuador,0.003,0.0
2026-07-18T20:59Z,Senegal,0.003,0.0
2026-07-18T20:59Z,Egypt,0.002,0.0
2026-07-18T20:59Z,Switzerland,0.002,0.0
2026-07-18T20:59Z,Australia,0.001,0.0
2026-07-18T20:59Z,Canada,0.001,0.0
2026-07-18T20:59Z,Algeria,0.0,0.0
2026-07-18T20:59Z,Austria,0.0,0.0
2026-07-18T20:59Z,Bosnia and Herzegovina,0.0,0.0
2026-07-18T20:59Z,Cape Verde,0.0,0.0
2026-07-18T20:59Z,Croatia,0.0,0.0
2026-07-18T20:59Z,Curaçao,0.0,0.0
2026-07-18T20:59Z,Czech Republic,0.0,0.0
2026-07-18T20:59Z,DR Congo,0.0,0.0
2026-07-18T20:59Z,Ghana,0.0,0.0
2026-07-18T20:59Z,Haiti,0.0,0.0
2026-07-18T20:59Z,Iran,0.0,0.0
2026-07-18T20:59Z,Iraq,0.0,0.0
2026-07-18T20:59Z,Ivory Coast,0.0,0.0
2026-07-18T20:59Z,Jordan,0.0,0.0
2026-07-18T20:59Z,Mexico,0.0,0.0
2026-07-18T20:59Z,New Zealand,0.0,0.0
2026-07-18T20:59Z,Panama,0.0,0.0
2026-07-18T20:59Z,Paraguay,0.0,0.0
2026-07-18T20:59Z,Qatar,0.0,0.0
2026-07-18T20:59Z,Saudi Arabia,0.0,0.0
2026-07-18T20:59Z,Scotland,0.0,0.0
2026-07-18T20:59Z,South Africa,0.0,0.0
2026-07-18T20:59Z,South Korea,0.0,0.0
2026-07-18T20:59Z,Sweden,0.0,0.0
2026-07-18T20:59Z,Tunisia,0.0,0.0
2026-07-18T20:59Z,United States,0.0,0.0
2026-07-18T20:59Z,Uruguay,0.0,0.0
2026-07-18T20:59Z,Uzbekistan,0.0,0.0
2026-07-18T20:59Z,Argentina,0.295,0.4015
2026-07-18T20:59Z,Spain,0.298,0.5905
2026-07-18T21:49Z,France,0.114,0.0
2026-07-18T21:49Z,England,0.082,0.0
2026-07-18T21:49Z,Portugal,0.046,0.0
2026-07-18T21:49Z,Morocco,0.031,0.0
2026-07-18T21:49Z,Belgium,0.029,0.0
2026-07-18T21:49Z,Brazil,0.028,0.0
2026-07-18T21:49Z,Netherlands,0.018,0.0
2026-07-18T21:49Z,Colombia,0.016,0.0
2026-07-18T21:49Z,Germany,0.016,0.0
2026-07-18T21:49Z,Norway,0.011,0.0
2026-07-18T21:49Z,Japan,0.004,0.0
2026-07-18T21:49Z,Ecuador,0.003,0.0
2026-07-18T21:49Z,Senegal,0.003,0.0
2026-07-18T21:49Z,Egypt,0.002,0.0
2026-07-18T21:49Z,Switzerland,0.002,0.0
2026-07-18T21:49Z,Australia,0.001,0.0
2026-07-18T21:49Z,Canada,0.001,0.0
2026-07-18T21:49Z,Algeria,0.0,0.0
2026-07-18T21:49Z,Austria,0.0,0.0
2026-07-18T21:49Z,Bosnia and Herzegovina,0.0,0.0
2026-07-18T21:49Z,Cape Verde,0.0,0.0
2026-07-18T21:49Z,Croatia,0.0,0.0
2026-07-18T21:49Z,Curaçao,0.0,0.0
2026-07-18T21:49Z,Czech Republic,0.0,0.0
2026-07-18T21:49Z,DR Congo,0.0,0.0
2026-07-18T21:49Z,Ghana,0.0,0.0
2026-07-18T21:49Z,Haiti,0.0,0.0
2026-07-18T21:49Z,Iran,0.0,0.0
2026-07-18T21:49Z,Iraq,0.0,0.0
2026-07-18T21:49Z,Ivory Coast,0.0,0.0
2026-07-18T21:49Z,Jordan,0.0,0.0
2026-07-18T21:49Z,Mexico,0.0,0.0
2026-07-18T21:49Z,New Zealand,0.0,0.0
2026-07-18T21:49Z,Panama,0.0,0.0
2026-07-18T21:49Z,Paraguay,0.0,0.0
2026-07-18T21:49Z,Qatar,0.0,0.0
2026-07-18T21:49Z,Saudi Arabia,0.0,0.0
2026-07-18T21:49Z,Scotland,0.0,0.0
2026-07-18T21:49Z,South Africa,0.0,0.0
2026-07-18T21:49Z,South Korea,0.0,0.0
2026-07-18T21:49Z,Sweden,0.0,0.0
2026-07-18T21:49Z,Tunisia,0.0,0.0
2026-07-18T21:49Z,United States,0.0,0.0
2026-07-18T21:49Z,Uruguay,0.0,0.0
2026-07-18T21:49Z,Uzbekistan,0.0,0.0
2026-07-18T21:49Z,Argentina,0.295,0.4015
2026-07-18T21:49Z,Spain,0.298,0.5905
2026-07-18T22:43Z,France,0.114,0.0
2026-07-18T22:43Z,England,0.082,0.0
2026-07-18T22:43Z,Portugal,0.046,0.0
2026-07-18T22:43Z,Morocco,0.031,0.0
2026-07-18T22:43Z,Belgium,0.029,0.0
2026-07-18T22:43Z,Brazil,0.028,0.0
2026-07-18T22:43Z,Netherlands,0.018,0.0
2026-07-18T22:43Z,Colombia,0.016,0.0
2026-07-18T22:43Z,Germany,0.016,0.0
2026-07-18T22:43Z,Norway,0.011,0.0
2026-07-18T22:43Z,Japan,0.004,0.0
2026-07-18T22:43Z,Ecuador,0.003,0.0
2026-07-18T22:43Z,Senegal,0.003,0.0
2026-07-18T22:43Z,Egypt,0.002,0.0
2026-07-18T22:43Z,Switzerland,0.002,0.0
2026-07-18T22:43Z,Australia,0.001,0.0
2026-07-18T22:43Z,Canada,0.001,0.0
2026-07-18T22:43Z,Algeria,0.0,0.0
2026-07-18T22:43Z,Austria,0.0,0.0
2026-07-18T22:43Z,Bosnia and Herzegovina,0.0,0.0
2026-07-18T22:43Z,Cape Verde,0.0,0.0
2026-07-18T22:43Z,Croatia,0.0,0.0
2026-07-18T22:43Z,Curaçao,0.0,0.0
2026-07-18T22:43Z,Czech Republic,0.0,0.0
2026-07-18T22:43Z,DR Congo,0.0,0.0
2026-07-18T22:43Z,Ghana,0.0,0.0
2026-07-18T22:43Z,Haiti,0.0,0.0
2026-07-18T22:43Z,Iran,0.0,0.0
2026-07-18T22:43Z,Iraq,0.0,0.0
2026-07-18T22:43Z,Ivory Coast,0.0,0.0
2026-07-18T22:43Z,Jordan,0.0,0.0
2026-07-18T22:43Z,Mexico,0.0,0.0
2026-07-18T22:43Z,New Zealand,0.0,0.0
2026-07-18T22:43Z,Panama,0.0,0.0
2026-07-18T22:43Z,Paraguay,0.0,0.0
2026-07-18T22:43Z,Qatar,0.0,0.0
2026-07-18T22:43Z,Saudi Arabia,0.0,0.0
2026-07-18T22:43Z,Scotland,0.0,0.0
2026-07-18T22:43Z,South Africa,0.0,0.0
2026-07-18T22:43Z,South Korea,0.0,0.0
2026-07-18T22:43Z,Sweden,0.0,0.0
2026-07-18T22:43Z,Tunisia,0.0,0.0
2026-07-18T22:43Z,United States,0.0,0.0
2026-07-18T22:43Z,Uruguay,0.0,0.0
2026-07-18T22:43Z,Uzbekistan,0.0,0.0
2026-07-18T22:43Z,Argentina,0.295,0.4095
2026-07-18T22:43Z,Spain,0.298,0.5905
2026-07-18T23:47Z,England,0.096,0.0
2026-07-18T23:47Z,France,0.082,0.0
2026-07-18T23:47Z,Portugal,0.065,0.0
2026-07-18T23:47Z,Brazil,0.028,0.0
2026-07-18T23:47Z,Belgium,0.025,0.0
2026-07-18T23:47Z,Colombia,0.025,0.0
2026-07-18T23:47Z,Morocco,0.025,0.0
2026-07-18T23:47Z,Netherlands,0.022,0.0
2026-07-18T23:47Z,Germany,0.019,0.0
2026-07-18T23:47Z,Norway,0.008,0.0
2026-07-18T23:47Z,Japan,0.007,0.0
2026-07-18T23:47Z,Switzerland,0.006,0.0
2026-07-18T23:47Z,Senegal,0.004,0.0
2026-07-18T23:47Z,Croatia,0.003,0.0
2026-07-18T23:47Z,Ivory Coast,0.002,0.0
2026-07-18T23:47Z,United States,0.002,0.0
2026-07-18T23:47Z,Australia,0.001,0.0
2026-07-18T23:47Z,Paraguay,0.001,0.0
2026-07-18T23:47Z,Sweden,0.001,0.0
2026-07-18T23:47Z,Algeria,0.0,0.0
2026-07-18T23:47Z,Austria,0.0,0.0
2026-07-18T23:47Z,Bosnia and Herzegovina,0.0,0.0
2026-07-18T23:47Z,Canada,0.0,0.0
2026-07-18T23:47Z,Cape Verde,0.0,0.0
2026-07-18T23:47Z,Curaçao,0.0,0.0
2026-07-18T23:47Z,Czech Republic,0.0,0.0
2026-07-18T23:47Z,DR Congo,0.0,0.0
2026-07-18T23:47Z,Ecuador,0.0,0.0
2026-07-18T23:47Z,Egypt,0.0,0.0
2026-07-18T23:47Z,Ghana,0.0,0.0
2026-07-18T23:47Z,Haiti,0.0,0.0
2026-07-18T23:47Z,Iran,0.0,0.0
2026-07-18T23:47Z,Iraq,0.0,0.0
2026-07-18T23:47Z,Jordan,0.0,0.0
2026-07-18T23:47Z,Mexico,0.0,0.0
2026-07-18T23:47Z,New Zealand,0.0,0.0
2026-07-18T23:47Z,Panama,0.0,0.0
2026-07-18T23:47Z,Qatar,0.0,0.0
2026-07-18T23:47Z,Saudi Arabia,0.0,0.0
2026-07-18T23:47Z,Scotland,0.0,0.0
2026-07-18T23:47Z,South Africa,0.0,0.0
2026-07-18T23:47Z,South Korea,0.0,0.0
2026-07-18T23:47Z,Tunisia,0.0,0.0
2026-07-18T23:47Z,Uruguay,0.0,0.0
2026-07-18T23:47Z,Uzbekistan,0.0,0.0
2026-07-18T23:47Z,Argentina,0.296,0.4095
2026-07-18T23:47Z,Spain,0.282,0.5905
2026-07-19T01:58Z,England,0.096,0.0
2026-07-19T01:58Z,France,0.082,0.0
2026-07-19T01:58Z,Portugal,0.065,0.0
2026-07-19T01:58Z,Brazil,0.028,0.0
2026-07-19T01:58Z,Belgium,0.025,0.0
2026-07-19T01:58Z,Colombia,0.025,0.0
2026-07-19T01:58Z,Morocco,0.025,0.0
2026-07-19T01:58Z,Netherlands,0.022,0.0
2026-07-19T01:58Z,Germany,0.019,0.0
2026-07-19T01:58Z,Norway,0.008,0.0
2026-07-19T01:58Z,Japan,0.007,0.0
2026-07-19T01:58Z,Switzerland,0.006,0.0
2026-07-19T01:58Z,Senegal,0.004,0.0
2026-07-19T01:58Z,Croatia,0.003,0.0
2026-07-19T01:58Z,Ivory Coast,0.002,0.0
2026-07-19T01:58Z,United States,0.002,0.0
2026-07-19T01:58Z,Australia,0.001,0.0
2026-07-19T01:58Z,Paraguay,0.001,0.0
2026-07-19T01:58Z,Sweden,0.001,0.0
2026-07-19T01:58Z,Algeria,0.0,0.0
2026-07-19T01:58Z,Austria,0.0,0.0
2026-07-19T01:58Z,Bosnia and Herzegovina,0.0,0.0
2026-07-19T01:58Z,Canada,0.0,0.0
2026-07-19T01:58Z,Cape Verde,0.0,0.0
2026-07-19T01:58Z,Curaçao,0.0,0.0
2026-07-19T01:58Z,Czech Republic,0.0,0.0
2026-07-19T01:58Z,DR Congo,0.0,0.0
2026-07-19T01:58Z,Ecuador,0.0,0.0
2026-07-19T01:58Z,Egypt,0.0,0.0
2026-07-19T01:58Z,Ghana,0.0,0.0
2026-07-19T01:58Z,Haiti,0.0,0.0
2026-07-19T01:58Z,Iran,0.0,0.0
2026-07-19T01:58Z,Iraq,0.0,0.0
2026-07-19T01:58Z,Jordan,0.0,0.0
2026-07-19T01:58Z,Mexico,0.0,0.0
2026-07-19T01:58Z,New Zealand,0.0,0.0
2026-07-19T01:58Z,Panama,0.0,0.0
2026-07-19T01:58Z,Qatar,0.0,0.0
2026-07-19T01:58Z,Saudi Arabia,0.0,0.0
2026-07-19T01:58Z,Scotland,0.0,0.0
2026-07-19T01:58Z,South Africa,0.0,0.0
2026-07-19T01:58Z,South Korea,0.0,0.0
2026-07-19T01:58Z,Tunisia,0.0,0.0
2026-07-19T01:58Z,Uruguay,0.0,0.0
2026-07-19T01:58Z,Uzbekistan,0.0,0.0
2026-07-19T01:58Z,Argentina,0.296,0.4095
2026-07-19T01:58Z,Spain,0.282,0.5905
2026-07-19T05:21Z,England,0.096,0.0
2026-07-19T05:21Z,France,0.082,0.0
2026-07-19T05:21Z,Portugal,0.065,0.0
2026-07-19T05:21Z,Brazil,0.028,0.0
2026-07-19T05:21Z,Belgium,0.025,0.0
2026-07-19T05:21Z,Colombia,0.025,0.0
2026-07-19T05:21Z,Morocco,0.025,0.0
2026-07-19T05:21Z,Netherlands,0.022,0.0
2026-07-19T05:21Z,Germany,0.019,0.0
2026-07-19T05:21Z,Norway,0.008,0.0
2026-07-19T05:21Z,Japan,0.007,0.0
2026-07-19T05:21Z,Switzerland,0.006,0.0
2026-07-19T05:21Z,Senegal,0.004,0.0
2026-07-19T05:21Z,Croatia,0.003,0.0
2026-07-19T05:21Z,Ivory Coast,0.002,0.0
2026-07-19T05:21Z,United States,0.002,0.0
2026-07-19T05:21Z,Australia,0.001,0.0
2026-07-19T05:21Z,Paraguay,0.001,0.0
2026-07-19T05:21Z,Sweden,0.001,0.0
2026-07-19T05:21Z,Algeria,0.0,0.0
2026-07-19T05:21Z,Austria,0.0,0.0
2026-07-19T05:21Z,Bosnia and Herzegovina,0.0,0.0
2026-07-19T05:21Z,Canada,0.0,0.0
2026-07-19T05:21Z,Cape Verde,0.0,0.0
2026-07-19T05:21Z,Curaçao,0.0,0.0
2026-07-19T05:21Z,Czech Republic,0.0,0.0
2026-07-19T05:21Z,DR Congo,0.0,0.0
2026-07-19T05:21Z,Ecuador,0.0,0.0
2026-07-19T05:21Z,Egypt,0.0,0.0
2026-07-19T05:21Z,Ghana,0.0,0.0
2026-07-19T05:21Z,Haiti,0.0,0.0
2026-07-19T05:21Z,Iran,0.0,0.0
2026-07-19T05:21Z,Iraq,0.0,0.0
2026-07-19T05:21Z,Jordan,0.0,0.0
2026-07-19T05:21Z,Mexico,0.0,0.0
2026-07-19T05:21Z,New Zealand,0.0,0.0
2026-07-19T05:21Z,Panama,0.0,0.0
2026-07-19T05:21Z,Qatar,0.0,0.0
2026-07-19T05:21Z,Saudi Arabia,0.0,0.0
2026-07-19T05:21Z,Scotland,0.0,0.0
2026-07-19T05:21Z,South Africa,0.0,0.0
2026-07-19T05:21Z,South Korea,0.0,0.0
2026-07-19T05:21Z,Tunisia,0.0,0.0
2026-07-19T05:21Z,Uruguay,0.0,0.0
2026-07-19T05:21Z,Uzbekistan,0.0,0.0
2026-07-19T05:21Z,Argentina,0.296,0.4095
2026-07-19T05:21Z,Spain,0.282,0.5905
2026-07-19T07:39Z,England,0.096,0.0
2026-07-19T07:39Z,France,0.082,0.0
2026-07-19T07:39Z,Portugal,0.065,0.0
2026-07-19T07:39Z,Brazil,0.028,0.0
2026-07-19T07:39Z,Belgium,0.025,0.0
2026-07-19T07:39Z,Colombia,0.025,0.0
2026-07-19T07:39Z,Morocco,0.025,0.0
2026-07-19T07:39Z,Netherlands,0.022,0.0
2026-07-19T07:39Z,Germany,0.019,0.0
2026-07-19T07:39Z,Norway,0.008,0.0
2026-07-19T07:39Z,Japan,0.007,0.0
2026-07-19T07:39Z,Switzerland,0.006,0.0
2026-07-19T07:39Z,Senegal,0.004,0.0
2026-07-19T07:39Z,Croatia,0.003,0.0
2026-07-19T07:39Z,Ivory Coast,0.002,0.0
2026-07-19T07:39Z,United States,0.002,0.0
2026-07-19T07:39Z,Australia,0.001,0.0
2026-07-19T07:39Z,Paraguay,0.001,0.0
2026-07-19T07:39Z,Sweden,0.001,0.0
2026-07-19T07:39Z,Algeria,0.0,0.0
2026-07-19T07:39Z,Austria,0.0,0.0
2026-07-19T07:39Z,Bosnia and Herzegovina,0.0,0.0
2026-07-19T07:39Z,Canada,0.0,0.0
2026-07-19T07:39Z,Cape Verde,0.0,0.0
2026-07-19T07:39Z,Curaçao,0.0,0.0
2026-07-19T07:39Z,Czech Republic,0.0,0.0
2026-07-19T07:39Z,DR Congo,0.0,0.0
2026-07-19T07:39Z,Ecuador,0.0,0.0
2026-07-19T07:39Z,Egypt,0.0,0.0
2026-07-19T07:39Z,Ghana,0.0,0.0
2026-07-19T07:39Z,Haiti,0.0,0.0
2026-07-19T07:39Z,Iran,0.0,0.0
2026-07-19T07:39Z,Iraq,0.0,0.0
2026-07-19T07:39Z,Jordan,0.0,0.0
2026-07-19T07:39Z,Mexico,0.0,0.0
2026-07-19T07:39Z,New Zealand,0.0,0.0
2026-07-19T07:39Z,Panama,0.0,0.0
2026-07-19T07:39Z,Qatar,0.0,0.0
2026-07-19T07:39Z,Saudi Arabia,0.0,0.0
2026-07-19T07:39Z,Scotland,0.0,0.0
2026-07-19T07:39Z,South Africa,0.0,0.0
2026-07-19T07:39Z,South Korea,0.0,0.0
2026-07-19T07:39Z,Tunisia,0.0,0.0
2026-07-19T07:39Z,Uruguay,0.0,0.0
2026-07-19T07:39Z,Uzbekistan,0.0,0.0
2026-07-19T07:39Z,Argentina,0.296,0.4095
2026-07-19T07:39Z,Spain,0.282,0.5905
2026-07-19T09:32Z,England,0.096,0.0
2026-07-19T09:32Z,France,0.082,0.0
2026-07-19T09:32Z,Portugal,0.065,0.0
2026-07-19T09:32Z,Brazil,0.028,0.0
2026-07-19T09:32Z,Belgium,0.025,0.0
2026-07-19T09:32Z,Colombia,0.025,0.0
2026-07-19T09:32Z,Morocco,0.025,0.0
2026-07-19T09:32Z,Netherlands,0.022,0.0
2026-07-19T09:32Z,Germany,0.019,0.0
2026-07-19T09:32Z,Norway,0.008,0.0
2026-07-19T09:32Z,Japan,0.007,0.0
2026-07-19T09:32Z,Switzerland,0.006,0.0
2026-07-19T09:32Z,Senegal,0.004,0.0
2026-07-19T09:32Z,Croatia,0.003,0.0
2026-07-19T09:32Z,Ivory Coast,0.002,0.0
2026-07-19T09:32Z,United States,0.002,0.0
2026-07-19T09:32Z,Australia,0.001,0.0
2026-07-19T09:32Z,Paraguay,0.001,0.0
2026-07-19T09:32Z,Sweden,0.001,0.0
2026-07-19T09:32Z,Algeria,0.0,0.0
2026-07-19T09:32Z,Austria,0.0,0.0
2026-07-19T09:32Z,Bosnia and Herzegovina,0.0,0.0
2026-07-19T09:32Z,Canada,0.0,0.0
2026-07-19T09:32Z,Cape Verde,0.0,0.0
2026-07-19T09:32Z,Curaçao,0.0,0.0
2026-07-19T09:32Z,Czech Republic,0.0,0.0
2026-07-19T09:32Z,DR Congo,0.0,0.0
2026-07-19T09:32Z,Ecuador,0.0,0.0
2026-07-19T09:32Z,Egypt,0.0,0.0
2026-07-19T09:32Z,Ghana,0.0,0.0
2026-07-19T09:32Z,Haiti,0.0,0.0
2026-07-19T09:32Z,Iran,0.0,0.0
2026-07-19T09:32Z,Iraq,0.0,0.0
2026-07-19T09:32Z,Jordan,0.0,0.0
2026-07-19T09:32Z,Mexico,0.0,0.0
2026-07-19T09:32Z,New Zealand,0.0,0.0
2026-07-19T09:32Z,Panama,0.0,0.0
2026-07-19T09:32Z,Qatar,0.0,0.0
2026-07-19T09:32Z,Saudi Arabia,0.0,0.0
2026-07-19T09:32Z,Scotland,0.0,0.0
2026-07-19T09:32Z,South Africa,0.0,0.0
2026-07-19T09:32Z,South Korea,0.0,0.0
2026-07-19T09:32Z,Tunisia,0.0,0.0
2026-07-19T09:32Z,Uruguay,0.0,0.0
2026-07-19T09:32Z,Uzbekistan,0.0,0.0
2026-07-19T09:32Z,Argentina,0.296,0.4095
2026-07-19T09:32Z,Spain,0.282,0.5905
2026-07-19T10:59Z,England,0.096,0.0
2026-07-19T10:59Z,France,0.082,0.0
2026-07-19T10:59Z,Portugal,0.065,0.0
2026-07-19T10:59Z,Brazil,0.028,0.0
2026-07-19T10:59Z,Belgium,0.025,0.0
2026-07-19T10:59Z,Colombia,0.025,0.0
2026-07-19T10:59Z,Morocco,0.025,0.0
2026-07-19T10:59Z,Netherlands,0.022,0.0
2026-07-19T10:59Z,Germany,0.019,0.0
2026-07-19T10:59Z,Norway,0.008,0.0
2026-07-19T10:59Z,Japan,0.007,0.0
2026-07-19T10:59Z,Switzerland,0.006,0.0
2026-07-19T10:59Z,Senegal,0.004,0.0
2026-07-19T10:59Z,Croatia,0.003,0.0
2026-07-19T10:59Z,Ivory Coast,0.002,0.0
2026-07-19T10:59Z,United States,0.002,0.0
2026-07-19T10:59Z,Australia,0.001,0.0
2026-07-19T10:59Z,Paraguay,0.001,0.0
2026-07-19T10:59Z,Sweden,0.001,0.0
2026-07-19T10:59Z,Algeria,0.0,0.0
2026-07-19T10:59Z,Austria,0.0,0.0
2026-07-19T10:59Z,Bosnia and Herzegovina,0.0,0.0
2026-07-19T10:59Z,Canada,0.0,0.0
2026-07-19T10:59Z,Cape Verde,0.0,0.0
2026-07-19T10:59Z,Curaçao,0.0,0.0
2026-07-19T10:59Z,Czech Republic,0.0,0.0
2026-07-19T10:59Z,DR Congo,0.0,0.0
2026-07-19T10:59Z,Ecuador,0.0,0.0
2026-07-19T10:59Z,Egypt,0.0,0.0
2026-07-19T10:59Z,Ghana,0.0,0.0
2026-07-19T10:59Z,Haiti,0.0,0.0
2026-07-19T10:59Z,Iran,0.0,0.0
2026-07-19T10:59Z,Iraq,0.0,0.0
2026-07-19T10:59Z,Jordan,0.0,0.0
2026-07-19T10:59Z,Mexico,0.0,0.0
2026-07-19T10:59Z,New Zealand,0.0,0.0
2026-07-19T10:59Z,Panama,0.0,0.0
2026-07-19T10:59Z,Qatar,0.0,0.0
2026-07-19T10:59Z,Saudi Arabia,0.0,0.0
2026-07-19T10:59Z,Scotland,0.0,0.0
2026-07-19T10:59Z,South Africa,0.0,0.0
2026-07-19T10:59Z,South Korea,0.0,0.0
2026-07-19T10:59Z,Tunisia,0.0,0.0
2026-07-19T10:59Z,Uruguay,0.0,0.0
2026-07-19T10:59Z,Uzbekistan,0.0,0.0
2026-07-19T10:59Z,Argentina,0.296,0.4095
2026-07-19T10:59Z,Spain,0.282,0.5905
2026-07-19T11:58Z,England,0.096,0.0
2026-07-19T11:58Z,France,0.082,0.0
2026-07-19T11:58Z,Portugal,0.065,0.0
2026-07-19T11:58Z,Brazil,0.028,0.0
2026-07-19T11:58Z,Belgium,0.025,0.0
2026-07-19T11:58Z,Colombia,0.025,0.0
2026-07-19T11:58Z,Morocco,0.025,0.0
2026-07-19T11:58Z,Netherlands,0.022,0.0
2026-07-19T11:58Z,Germany,0.019,0.0
2026-07-19T11:58Z,Norway,0.008,0.0
2026-07-19T11:58Z,Japan,0.007,0.0
2026-07-19T11:58Z,Switzerland,0.006,0.0
2026-07-19T11:58Z,Senegal,0.004,0.0
2026-07-19T11:58Z,Croatia,0.003,0.0
2026-07-19T11:58Z,Ivory Coast,0.002,0.0
2026-07-19T11:58Z,United States,0.002,0.0
2026-07-19T11:58Z,Australia,0.001,0.0
2026-07-19T11:58Z,Paraguay,0.001,0.0
2026-07-19T11:58Z,Sweden,0.001,0.0
2026-07-19T11:58Z,Algeria,0.0,0.0
2026-07-19T11:58Z,Austria,0.0,0.0
2026-07-19T11:58Z,Bosnia and Herzegovina,0.0,0.0
2026-07-19T11:58Z,Canada,0.0,0.0
2026-07-19T11:58Z,Cape Verde,0.0,0.0
2026-07-19T11:58Z,Curaçao,0.0,0.0
2026-07-19T11:58Z,Czech Republic,0.0,0.0
2026-07-19T11:58Z,DR Congo,0.0,0.0
2026-07-19T11:58Z,Ecuador,0.0,0.0
2026-07-19T11:58Z,Egypt,0.0,0.0
2026-07-19T11:58Z,Ghana,0.0,0.0
2026-07-19T11:58Z,Haiti,0.0,0.0
2026-07-19T11:58Z,Iran,0.0,0.0
2026-07-19T11:58Z,Iraq,0.0,0.0
2026-07-19T11:58Z,Jordan,0.0,0.0
2026-07-19T11:58Z,Mexico,0.0,0.0
2026-07-19T11:58Z,New Zealand,0.0,0.0
2026-07-19T11:58Z,Panama,0.0,0.0
2026-07-19T11:58Z,Qatar,0.0,0.0
2026-07-19T11:58Z,Saudi Arabia,0.0,0.0
2026-07-19T11:58Z,Scotland,0.0,0.0
2026-07-19T11:58Z,South Africa,0.0,0.0
2026-07-19T11:58Z,South Korea,0.0,0.0
2026-07-19T11:58Z,Tunisia,0.0,0.0
2026-07-19T11:58Z,Uruguay,0.0,0.0
2026-07-19T11:58Z,Uzbekistan,0.0,0.0
2026-07-19T11:58Z,Argentina,0.296,0.4085
2026-07-19T11:58Z,Spain,0.282,0.5905
2026-07-19T13:07Z,England,0.096,0.0
2026-07-19T13:07Z,France,0.082,0.0
2026-07-19T13:07Z,Portugal,0.065,0.0
2026-07-19T13:07Z,Brazil,0.028,0.0
2026-07-19T13:07Z,Belgium,0.025,0.0
2026-07-19T13:07Z,Colombia,0.025,0.0
2026-07-19T13:07Z,Morocco,0.025,0.0
2026-07-19T13:07Z,Netherlands,0.022,0.0
2026-07-19T13:07Z,Germany,0.019,0.0
2026-07-19T13:07Z,Norway,0.008,0.0
2026-07-19T13:07Z,Japan,0.007,0.0
2026-07-19T13:07Z,Switzerland,0.006,0.0
2026-07-19T13:07Z,Senegal,0.004,0.0
2026-07-19T13:07Z,Croatia,0.003,0.0
2026-07-19T13:07Z,Ivory Coast,0.002,0.0
2026-07-19T13:07Z,United States,0.002,0.0
2026-07-19T13:07Z,Australia,0.001,0.0
2026-07-19T13:07Z,Paraguay,0.001,0.0
2026-07-19T13:07Z,Sweden,0.001,0.0
2026-07-19T13:07Z,Algeria,0.0,0.0
2026-07-19T13:07Z,Austria,0.0,0.0
2026-07-19T13:07Z,Bosnia and Herzegovina,0.0,0.0
2026-07-19T13:07Z,Canada,0.0,0.0
2026-07-19T13:07Z,Cape Verde,0.0,0.0
2026-07-19T13:07Z,Curaçao,0.0,0.0
2026-07-19T13:07Z,Czech Republic,0.0,0.0
2026-07-19T13:07Z,DR Congo,0.0,0.0
2026-07-19T13:07Z,Ecuador,0.0,0.0
2026-07-19T13:07Z,Egypt,0.0,0.0
2026-07-19T13:07Z,Ghana,0.0,0.0
2026-07-19T13:07Z,Haiti,0.0,0.0
2026-07-19T13:07Z,Iran,0.0,0.0
2026-07-19T13:07Z,Iraq,0.0,0.0
2026-07-19T13:07Z,Jordan,0.0,0.0
2026-07-19T13:07Z,Mexico,0.0,0.0
2026-07-19T13:07Z,New Zealand,0.0,0.0
2026-07-19T13:07Z,Panama,0.0,0.0
2026-07-19T13:07Z,Qatar,0.0,0.0
2026-07-19T13:07Z,Saudi Arabia,0.0,0.0
2026-07-19T13:07Z,Scotland,0.0,0.0
2026-07-19T13:07Z,South Africa,0.0,0.0
2026-07-19T13:07Z,South Korea,0.0,0.0
2026-07-19T13:07Z,Tunisia,0.0,0.0
2026-07-19T13:07Z,Uruguay,0.0,0.0
2026-07-19T13:07Z,Uzbekistan,0.0,0.0
2026-07-19T13:07Z,Argentina,0.296,0.4085
2026-07-19T13:07Z,Spain,0.282,0.5905
2026-07-19T14:37Z,England,0.096,0.0
2026-07-19T14:37Z,France,0.082,0.0
2026-07-19T14:37Z,Portugal,0.065,0.0
2026-07-19T14:37Z,Brazil,0.028,0.0
2026-07-19T14:37Z,Belgium,0.025,0.0
2026-07-19T14:37Z,Colombia,0.025,0.0
2026-07-19T14:37Z,Morocco,0.025,0.0
2026-07-19T14:37Z,Netherlands,0.022,0.0
2026-07-19T14:37Z,Germany,0.019,0.0
2026-07-19T14:37Z,Norway,0.008,0.0
2026-07-19T14:37Z,Japan,0.007,0.0
2026-07-19T14:37Z,Switzerland,0.006,0.0
2026-07-19T14:37Z,Senegal,0.004,0.0
2026-07-19T14:37Z,Croatia,0.003,0.0
2026-07-19T14:37Z,Ivory Coast,0.002,0.0
2026-07-19T14:37Z,United States,0.002,0.0
2026-07-19T14:37Z,Australia,0.001,0.0
2026-07-19T14:37Z,Paraguay,0.001,0.0
2026-07-19T14:37Z,Sweden,0.001,0.0
2026-07-19T14:37Z,Algeria,0.0,0.0
2026-07-19T14:37Z,Austria,0.0,0.0
2026-07-19T14:37Z,Bosnia and Herzegovina,0.0,0.0
2026-07-19T14:37Z,Canada,0.0,0.0
2026-07-19T14:37Z,Cape Verde,0.0,0.0
2026-07-19T14:37Z,Curaçao,0.0,0.0
2026-07-19T14:37Z,Czech Republic,0.0,0.0
2026-07-19T14:37Z,DR Congo,0.0,0.0
2026-07-19T14:37Z,Ecuador,0.0,0.0
2026-07-19T14:37Z,Egypt,0.0,0.0
2026-07-19T14:37Z,Ghana,0.0,0.0
2026-07-19T14:37Z,Haiti,0.0,0.0
2026-07-19T14:37Z,Iran,0.0,0.0
2026-07-19T14:37Z,Iraq,0.0,0.0
2026-07-19T14:37Z,Jordan,0.0,0.0
2026-07-19T14:37Z,Mexico,0.0,0.0
2026-07-19T14:37Z,New Zealand,0.0,0.0
2026-07-19T14:37Z,Panama,0.0,0.0
2026-07-19T14:37Z,Qatar,0.0,0.0
2026-07-19T14:37Z,Saudi Arabia,0.0,0.0
2026-07-19T14:37Z,Scotland,0.0,0.0
2026-07-19T14:37Z,South Africa,0.0,0.0
2026-07-19T14:37Z,South Korea,0.0,0.0
2026-07-19T14:37Z,Tunisia,0.0,0.0
2026-07-19T14:37Z,Uruguay,0.0,0.0
2026-07-19T14:37Z,Uzbekistan,0.0,0.0
2026-07-19T14:37Z,Argentina,0.296,0.4085
2026-07-19T14:37Z,Spain,0.282,0.5915
2026-07-19T15:36Z,England,0.096,0.0
2026-07-19T15:36Z,France,0.082,0.0
2026-07-19T15:36Z,Portugal,0.065,0.0
2026-07-19T15:36Z,Brazil,0.028,0.0
2026-07-19T15:36Z,Belgium,0.025,0.0
2026-07-19T15:36Z,Colombia,0.025,0.0
2026-07-19T15:36Z,Morocco,0.025,0.0
2026-07-19T15:36Z,Netherlands,0.022,0.0
2026-07-19T15:36Z,Germany,0.019,0.0
2026-07-19T15:36Z,Norway,0.008,0.0
2026-07-19T15:36Z,Japan,0.007,0.0
2026-07-19T15:36Z,Switzerland,0.006,0.0
2026-07-19T15:36Z,Senegal,0.004,0.0
2026-07-19T15:36Z,Croatia,0.003,0.0
2026-07-19T15:36Z,Ivory Coast,0.002,0.0
2026-07-19T15:36Z,United States,0.002,0.0
2026-07-19T15:36Z,Australia,0.001,0.0
2026-07-19T15:36Z,Paraguay,0.001,0.0
2026-07-19T15:36Z,Sweden,0.001,0.0
2026-07-19T15:36Z,Algeria,0.0,0.0
2026-07-19T15:36Z,Austria,0.0,0.0
2026-07-19T15:36Z,Bosnia and Herzegovina,0.0,0.0
2026-07-19T15:36Z,Canada,0.0,0.0
2026-07-19T15:36Z,Cape Verde,0.0,0.0
2026-07-19T15:36Z,Curaçao,0.0,0.0
2026-07-19T15:36Z,Czech Republic,0.0,0.0
2026-07-19T15:36Z,DR Congo,0.0,0.0
2026-07-19T15:36Z,Ecuador,0.0,0.0
2026-07-19T15:36Z,Egypt,0.0,0.0
2026-07-19T15:36Z,Ghana,0.0,0.0
2026-07-19T15:36Z,Haiti,0.0,0.0
2026-07-19T15:36Z,Iran,0.0,0.0
2026-07-19T15:36Z,Iraq,0.0,0.0
2026-07-19T15:36Z,Jordan,0.0,0.0
2026-07-19T15:36Z,Mexico,0.0,0.0
2026-07-19T15:36Z,New Zealand,0.0,0.0
2026-07-19T15:36Z,Panama,0.0,0.0
2026-07-19T15:36Z,Qatar,0.0,0.0
2026-07-19T15:36Z,Saudi Arabia,0.0,0.0
2026-07-19T15:36Z,Scotland,0.0,0.0
2026-07-19T15:36Z,South Africa,0.0,0.0
2026-07-19T15:36Z,South Korea,0.0,0.0
2026-07-19T15:36Z,Tunisia,0.0,0.0
2026-07-19T15:36Z,Uruguay,0.0,0.0
2026-07-19T15:36Z,Uzbekistan,0.0,0.0
2026-07-19T15:36Z,Argentina,0.296,0.4085
2026-07-19T15:36Z,Spain,0.282,0.5915
2026-07-19T16:32Z,England,0.096,0.0
2026-07-19T16:32Z,France,0.082,0.0
2026-07-19T16:32Z,Portugal,0.065,0.0
2026-07-19T16:32Z,Brazil,0.028,0.0
2026-07-19T16:32Z,Belgium,0.025,0.0
2026-07-19T16:32Z,Colombia,0.025,0.0
2026-07-19T16:32Z,Morocco,0.025,0.0
2026-07-19T16:32Z,Netherlands,0.022,0.0
2026-07-19T16:32Z,Germany,0.019,0.0
2026-07-19T16:32Z,Norway,0.008,0.0
2026-07-19T16:32Z,Japan,0.007,0.0
2026-07-19T16:32Z,Switzerland,0.006,0.0
2026-07-19T16:32Z,Senegal,0.004,0.0
2026-07-19T16:32Z,Croatia,0.003,0.0
2026-07-19T16:32Z,Ivory Coast,0.002,0.0
2026-07-19T16:32Z,United States,0.002,0.0
2026-07-19T16:32Z,Australia,0.001,0.0
2026-07-19T16:32Z,Paraguay,0.001,0.0
2026-07-19T16:32Z,Sweden,0.001,0.0
2026-07-19T16:32Z,Algeria,0.0,0.0
2026-07-19T16:32Z,Austria,0.0,0.0
2026-07-19T16:32Z,Bosnia and Herzegovina,0.0,0.0
2026-07-19T16:32Z,Canada,0.0,0.0
2026-07-19T16:32Z,Cape Verde,0.0,0.0
2026-07-19T16:32Z,Curaçao,0.0,0.0
2026-07-19T16:32Z,Czech Republic,0.0,0.0
2026-07-19T16:32Z,DR Congo,0.0,0.0
2026-07-19T16:32Z,Ecuador,0.0,0.0
2026-07-19T16:32Z,Egypt,0.0,0.0
2026-07-19T16:32Z,Ghana,0.0,0.0
2026-07-19T16:32Z,Haiti,0.0,0.0
2026-07-19T16:32Z,Iran,0.0,0.0
2026-07-19T16:32Z,Iraq,0.0,0.0
2026-07-19T16:32Z,Jordan,0.0,0.0
2026-07-19T16:32Z,Mexico,0.0,0.0
2026-07-19T16:32Z,New Zealand,0.0,0.0
2026-07-19T16:32Z,Panama,0.0,0.0
2026-07-19T16:32Z,Qatar,0.0,0.0
2026-07-19T16:32Z,Saudi Arabia,0.0,0.0
2026-07-19T16:32Z,Scotland,0.0,0.0
2026-07-19T16:32Z,South Africa,0.0,0.0
2026-07-19T16:32Z,South Korea,0.0,0.0
2026-07-19T16:32Z,Tunisia,0.0,0.0
2026-07-19T16:32Z,Uruguay,0.0,0.0
2026-07-19T16:32Z,Uzbekistan,0.0,0.0
2026-07-19T16:32Z,Argentina,0.296,0.4115
2026-07-19T16:32Z,Spain,0.282,0.5915
2026-07-19T17:39Z,England,0.096,0.0
2026-07-19T17:39Z,France,0.082,0.0
2026-07-19T17:39Z,Portugal,0.065,0.0
2026-07-19T17:39Z,Brazil,0.028,0.0
2026-07-19T17:39Z,Belgium,0.025,0.0
2026-07-19T17:39Z,Colombia,0.025,0.0
2026-07-19T17:39Z,Morocco,0.025,0.0
2026-07-19T17:39Z,Netherlands,0.022,0.0
2026-07-19T17:39Z,Germany,0.019,0.0
2026-07-19T17:39Z,Norway,0.008,0.0
2026-07-19T17:39Z,Japan,0.007,0.0
2026-07-19T17:39Z,Switzerland,0.006,0.0
2026-07-19T17:39Z,Senegal,0.004,0.0
2026-07-19T17:39Z,Croatia,0.003,0.0
2026-07-19T17:39Z,Ivory Coast,0.002,0.0
2026-07-19T17:39Z,United States,0.002,0.0
2026-07-19T17:39Z,Australia,0.001,0.0
2026-07-19T17:39Z,Paraguay,0.001,0.0
2026-07-19T17:39Z,Sweden,0.001,0.0
2026-07-19T17:39Z,Algeria,0.0,0.0
2026-07-19T17:39Z,Austria,0.0,0.0
2026-07-19T17:39Z,Bosnia and Herzegovina,0.0,0.0
2026-07-19T17:39Z,Canada,0.0,0.0
2026-07-19T17:39Z,Cape Verde,0.0,0.0
2026-07-19T17:39Z,Curaçao,0.0,0.0
2026-07-19T17:39Z,Czech Republic,0.0,0.0
2026-07-19T17:39Z,DR Congo,0.0,0.0
2026-07-19T17:39Z,Ecuador,0.0,0.0
2026-07-19T17:39Z,Egypt,0.0,0.0
2026-07-19T17:39Z,Ghana,0.0,0.0
2026-07-19T17:39Z,Haiti,0.0,0.0
2026-07-19T17:39Z,Iran,0.0,0.0
2026-07-19T17:39Z,Iraq,0.0,0.0
2026-07-19T17:39Z,Jordan,0.0,0.0
2026-07-19T17:39Z,Mexico,0.0,0.0
2026-07-19T17:39Z,New Zealand,0.0,0.0
2026-07-19T17:39Z,Panama,0.0,0.0
2026-07-19T17:39Z,Qatar,0.0,0.0
2026-07-19T17:39Z,Saudi Arabia,0.0,0.0
2026-07-19T17:39Z,Scotland,0.0,0.0
2026-07-19T17:39Z,South Africa,0.0,0.0
2026-07-19T17:39Z,South Korea,0.0,0.0
2026-07-19T17:39Z,Tunisia,0.0,0.0
2026-07-19T17:39Z,Uruguay,0.0,0.0
2026-07-19T17:39Z,Uzbekistan,0.0,0.0
2026-07-19T17:39Z,Argentina,0.296,0.4125
2026-07-19T17:39Z,Spain,0.282,0.5915
2026-07-19T18:35Z,England,0.096,0.0
2026-07-19T18:35Z,France,0.082,0.0
2026-07-19T18:35Z,Portugal,0.065,0.0
2026-07-19T18:35Z,Brazil,0.028,0.0
2026-07-19T18:35Z,Belgium,0.025,0.0
2026-07-19T18:35Z,Colombia,0.025,0.0
2026-07-19T18:35Z,Morocco,0.025,0.0
2026-07-19T18:35Z,Netherlands,0.022,0.0
2026-07-19T18:35Z,Germany,0.019,0.0
2026-07-19T18:35Z,Norway,0.008,0.0
2026-07-19T18:35Z,Japan,0.007,0.0
2026-07-19T18:35Z,Switzerland,0.006,0.0
2026-07-19T18:35Z,Senegal,0.004,0.0
2026-07-19T18:35Z,Croatia,0.003,0.0
2026-07-19T18:35Z,Ivory Coast,0.002,0.0
2026-07-19T18:35Z,United States,0.002,0.0
2026-07-19T18:35Z,Australia,0.001,0.0
2026-07-19T18:35Z,Paraguay,0.001,0.0
2026-07-19T18:35Z,Sweden,0.001,0.0
2026-07-19T18:35Z,Algeria,0.0,0.0
2026-07-19T18:35Z,Austria,0.0,0.0
2026-07-19T18:35Z,Bosnia and Herzegovina,0.0,0.0
2026-07-19T18:35Z,Canada,0.0,0.0
2026-07-19T18:35Z,Cape Verde,0.0,0.0
2026-07-19T18:35Z,Curaçao,0.0,0.0
2026-07-19T18:35Z,Czech Republic,0.0,0.0
2026-07-19T18:35Z,DR Congo,0.0,0.0
2026-07-19T18:35Z,Ecuador,0.0,0.0
2026-07-19T18:35Z,Egypt,0.0,0.0
2026-07-19T18:35Z,Ghana,0.0,0.0
2026-07-19T18:35Z,Haiti,0.0,0.0
2026-07-19T18:35Z,Iran,0.0,0.0
2026-07-19T18:35Z,Iraq,0.0,0.0
2026-07-19T18:35Z,Jordan,0.0,0.0
2026-07-19T18:35Z,Mexico,0.0,0.0
2026-07-19T18:35Z,New Zealand,0.0,0.0
2026-07-19T18:35Z,Panama,0.0,0.0
2026-07-19T18:35Z,Qatar,0.0,0.0
2026-07-19T18:35Z,Saudi Arabia,0.0,0.0
2026-07-19T18:35Z,Scotland,0.0,0.0
2026-07-19T18:35Z,South Africa,0.0,0.0
2026-07-19T18:35Z,South Korea,0.0,0.0
2026-07-19T18:35Z,Tunisia,0.0,0.0
2026-07-19T18:35Z,Uruguay,0.0,0.0
2026-07-19T18:35Z,Uzbekistan,0.0,0.0
2026-07-19T18:35Z,Argentina,0.296,0.4165
2026-07-19T18:35Z,Spain,0.282,0.5845
2026-07-19T19:50Z,England,0.096,0.0
2026-07-19T19:50Z,France,0.082,0.0
2026-07-19T19:50Z,Portugal,0.065,0.0
2026-07-19T19:50Z,Brazil,0.028,0.0
2026-07-19T19:50Z,Belgium,0.025,0.0
2026-07-19T19:50Z,Colombia,0.025,0.0
2026-07-19T19:50Z,Morocco,0.025,0.0
2026-07-19T19:50Z,Netherlands,0.022,0.0
2026-07-19T19:50Z,Germany,0.019,0.0
2026-07-19T19:50Z,Norway,0.008,0.0
2026-07-19T19:50Z,Japan,0.007,0.0
2026-07-19T19:50Z,Switzerland,0.006,0.0
2026-07-19T19:50Z,Senegal,0.004,0.0
2026-07-19T19:50Z,Croatia,0.003,0.0
2026-07-19T19:50Z,Ivory Coast,0.002,0.0
2026-07-19T19:50Z,United States,0.002,0.0
2026-07-19T19:50Z,Australia,0.001,0.0
2026-07-19T19:50Z,Paraguay,0.001,0.0
2026-07-19T19:50Z,Sweden,0.001,0.0
2026-07-19T19:50Z,Algeria,0.0,0.0
2026-07-19T19:50Z,Austria,0.0,0.0
2026-07-19T19:50Z,Bosnia and Herzegovina,0.0,0.0
2026-07-19T19:50Z,Canada,0.0,0.0
2026-07-19T19:50Z,Cape Verde,0.0,0.0
2026-07-19T19:50Z,Curaçao,0.0,0.0
2026-07-19T19:50Z,Czech Republic,0.0,0.0
2026-07-19T19:50Z,DR Congo,0.0,0.0
2026-07-19T19:50Z,Ecuador,0.0,0.0
2026-07-19T19:50Z,Egypt,0.0,0.0
2026-07-19T19:50Z,Ghana,0.0,0.0
2026-07-19T19:50Z,Haiti,0.0,0.0
2026-07-19T19:50Z,Iran,0.0,0.0
2026-07-19T19:50Z,Iraq,0.0,0.0
2026-07-19T19:50Z,Jordan,0.0,0.0
2026-07-19T19:50Z,Mexico,0.0,0.0
2026-07-19T19:50Z,New Zealand,0.0,0.0
2026-07-19T19:50Z,Panama,0.0,0.0
2026-07-19T19:50Z,Qatar,0.0,0.0
2026-07-19T19:50Z,Saudi Arabia,0.0,0.0
2026-07-19T19:50Z,Scotland,0.0,0.0
2026-07-19T19:50Z,South Africa,0.0,0.0
2026-07-19T19:50Z,South Korea,0.0,0.0
2026-07-19T19:50Z,Tunisia,0.0,0.0
2026-07-19T19:50Z,Uruguay,0.0,0.0
2026-07-19T19:50Z,Uzbekistan,0.0,0.0
2026-07-19T19:50Z,Argentina,0.296,0.398
2026-07-19T19:50Z,Spain,0.282,0.6055
2026-07-19T20:41Z,England,0.096,0.0
2026-07-19T20:41Z,France,0.082,0.0
2026-07-19T20:41Z,Portugal,0.065,0.0
2026-07-19T20:41Z,Brazil,0.028,0.0
2026-07-19T20:41Z,Belgium,0.025,0.0
2026-07-19T20:41Z,Colombia,0.025,0.0
2026-07-19T20:41Z,Morocco,0.025,0.0
2026-07-19T20:41Z,Netherlands,0.022,0.0
2026-07-19T20:41Z,Germany,0.019,0.0
2026-07-19T20:41Z,Norway,0.008,0.0
2026-07-19T20:41Z,Japan,0.007,0.0
2026-07-19T20:41Z,Switzerland,0.006,0.0
2026-07-19T20:41Z,Senegal,0.004,0.0
2026-07-19T20:41Z,Croatia,0.003,0.0
2026-07-19T20:41Z,Ivory Coast,0.002,0.0
2026-07-19T20:41Z,United States,0.002,0.0
2026-07-19T20:41Z,Australia,0.001,0.0
2026-07-19T20:41Z,Paraguay,0.001,0.0
2026-07-19T20:41Z,Sweden,0.001,0.0
2026-07-19T20:41Z,Algeria,0.0,0.0
2026-07-19T20:41Z,Austria,0.0,0.0
2026-07-19T20:41Z,Bosnia and Herzegovina,0.0,0.0
2026-07-19T20:41Z,Canada,0.0,0.0
2026-07-19T20:41Z,Cape Verde,0.0,0.0
2026-07-19T20:41Z,Curaçao,0.0,0.0
2026-07-19T20:41Z,Czech Republic,0.0,0.0
2026-07-19T20:41Z,DR Congo,0.0,0.0
2026-07-19T20:41Z,Ecuador,0.0,0.0
2026-07-19T20:41Z,Egypt,0.0,0.0
2026-07-19T20:41Z,Ghana,0.0,0.0
2026-07-19T20:41Z,Haiti,0.0,0.0
2026-07-19T20:41Z,Iran,0.0,0.0
2026-07-19T20:41Z,Iraq,0.0,0.0
2026-07-19T20:41Z,Jordan,0.0,0.0
2026-07-19T20:41Z,Mexico,0.0,0.0
2026-07-19T20:41Z,New Zealand,0.0,0.0
2026-07-19T20:41Z,Panama,0.0,0.0
2026-07-19T20:41Z,Qatar,0.0,0.0
2026-07-19T20:41Z,Saudi Arabia,0.0,0.0
2026-07-19T20:41Z,Scotland,0.0,0.0
2026-07-19T20:41Z,South Africa,0.0,0.0
2026-07-19T20:41Z,South Korea,0.0,0.0
2026-07-19T20:41Z,Tunisia,0.0,0.0
2026-07-19T20:41Z,Uruguay,0.0,0.0
2026-07-19T20:41Z,Uzbekistan,0.0,0.0
2026-07-19T20:41Z,Argentina,0.296,0.4005
2026-07-19T20:41Z,Spain,0.282,0.5985
2026-07-19T21:34Z,England,0.096,0.0
2026-07-19T21:34Z,France,0.082,0.0
2026-07-19T21:34Z,Portugal,0.065,0.0
2026-07-19T21:34Z,Brazil,0.028,0.0
2026-07-19T21:34Z,Belgium,0.025,0.0
2026-07-19T21:34Z,Colombia,0.025,0.0
2026-07-19T21:34Z,Morocco,0.025,0.0
2026-07-19T21:34Z,Netherlands,0.022,0.0
2026-07-19T21:34Z,Germany,0.019,0.0
2026-07-19T21:34Z,Norway,0.008,0.0
2026-07-19T21:34Z,Japan,0.007,0.0
2026-07-19T21:34Z,Switzerland,0.006,0.0
2026-07-19T21:34Z,Senegal,0.004,0.0
2026-07-19T21:34Z,Croatia,0.003,0.0
2026-07-19T21:34Z,Ivory Coast,0.002,0.0
2026-07-19T21:34Z,United States,0.002,0.0
2026-07-19T21:34Z,Australia,0.001,0.0
2026-07-19T21:34Z,Paraguay,0.001,0.0
2026-07-19T21:34Z,Sweden,0.001,0.0
2026-07-19T21:34Z,Algeria,0.0,0.0
2026-07-19T21:34Z,Austria,0.0,0.0
2026-07-19T21:34Z,Bosnia and Herzegovina,0.0,0.0
2026-07-19T21:34Z,Canada,0.0,0.0
2026-07-19T21:34Z,Cape Verde,0.0,0.0
2026-07-19T21:34Z,Curaçao,0.0,0.0
2026-07-19T21:34Z,Czech Republic,0.0,0.0
2026-07-19T21:34Z,DR Congo,0.0,0.0
2026-07-19T21:34Z,Ecuador,0.0,0.0
2026-07-19T21:34Z,Egypt,0.0,0.0
2026-07-19T21:34Z,Ghana,0.0,0.0
2026-07-19T21:34Z,Haiti,0.0,0.0
2026-07-19T21:34Z,Iran,0.0,0.0
2026-07-19T21:34Z,Iraq,0.0,0.0
2026-07-19T21:34Z,Jordan,0.0,0.0
2026-07-19T21:34Z,Mexico,0.0,0.0
2026-07-19T21:34Z,New Zealand,0.0,0.0
2026-07-19T21:34Z,Panama,0.0,0.0
2026-07-19T21:34Z,Qatar,0.0,0.0
2026-07-19T21:34Z,Saudi Arabia,0.0,0.0
2026-07-19T21:34Z,Scotland,0.0,0.0
2026-07-19T21:34Z,South Africa,0.0,0.0
2026-07-19T21:34Z,South Korea,0.0,0.0
2026-07-19T21:34Z,Tunisia,0.0,0.0
2026-07-19T21:34Z,Uruguay,0.0,0.0
2026-07-19T21:34Z,Uzbekistan,0.0,0.0
2026-07-19T21:34Z,Argentina,0.296,0.355
2026-07-19T21:34Z,Spain,0.282,0.6475
2026-07-19T22:31Z,Argentina,0.296,0.0005
2026-07-19T22:31Z,England,0.096,0.0
2026-07-19T22:31Z,France,0.082,0.0
2026-07-19T22:31Z,Portugal,0.065,0.0
2026-07-19T22:31Z,Brazil,0.028,0.0
2026-07-19T22:31Z,Belgium,0.025,0.0
2026-07-19T22:31Z,Colombia,0.025,0.0
2026-07-19T22:31Z,Morocco,0.025,0.0
2026-07-19T22:31Z,Netherlands,0.022,0.0
2026-07-19T22:31Z,Germany,0.019,0.0
2026-07-19T22:31Z,Norway,0.008,0.0
2026-07-19T22:31Z,Japan,0.007,0.0
2026-07-19T22:31Z,Switzerland,0.006,0.0
2026-07-19T22:31Z,Senegal,0.004,0.0
2026-07-19T22:31Z,Croatia,0.003,0.0
2026-07-19T22:31Z,Ivory Coast,0.002,0.0
2026-07-19T22:31Z,United States,0.002,0.0
2026-07-19T22:31Z,Australia,0.001,0.0
2026-07-19T22:31Z,Paraguay,0.001,0.0
2026-07-19T22:31Z,Sweden,0.001,0.0
2026-07-19T22:31Z,Algeria,0.0,0.0
2026-07-19T22:31Z,Austria,0.0,0.0
2026-07-19T22:31Z,Bosnia and Herzegovina,0.0,0.0
2026-07-19T22:31Z,Canada,0.0,0.0
2026-07-19T22:31Z,Cape Verde,0.0,0.0
2026-07-19T22:31Z,Curaçao,0.0,0.0
2026-07-19T22:31Z,Czech Republic,0.0,0.0
2026-07-19T22:31Z,DR Congo,0.0,0.0
2026-07-19T22:31Z,Ecuador,0.0,0.0
2026-07-19T22:31Z,Egypt,0.0,0.0
2026-07-19T22:31Z,Ghana,0.0,0.0
2026-07-19T22:31Z,Haiti,0.0,0.0
2026-07-19T22:31Z,Iran,0.0,0.0
2026-07-19T22:31Z,Iraq,0.0,0.0
2026-07-19T22:31Z,Jordan,0.0,0.0
2026-07-19T22:31Z,Mexico,0.0,0.0
2026-07-19T22:31Z,New Zealand,0.0,0.0
2026-07-19T22:31Z,Panama,0.0,0.0
2026-07-19T22:31Z,Qatar,0.0,0.0
2026-07-19T22:31Z,Saudi Arabia,0.0,0.0
2026-07-19T22:31Z,Scotland,0.0,0.0
2026-07-19T22:31Z,South Africa,0.0,0.0
2026-07-19T22:31Z,South Korea,0.0,0.0
2026-07-19T22:31Z,Tunisia,0.0,0.0
2026-07-19T22:31Z,Uruguay,0.0,0.0
2026-07-19T22:31Z,Uzbekistan,0.0,0.0
2026-07-19T22:31Z,Spain,0.282,0.9995
2026-07-19T23:36Z,Argentina,0.296,0.0005
2026-07-19T23:36Z,England,0.096,0.0
2026-07-19T23:36Z,France,0.082,0.0
2026-07-19T23:36Z,Portugal,0.065,0.0
2026-07-19T23:36Z,Brazil,0.028,0.0
2026-07-19T23:36Z,Belgium,0.025,0.0
2026-07-19T23:36Z,Colombia,0.025,0.0
2026-07-19T23:36Z,Morocco,0.025,0.0
2026-07-19T23:36Z,Netherlands,0.022,0.0
2026-07-19T23:36Z,Germany,0.019,0.0
2026-07-19T23:36Z,Norway,0.008,0.0
2026-07-19T23:36Z,Japan,0.007,0.0
2026-07-19T23:36Z,Switzerland,0.006,0.0
2026-07-19T23:36Z,Senegal,0.004,0.0
2026-07-19T23:36Z,Croatia,0.003,0.0
2026-07-19T23:36Z,Ivory Coast,0.002,0.0
2026-07-19T23:36Z,United States,0.002,0.0
2026-07-19T23:36Z,Australia,0.001,0.0
2026-07-19T23:36Z,Paraguay,0.001,0.0
2026-07-19T23:36Z,Sweden,0.001,0.0
2026-07-19T23:36Z,Algeria,0.0,0.0
2026-07-19T23:36Z,Austria,0.0,0.0
2026-07-19T23:36Z,Bosnia and Herzegovina,0.0,0.0
2026-07-19T23:36Z,Canada,0.0,0.0
2026-07-19T23:36Z,Cape Verde,0.0,0.0
2026-07-19T23:36Z,Curaçao,0.0,0.0
2026-07-19T23:36Z,Czech Republic,0.0,0.0
2026-07-19T23:36Z,DR Congo,0.0,0.0
2026-07-19T23:36Z,Ecuador,0.0,0.0
2026-07-19T23:36Z,Egypt,0.0,0.0
2026-07-19T23:36Z,Ghana,0.0,0.0
2026-07-19T23:36Z,Haiti,0.0,0.0
2026-07-19T23:36Z,Iran,0.0,0.0
2026-07-19T23:36Z,Iraq,0.0,0.0
2026-07-19T23:36Z,Jordan,0.0,0.0
2026-07-19T23:36Z,Mexico,0.0,0.0
2026-07-19T23:36Z,New Zealand,0.0,0.0
2026-07-19T23:36Z,Panama,0.0,0.0
2026-07-19T23:36Z,Qatar,0.0,0.0
2026-07-19T23:36Z,Saudi Arabia,0.0,0.0
2026-07-19T23:36Z,Scotland,0.0,0.0
2026-07-19T23:36Z,South Africa,0.0,0.0
2026-07-19T23:36Z,South Korea,0.0,0.0
2026-07-19T23:36Z,Tunisia,0.0,0.0
2026-07-19T23:36Z,Uruguay,0.0,0.0
2026-07-19T23:36Z,Uzbekistan,0.0,0.0
2026-07-19T23:36Z,Spain,0.282,0.9995
2026-07-20T01:11Z,Argentina,0.296,0.0005
2026-07-20T01:11Z,England,0.096,0.0
2026-07-20T01:11Z,France,0.082,0.0
2026-07-20T01:11Z,Portugal,0.065,0.0
2026-07-20T01:11Z,Brazil,0.028,0.0
2026-07-20T01:11Z,Belgium,0.025,0.0
2026-07-20T01:11Z,Colombia,0.025,0.0
2026-07-20T01:11Z,Morocco,0.025,0.0
2026-07-20T01:11Z,Netherlands,0.022,0.0
2026-07-20T01:11Z,Germany,0.019,0.0
2026-07-20T01:11Z,Norway,0.008,0.0
2026-07-20T01:11Z,Japan,0.007,0.0
2026-07-20T01:11Z,Switzerland,0.006,0.0
2026-07-20T01:11Z,Senegal,0.004,0.0
2026-07-20T01:11Z,Croatia,0.003,0.0
2026-07-20T01:11Z,Ivory Coast,0.002,0.0
2026-07-20T01:11Z,United States,0.002,0.0
2026-07-20T01:11Z,Australia,0.001,0.0
2026-07-20T01:11Z,Paraguay,0.001,0.0
2026-07-20T01:11Z,Sweden,0.001,0.0
2026-07-20T01:11Z,Algeria,0.0,0.0
2026-07-20T01:11Z,Austria,0.0,0.0
2026-07-20T01:11Z,Bosnia and Herzegovina,0.0,0.0
2026-07-20T01:11Z,Canada,0.0,0.0
2026-07-20T01:11Z,Cape Verde,0.0,0.0
2026-07-20T01:11Z,Curaçao,0.0,0.0
2026-07-20T01:11Z,Czech Republic,0.0,0.0
2026-07-20T01:11Z,DR Congo,0.0,0.0
2026-07-20T01:11Z,Ecuador,0.0,0.0
2026-07-20T01:11Z,Egypt,0.0,0.0
2026-07-20T01:11Z,Ghana,0.0,0.0
2026-07-20T01:11Z,Haiti,0.0,0.0
2026-07-20T01:11Z,Iran,0.0,0.0
2026-07-20T01:11Z,Iraq,0.0,0.0
2026-07-20T01:11Z,Jordan,0.0,0.0
2026-07-20T01:11Z,Mexico,0.0,0.0
2026-07-20T01:11Z,New Zealand,0.0,0.0
2026-07-20T01:11Z,Panama,0.0,0.0
2026-07-20T01:11Z,Qatar,0.0,0.0
2026-07-20T01:11Z,Saudi Arabia,0.0,0.0
2026-07-20T01:11Z,Scotland,0.0,0.0
2026-07-20T01:11Z,South Africa,0.0,0.0
2026-07-20T01:11Z,South Korea,0.0,0.0
2026-07-20T01:11Z,Tunisia,0.0,0.0
2026-07-20T01:11Z,Uruguay,0.0,0.0
2026-07-20T01:11Z,Uzbekistan,0.0,0.0
2026-07-20T01:11Z,Spain,0.282,0.9995
2026-07-20T04:56Z,Argentina,0.296,0.0005
2026-07-20T04:56Z,England,0.096,0.0
2026-07-20T04:56Z,France,0.082,0.0
2026-07-20T04:56Z,Portugal,0.065,0.0
2026-07-20T04:56Z,Brazil,0.028,0.0
2026-07-20T04:56Z,Belgium,0.025,0.0
2026-07-20T04:56Z,Colombia,0.025,0.0
2026-07-20T04:56Z,Morocco,0.025,0.0
2026-07-20T04:56Z,Netherlands,0.022,0.0
2026-07-20T04:56Z,Germany,0.019,0.0
2026-07-20T04:56Z,Norway,0.008,0.0
2026-07-20T04:56Z,Japan,0.007,0.0
2026-07-20T04:56Z,Switzerland,0.006,0.0
2026-07-20T04:56Z,Senegal,0.004,0.0
2026-07-20T04:56Z,Croatia,0.003,0.0
2026-07-20T04:56Z,Ivory Coast,0.002,0.0
2026-07-20T04:56Z,United States,0.002,0.0
2026-07-20T04:56Z,Australia,0.001,0.0
2026-07-20T04:56Z,Paraguay,0.001,0.0
2026-07-20T04:56Z,Sweden,0.001,0.0
2026-07-20T04:56Z,Algeria,0.0,0.0
2026-07-20T04:56Z,Austria,0.0,0.0
2026-07-20T04:56Z,Bosnia and Herzegovina,0.0,0.0
2026-07-20T04:56Z,Canada,0.0,0.0
2026-07-20T04:56Z,Cape Verde,0.0,0.0
2026-07-20T04:56Z,Curaçao,0.0,0.0
2026-07-20T04:56Z,Czech Republic,0.0,0.0
2026-07-20T04:56Z,DR Congo,0.0,0.0
2026-07-20T04:56Z,Ecuador,0.0,0.0
2026-07-20T04:56Z,Egypt,0.0,0.0
2026-07-20T04:56Z,Ghana,0.0,0.0
2026-07-20T04:56Z,Haiti,0.0,0.0
2026-07-20T04:56Z,Iran,0.0,0.0
2026-07-20T04:56Z,Iraq,0.0,0.0
2026-07-20T04:56Z,Jordan,0.0,0.0
2026-07-20T04:56Z,Mexico,0.0,0.0
2026-07-20T04:56Z,New Zealand,0.0,0.0
2026-07-20T04:56Z,Panama,0.0,0.0
2026-07-20T04:56Z,Qatar,0.0,0.0
2026-07-20T04:56Z,Saudi Arabia,0.0,0.0
2026-07-20T04:56Z,Scotland,0.0,0.0
2026-07-20T04:56Z,South Africa,0.0,0.0
2026-07-20T04:56Z,South Korea,0.0,0.0
2026-07-20T04:56Z,Tunisia,0.0,0.0
2026-07-20T04:56Z,Uruguay,0.0,0.0
2026-07-20T04:56Z,Uzbekistan,0.0,0.0
2026-07-20T04:56Z,Spain,0.282,0.9995
2026-07-20T07:55Z,Argentina,0.296,0.0005
2026-07-20T07:55Z,England,0.096,0.0
2026-07-20T07:55Z,France,0.082,0.0
2026-07-20T07:55Z,Portugal,0.065,0.0
2026-07-20T07:55Z,Brazil,0.028,0.0
2026-07-20T07:55Z,Belgium,0.025,0.0
2026-07-20T07:55Z,Colombia,0.025,0.0
2026-07-20T07:55Z,Morocco,0.025,0.0
2026-07-20T07:55Z,Netherlands,0.022,0.0
2026-07-20T07:55Z,Germany,0.019,0.0
2026-07-20T07:55Z,Norway,0.008,0.0
2026-07-20T07:55Z,Japan,0.007,0.0
2026-07-20T07:55Z,Switzerland,0.006,0.0
2026-07-20T07:55Z,Senegal,0.004,0.0
2026-07-20T07:55Z,Croatia,0.003,0.0
2026-07-20T07:55Z,Ivory Coast,0.002,0.0
2026-07-20T07:55Z,United States,0.002,0.0
2026-07-20T07:55Z,Australia,0.001,0.0
2026-07-20T07:55Z,Paraguay,0.001,0.0
2026-07-20T07:55Z,Sweden,0.001,0.0
2026-07-20T07:55Z,Algeria,0.0,0.0
2026-07-20T07:55Z,Austria,0.0,0.0
2026-07-20T07:55Z,Bosnia and Herzegovina,0.0,0.0
2026-07-20T07:55Z,Canada,0.0,0.0
2026-07-20T07:55Z,Cape Verde,0.0,0.0
2026-07-20T07:55Z,Curaçao,0.0,0.0
2026-07-20T07:55Z,Czech Republic,0.0,0.0
2026-07-20T07:55Z,DR Congo,0.0,0.0
2026-07-20T07:55Z,Ecuador,0.0,0.0
2026-07-20T07:55Z,Egypt,0.0,0.0
2026-07-20T07:55Z,Ghana,0.0,0.0
2026-07-20T07:55Z,Haiti,0.0,0.0
2026-07-20T07:55Z,Iran,0.0,0.0
2026-07-20T07:55Z,Iraq,0.0,0.0
2026-07-20T07:55Z,Jordan,0.0,0.0
2026-07-20T07:55Z,Mexico,0.0,0.0
2026-07-20T07:55Z,New Zealand,0.0,0.0
2026-07-20T07:55Z,Panama,0.0,0.0
2026-07-20T07:55Z,Qatar,0.0,0.0
2026-07-20T07:55Z,Saudi Arabia,0.0,0.0
2026-07-20T07:55Z,Scotland,0.0,0.0
2026-07-20T07:55Z,South Africa,0.0,0.0
2026-07-20T07:55Z,South Korea,0.0,0.0
2026-07-20T07:55Z,Tunisia,0.0,0.0
2026-07-20T07:55Z,Uruguay,0.0,0.0
2026-07-20T07:55Z,Uzbekistan,0.0,0.0
2026-07-20T07:55Z,Spain,0.282,0.9995
2026-07-20T10:45Z,Argentina,0.296,0.0005
2026-07-20T10:45Z,England,0.096,0.0
2026-07-20T10:45Z,France,0.082,0.0
2026-07-20T10:45Z,Portugal,0.065,0.0
2026-07-20T10:45Z,Brazil,0.028,0.0
2026-07-20T10:45Z,Belgium,0.025,0.0
2026-07-20T10:45Z,Colombia,0.025,0.0
2026-07-20T10:45Z,Morocco,0.025,0.0
2026-07-20T10:45Z,Netherlands,0.022,0.0
2026-07-20T10:45Z,Germany,0.019,0.0
2026-07-20T10:45Z,Norway,0.008,0.0
2026-07-20T10:45Z,Japan,0.007,0.0
2026-07-20T10:45Z,Switzerland,0.006,0.0
2026-07-20T10:45Z,Senegal,0.004,0.0
2026-07-20T10:45Z,Croatia,0.003,0.0
2026-07-20T10:45Z,Ivory Coast,0.002,0.0
2026-07-20T10:45Z,United States,0.002,0.0
2026-07-20T10:45Z,Australia,0.001,0.0
2026-07-20T10:45Z,Paraguay,0.001,0.0
2026-07-20T10:45Z,Sweden,0.001,0.0
2026-07-20T10:45Z,Algeria,0.0,0.0
2026-07-20T10:45Z,Austria,0.0,0.0
2026-07-20T10:45Z,Bosnia and Herzegovina,0.0,0.0
2026-07-20T10:45Z,Canada,0.0,0.0
2026-07-20T10:45Z,Cape Verde,0.0,0.0
2026-07-20T10:45Z,Curaçao,0.0,0.0
2026-07-20T10:45Z,Czech Republic,0.0,0.0
2026-07-20T10:45Z,DR Congo,0.0,0.0
2026-07-20T10:45Z,Ecuador,0.0,0.0
2026-07-20T10:45Z,Egypt,0.0,0.0
2026-07-20T10:45Z,Ghana,0.0,0.0
2026-07-20T10:45Z,Haiti,0.0,0.0
2026-07-20T10:45Z,Iran,0.0,0.0
2026-07-20T10:45Z,Iraq,0.0,0.0
2026-07-20T10:45Z,Jordan,0.0,0.0
2026-07-20T10:45Z,Mexico,0.0,0.0
2026-07-20T10:45Z,New Zealand,0.0,0.0
2026-07-20T10:45Z,Panama,0.0,0.0
2026-07-20T10:45Z,Qatar,0.0,0.0
2026-07-20T10:45Z,Saudi Arabia,0.0,0.0
2026-07-20T10:45Z,Scotland,0.0,0.0
2026-07-20T10:45Z,South Africa,0.0,0.0
2026-07-20T10:45Z,South Korea,0.0,0.0
2026-07-20T10:45Z,Tunisia,0.0,0.0
2026-07-20T10:45Z,Uruguay,0.0,0.0
2026-07-20T10:45Z,Uzbekistan,0.0,0.0
2026-07-20T10:45Z,Spain,0.282,0.9995
2026-07-20T13:03Z,Argentina,0.296,0.0005
2026-07-20T13:03Z,England,0.096,0.0
2026-07-20T13:03Z,France,0.082,0.0
2026-07-20T13:03Z,Portugal,0.065,0.0
2026-07-20T13:03Z,Brazil,0.028,0.0
2026-07-20T13:03Z,Belgium,0.025,0.0
2026-07-20T13:03Z,Colombia,0.025,0.0
2026-07-20T13:03Z,Morocco,0.025,0.0
2026-07-20T13:03Z,Netherlands,0.022,0.0
2026-07-20T13:03Z,Germany,0.019,0.0
2026-07-20T13:03Z,Norway,0.008,0.0
2026-07-20T13:03Z,Japan,0.007,0.0
2026-07-20T13:03Z,Switzerland,0.006,0.0
2026-07-20T13:03Z,Senegal,0.004,0.0
2026-07-20T13:03Z,Croatia,0.003,0.0
2026-07-20T13:03Z,Ivory Coast,0.002,0.0
2026-07-20T13:03Z,United States,0.002,0.0
2026-07-20T13:03Z,Australia,0.001,0.0
2026-07-20T13:03Z,Paraguay,0.001,0.0
2026-07-20T13:03Z,Sweden,0.001,0.0
2026-07-20T13:03Z,Algeria,0.0,0.0
2026-07-20T13:03Z,Austria,0.0,0.0
2026-07-20T13:03Z,Bosnia and Herzegovina,0.0,0.0
2026-07-20T13:03Z,Canada,0.0,0.0
2026-07-20T13:03Z,Cape Verde,0.0,0.0
2026-07-20T13:03Z,Curaçao,0.0,0.0
2026-07-20T13:03Z,Czech Republic,0.0,0.0
2026-07-20T13:03Z,DR Congo,0.0,0.0
2026-07-20T13:03Z,Ecuador,0.0,0.0
2026-07-20T13:03Z,Egypt,0.0,0.0
2026-07-20T13:03Z,Ghana,0.0,0.0
2026-07-20T13:03Z,Haiti,0.0,0.0
2026-07-20T13:03Z,Iran,0.0,0.0
2026-07-20T13:03Z,Iraq,0.0,0.0
2026-07-20T13:03Z,Jordan,0.0,0.0
2026-07-20T13:03Z,Mexico,0.0,0.0
2026-07-20T13:03Z,New Zealand,0.0,0.0
2026-07-20T13:03Z,Panama,0.0,0.0
2026-07-20T13:03Z,Qatar,0.0,0.0
2026-07-20T13:03Z,Saudi Arabia,0.0,0.0
2026-07-20T13:03Z,Scotland,0.0,0.0
2026-07-20T13:03Z,South Africa,0.0,0.0
2026-07-20T13:03Z,South Korea,0.0,0.0
2026-07-20T13:03Z,Tunisia,0.0,0.0
2026-07-20T13:03Z,Uruguay,0.0,0.0
2026-07-20T13:03Z,Uzbekistan,0.0,0.0
2026-07-20T13:03Z,Spain,0.282,0.9995
2026-07-20T15:23Z,Argentina,0.296,0.0005
2026-07-20T15:23Z,England,0.096,0.0
2026-07-20T15:23Z,France,0.082,0.0
2026-07-20T15:23Z,Portugal,0.065,0.0
2026-07-20T15:23Z,Brazil,0.028,0.0
2026-07-20T15:23Z,Belgium,0.025,0.0
2026-07-20T15:23Z,Colombia,0.025,0.0
2026-07-20T15:23Z,Morocco,0.025,0.0
2026-07-20T15:23Z,Netherlands,0.022,0.0
2026-07-20T15:23Z,Germany,0.019,0.0
2026-07-20T15:23Z,Norway,0.008,0.0
2026-07-20T15:23Z,Japan,0.007,0.0
2026-07-20T15:23Z,Switzerland,0.006,0.0
2026-07-20T15:23Z,Senegal,0.004,0.0
2026-07-20T15:23Z,Croatia,0.003,0.0
2026-07-20T15:23Z,Ivory Coast,0.002,0.0
2026-07-20T15:23Z,United States,0.002,0.0
2026-07-20T15:23Z,Australia,0.001,0.0
2026-07-20T15:23Z,Paraguay,0.001,0.0
2026-07-20T15:23Z,Sweden,0.001,0.0
2026-07-20T15:23Z,Algeria,0.0,0.0
2026-07-20T15:23Z,Austria,0.0,0.0
2026-07-20T15:23Z,Bosnia and Herzegovina,0.0,0.0
2026-07-20T15:23Z,Canada,0.0,0.0
2026-07-20T15:23Z,Cape Verde,0.0,0.0
2026-07-20T15:23Z,Curaçao,0.0,0.0
2026-07-20T15:23Z,Czech Republic,0.0,0.0
2026-07-20T15:23Z,DR Congo,0.0,0.0
2026-07-20T15:23Z,Ecuador,0.0,0.0
2026-07-20T15:23Z,Egypt,0.0,0.0
2026-07-20T15:23Z,Ghana,0.0,0.0
2026-07-20T15:23Z,Haiti,0.0,0.0
2026-07-20T15:23Z,Iran,0.0,0.0
2026-07-20T15:23Z,Iraq,0.0,0.0
2026-07-20T15:23Z,Jordan,0.0,0.0
2026-07-20T15:23Z,Mexico,0.0,0.0
2026-07-20T15:23Z,New Zealand,0.0,0.0
2026-07-20T15:23Z,Panama,0.0,0.0
2026-07-20T15:23Z,Qatar,0.0,0.0
2026-07-20T15:23Z,Saudi Arabia,0.0,0.0
2026-07-20T15:23Z,Scotland,0.0,0.0
2026-07-20T15:23Z,South Africa,0.0,0.0
2026-07-20T15:23Z,South Korea,0.0,0.0
2026-07-20T15:23Z,Tunisia,0.0,0.0
2026-07-20T15:23Z,Uruguay,0.0,0.0
2026-07-20T15:23Z,Uzbekistan,0.0,0.0
2026-07-20T15:23Z,Spain,0.282,0.9995
2026-07-20T17:06Z,Argentina,0.296,0.0005
2026-07-20T17:06Z,England,0.096,0.0
2026-07-20T17:06Z,France,0.082,0.0
2026-07-20T17:06Z,Portugal,0.065,0.0
2026-07-20T17:06Z,Brazil,0.028,0.0
2026-07-20T17:06Z,Belgium,0.025,0.0
2026-07-20T17:06Z,Colombia,0.025,0.0
2026-07-20T17:06Z,Morocco,0.025,0.0
2026-07-20T17:06Z,Netherlands,0.022,0.0
2026-07-20T17:06Z,Germany,0.019,0.0
2026-07-20T17:06Z,Norway,0.008,0.0
2026-07-20T17:06Z,Japan,0.007,0.0
2026-07-20T17:06Z,Switzerland,0.006,0.0
2026-07-20T17:06Z,Senegal,0.004,0.0
2026-07-20T17:06Z,Croatia,0.003,0.0
2026-07-20T17:06Z,Ivory Coast,0.002,0.0
2026-07-20T17:06Z,United States,0.002,0.0
2026-07-20T17:06Z,Australia,0.001,0.0
2026-07-20T17:06Z,Paraguay,0.001,0.0
2026-07-20T17:06Z,Sweden,0.001,0.0
2026-07-20T17:06Z,Algeria,0.0,0.0
2026-07-20T17:06Z,Austria,0.0,0.0
2026-07-20T17:06Z,Bosnia and Herzegovina,0.0,0.0
2026-07-20T17:06Z,Canada,0.0,0.0
2026-07-20T17:06Z,Cape Verde,0.0,0.0
2026-07-20T17:06Z,Curaçao,0.0,0.0
2026-07-20T17:06Z,Czech Republic,0.0,0.0
2026-07-20T17:06Z,DR Congo,0.0,0.0
2026-07-20T17:06Z,Ecuador,0.0,0.0
2026-07-20T17:06Z,Egypt,0.0,0.0
2026-07-20T17:06Z,Ghana,0.0,0.0
2026-07-20T17:06Z,Haiti,0.0,0.0
2026-07-20T17:06Z,Iran,0.0,0.0
2026-07-20T17:06Z,Iraq,0.0,0.0
2026-07-20T17:06Z,Jordan,0.0,0.0
2026-07-20T17:06Z,Mexico,0.0,0.0
2026-07-20T17:06Z,New Zealand,0.0,0.0
2026-07-20T17:06Z,Panama,0.0,0.0
2026-07-20T17:06Z,Qatar,0.0,0.0
2026-07-20T17:06Z,Saudi Arabia,0.0,0.0
2026-07-20T17:06Z,Scotland,0.0,0.0
2026-07-20T17:06Z,South Africa,0.0,0.0
2026-07-20T17:06Z,South Korea,0.0,0.0
2026-07-20T17:06Z,Tunisia,0.0,0.0
2026-07-20T17:06Z,Uruguay,0.0,0.0
2026-07-20T17:06Z,Uzbekistan,0.0,0.0
2026-07-20T17:06Z,Spain,0.282,0.9995
2026-07-20T19:10Z,Argentina,0.296,0.0005
2026-07-20T19:10Z,England,0.096,0.0
2026-07-20T19:10Z,France,0.082,0.0
2026-07-20T19:10Z,Portugal,0.065,0.0
2026-07-20T19:10Z,Brazil,0.028,0.0
2026-07-20T19:10Z,Belgium,0.025,0.0
2026-07-20T19:10Z,Colombia,0.025,0.0
2026-07-20T19:10Z,Morocco,0.025,0.0
2026-07-20T19:10Z,Netherlands,0.022,0.0
2026-07-20T19:10Z,Germany,0.019,0.0
2026-07-20T19:10Z,Norway,0.008,0.0
2026-07-20T19:10Z,Japan,0.007,0.0
2026-07-20T19:10Z,Switzerland,0.006,0.0
2026-07-20T19:10Z,Senegal,0.004,0.0
2026-07-20T19:10Z,Croatia,0.003,0.0
2026-07-20T19:10Z,Ivory Coast,0.002,0.0
2026-07-20T19:10Z,United States,0.002,0.0
2026-07-20T19:10Z,Australia,0.001,0.0
2026-07-20T19:10Z,Paraguay,0.001,0.0
2026-07-20T19:10Z,Sweden,0.001,0.0
2026-07-20T19:10Z,Algeria,0.0,0.0
2026-07-20T19:10Z,Austria,0.0,0.0
2026-07-20T19:10Z,Bosnia and Herzegovina,0.0,0.0
2026-07-20T19:10Z,Canada,0.0,0.0
2026-07-20T19:10Z,Cape Verde,0.0,0.0
2026-07-20T19:10Z,Curaçao,0.0,0.0
2026-07-20T19:10Z,Czech Republic,0.0,0.0
2026-07-20T19:10Z,DR Congo,0.0,0.0
2026-07-20T19:10Z,Ecuador,0.0,0.0
2026-07-20T19:10Z,Egypt,0.0,0.0
2026-07-20T19:10Z,Ghana,0.0,0.0
2026-07-20T19:10Z,Haiti,0.0,0.0
2026-07-20T19:10Z,Iran,0.0,0.0
2026-07-20T19:10Z,Iraq,0.0,0.0
2026-07-20T19:10Z,Jordan,0.0,0.0
2026-07-20T19:10Z,Mexico,0.0,0.0
2026-07-20T19:10Z,New Zealand,0.0,0.0
2026-07-20T19:10Z,Panama,0.0,0.0
2026-07-20T19:10Z,Qatar,0.0,0.0
2026-07-20T19:10Z,Saudi Arabia,0.0,0.0
2026-07-20T19:10Z,Scotland,0.0,0.0
2026-07-20T19:10Z,South Africa,0.0,0.0
2026-07-20T19:10Z,South Korea,0.0,0.0
2026-07-20T19:10Z,Tunisia,0.0,0.0
2026-07-20T19:10Z,Uruguay,0.0,0.0
2026-07-20T19:10Z,Uzbekistan,0.0,0.0
2026-07-20T19:10Z,Spain,0.282,0.9995
2026-07-20T20:44Z,Argentina,0.296,0.0005
2026-07-20T20:44Z,England,0.096,0.0
2026-07-20T20:44Z,France,0.082,0.0
2026-07-20T20:44Z,Portugal,0.065,0.0
2026-07-20T20:44Z,Brazil,0.028,0.0
2026-07-20T20:44Z,Belgium,0.025,0.0
2026-07-20T20:44Z,Colombia,0.025,0.0
2026-07-20T20:44Z,Morocco,0.025,0.0
2026-07-20T20:44Z,Netherlands,0.022,0.0
2026-07-20T20:44Z,Germany,0.019,0.0
2026-07-20T20:44Z,Norway,0.008,0.0
2026-07-20T20:44Z,Japan,0.007,0.0
2026-07-20T20:44Z,Switzerland,0.006,0.0
2026-07-20T20:44Z,Senegal,0.004,0.0
2026-07-20T20:44Z,Croatia,0.003,0.0
2026-07-20T20:44Z,Ivory Coast,0.002,0.0
2026-07-20T20:44Z,United States,0.002,0.0
2026-07-20T20:44Z,Australia,0.001,0.0
2026-07-20T20:44Z,Paraguay,0.001,0.0
2026-07-20T20:44Z,Sweden,0.001,0.0
2026-07-20T20:44Z,Algeria,0.0,0.0
2026-07-20T20:44Z,Austria,0.0,0.0
2026-07-20T20:44Z,Bosnia and Herzegovina,0.0,0.0
2026-07-20T20:44Z,Canada,0.0,0.0
2026-07-20T20:44Z,Cape Verde,0.0,0.0
2026-07-20T20:44Z,Curaçao,0.0,0.0
2026-07-20T20:44Z,Czech Republic,0.0,0.0
2026-07-20T20:44Z,DR Congo,0.0,0.0
2026-07-20T20:44Z,Ecuador,0.0,0.0
2026-07-20T20:44Z,Egypt,0.0,0.0
2026-07-20T20:44Z,Ghana,0.0,0.0
2026-07-20T20:44Z,Haiti,0.0,0.0
2026-07-20T20:44Z,Iran,0.0,0.0
2026-07-20T20:44Z,Iraq,0.0,0.0
2026-07-20T20:44Z,Jordan,0.0,0.0
2026-07-20T20:44Z,Mexico,0.0,0.0
2026-07-20T20:44Z,New Zealand,0.0,0.0
2026-07-20T20:44Z,Panama,0.0,0.0
2026-07-20T20:44Z,Qatar,0.0,0.0
2026-07-20T20:44Z,Saudi Arabia,0.0,0.0
2026-07-20T20:44Z,Scotland,0.0,0.0
2026-07-20T20:44Z,South Africa,0.0,0.0
2026-07-20T20:44Z,South Korea,0.0,0.0
2026-07-20T20:44Z,Tunisia,0.0,0.0
2026-07-20T20:44Z,Uruguay,0.0,0.0
2026-07-20T20:44Z,Uzbekistan,0.0,0.0
2026-07-20T20:44Z,Spain,0.282,0.9995
2026-07-20T21:58Z,Argentina,0.296,0.0005
2026-07-20T21:58Z,England,0.096,0.0
2026-07-20T21:58Z,France,0.082,0.0
2026-07-20T21:58Z,Portugal,0.065,0.0
2026-07-20T21:58Z,Brazil,0.028,0.0
2026-07-20T21:58Z,Belgium,0.025,0.0
2026-07-20T21:58Z,Colombia,0.025,0.0
2026-07-20T21:58Z,Morocco,0.025,0.0
2026-07-20T21:58Z,Netherlands,0.022,0.0
2026-07-20T21:58Z,Germany,0.019,0.0
2026-07-20T21:58Z,Norway,0.008,0.0
2026-07-20T21:58Z,Japan,0.007,0.0
2026-07-20T21:58Z,Switzerland,0.006,0.0
2026-07-20T21:58Z,Senegal,0.004,0.0
2026-07-20T21:58Z,Croatia,0.003,0.0
2026-07-20T21:58Z,Ivory Coast,0.002,0.0
2026-07-20T21:58Z,United States,0.002,0.0
2026-07-20T21:58Z,Australia,0.001,0.0
2026-07-20T21:58Z,Paraguay,0.001,0.0
2026-07-20T21:58Z,Sweden,0.001,0.0
2026-07-20T21:58Z,Algeria,0.0,0.0
2026-07-20T21:58Z,Austria,0.0,0.0
2026-07-20T21:58Z,Bosnia and Herzegovina,0.0,0.0
2026-07-20T21:58Z,Canada,0.0,0.0
2026-07-20T21:58Z,Cape Verde,0.0,0.0
2026-07-20T21:58Z,Curaçao,0.0,0.0
2026-07-20T21:58Z,Czech Republic,0.0,0.0
2026-07-20T21:58Z,DR Congo,0.0,0.0
2026-07-20T21:58Z,Ecuador,0.0,0.0
2026-07-20T21:58Z,Egypt,0.0,0.0
2026-07-20T21:58Z,Ghana,0.0,0.0
2026-07-20T21:58Z,Haiti,0.0,0.0
2026-07-20T21:58Z,Iran,0.0,0.0
2026-07-20T21:58Z,Iraq,0.0,0.0
2026-07-20T21:58Z,Jordan,0.0,0.0
2026-07-20T21:58Z,Mexico,0.0,0.0
2026-07-20T21:58Z,New Zealand,0.0,0.0
2026-07-20T21:58Z,Panama,0.0,0.0
2026-07-20T21:58Z,Qatar,0.0,0.0
2026-07-20T21:58Z,Saudi Arabia,0.0,0.0
2026-07-20T21:58Z,Scotland,0.0,0.0
2026-07-20T21:58Z,South Africa,0.0,0.0
2026-07-20T21:58Z,South Korea,0.0,0.0
2026-07-20T21:58Z,Tunisia,0.0,0.0
2026-07-20T21:58Z,Uruguay,0.0,0.0
2026-07-20T21:58Z,Uzbekistan,0.0,0.0
2026-07-20T21:58Z,Spain,0.282,0.9995
2026-07-20T22:55Z,Argentina,0.296,0.0005
2026-07-20T22:55Z,England,0.096,0.0
2026-07-20T22:55Z,France,0.082,0.0
2026-07-20T22:55Z,Portugal,0.065,0.0
2026-07-20T22:55Z,Brazil,0.028,0.0
2026-07-20T22:55Z,Belgium,0.025,0.0
2026-07-20T22:55Z,Colombia,0.025,0.0
2026-07-20T22:55Z,Morocco,0.025,0.0
2026-07-20T22:55Z,Netherlands,0.022,0.0
2026-07-20T22:55Z,Germany,0.019,0.0
2026-07-20T22:55Z,Norway,0.008,0.0
2026-07-20T22:55Z,Japan,0.007,0.0
2026-07-20T22:55Z,Switzerland,0.006,0.0
2026-07-20T22:55Z,Senegal,0.004,0.0
2026-07-20T22:55Z,Croatia,0.003,0.0
2026-07-20T22:55Z,Ivory Coast,0.002,0.0
2026-07-20T22:55Z,United States,0.002,0.0
2026-07-20T22:55Z,Australia,0.001,0.0
2026-07-20T22:55Z,Paraguay,0.001,0.0
2026-07-20T22:55Z,Sweden,0.001,0.0
2026-07-20T22:55Z,Algeria,0.0,0.0
2026-07-20T22:55Z,Austria,0.0,0.0
2026-07-20T22:55Z,Bosnia and Herzegovina,0.0,0.0
2026-07-20T22:55Z,Canada,0.0,0.0
2026-07-20T22:55Z,Cape Verde,0.0,0.0
2026-07-20T22:55Z,Curaçao,0.0,0.0
2026-07-20T22:55Z,Czech Republic,0.0,0.0
2026-07-20T22:55Z,DR Congo,0.0,0.0
2026-07-20T22:55Z,Ecuador,0.0,0.0
2026-07-20T22:55Z,Egypt,0.0,0.0
2026-07-20T22:55Z,Ghana,0.0,0.0
2026-07-20T22:55Z,Haiti,0.0,0.0
2026-07-20T22:55Z,Iran,0.0,0.0
2026-07-20T22:55Z,Iraq,0.0,0.0
2026-07-20T22:55Z,Jordan,0.0,0.0
2026-07-20T22:55Z,Mexico,0.0,0.0
2026-07-20T22:55Z,New Zealand,0.0,0.0
2026-07-20T22:55Z,Panama,0.0,0.0
2026-07-20T22:55Z,Qatar,0.0,0.0
2026-07-20T22:55Z,Saudi Arabia,0.0,0.0
2026-07-20T22:55Z,Scotland,0.0,0.0
2026-07-20T22:55Z,South Africa,0.0,0.0
2026-07-20T22:55Z,South Korea,0.0,0.0
2026-07-20T22:55Z,Tunisia,0.0,0.0
2026-07-20T22:55Z,Uruguay,0.0,0.0
2026-07-20T22:55Z,Uzbekistan,0.0,0.0
2026-07-20T22:55Z,Spain,0.282,0.9995
2026-07-20T23:52Z,Argentina,0.296,0.0005
2026-07-20T23:52Z,England,0.096,0.0
2026-07-20T23:52Z,France,0.082,0.0
2026-07-20T23:52Z,Portugal,0.065,0.0
2026-07-20T23:52Z,Brazil,0.028,0.0
2026-07-20T23:52Z,Belgium,0.025,0.0
2026-07-20T23:52Z,Colombia,0.025,0.0
2026-07-20T23:52Z,Morocco,0.025,0.0
2026-07-20T23:52Z,Netherlands,0.022,0.0
2026-07-20T23:52Z,Germany,0.019,0.0
2026-07-20T23:52Z,Norway,0.008,0.0
2026-07-20T23:52Z,Japan,0.007,0.0
2026-07-20T23:52Z,Switzerland,0.006,0.0
2026-07-20T23:52Z,Senegal,0.004,0.0
2026-07-20T23:52Z,Croatia,0.003,0.0
2026-07-20T23:52Z,Ivory Coast,0.002,0.0
2026-07-20T23:52Z,United States,0.002,0.0
2026-07-20T23:52Z,Australia,0.001,0.0
2026-07-20T23:52Z,Paraguay,0.001,0.0
2026-07-20T23:52Z,Sweden,0.001,0.0
2026-07-20T23:52Z,Algeria,0.0,0.0
2026-07-20T23:52Z,Austria,0.0,0.0
2026-07-20T23:52Z,Bosnia and Herzegovina,0.0,0.0
2026-07-20T23:52Z,Canada,0.0,0.0
2026-07-20T23:52Z,Cape Verde,0.0,0.0
2026-07-20T23:52Z,Curaçao,0.0,0.0
2026-07-20T23:52Z,Czech Republic,0.0,0.0
2026-07-20T23:52Z,DR Congo,0.0,0.0
2026-07-20T23:52Z,Ecuador,0.0,0.0
2026-07-20T23:52Z,Egypt,0.0,0.0
2026-07-20T23:52Z,Ghana,0.0,0.0
2026-07-20T23:52Z,Haiti,0.0,0.0
2026-07-20T23:52Z,Iran,0.0,0.0
2026-07-20T23:52Z,Iraq,0.0,0.0
2026-07-20T23:52Z,Jordan,0.0,0.0
2026-07-20T23:52Z,Mexico,0.0,0.0
2026-07-20T23:52Z,New Zealand,0.0,0.0
2026-07-20T23:52Z,Panama,0.0,0.0
2026-07-20T23:52Z,Qatar,0.0,0.0
2026-07-20T23:52Z,Saudi Arabia,0.0,0.0
2026-07-20T23:52Z,Scotland,0.0,0.0
2026-07-20T23:52Z,South Africa,0.0,0.0
2026-07-20T23:52Z,South Korea,0.0,0.0
2026-07-20T23:52Z,Tunisia,0.0,0.0
2026-07-20T23:52Z,Uruguay,0.0,0.0
2026-07-20T23:52Z,Uzbekistan,0.0,0.0
2026-07-20T23:52Z,Spain,0.282,0.9995
2026-07-21T01:57Z,Argentina,0.296,0.0005
2026-07-21T01:57Z,England,0.096,0.0
2026-07-21T01:57Z,France,0.082,0.0
2026-07-21T01:57Z,Portugal,0.065,0.0
2026-07-21T01:57Z,Brazil,0.028,0.0
2026-07-21T01:57Z,Belgium,0.025,0.0
2026-07-21T01:57Z,Colombia,0.025,0.0
2026-07-21T01:57Z,Morocco,0.025,0.0
2026-07-21T01:57Z,Netherlands,0.022,0.0
2026-07-21T01:57Z,Germany,0.019,0.0
2026-07-21T01:57Z,Norway,0.008,0.0
2026-07-21T01:57Z,Japan,0.007,0.0
2026-07-21T01:57Z,Switzerland,0.006,0.0
2026-07-21T01:57Z,Senegal,0.004,0.0
2026-07-21T01:57Z,Croatia,0.003,0.0
2026-07-21T01:57Z,Ivory Coast,0.002,0.0
2026-07-21T01:57Z,United States,0.002,0.0
2026-07-21T01:57Z,Australia,0.001,0.0
2026-07-21T01:57Z,Paraguay,0.001,0.0
2026-07-21T01:57Z,Sweden,0.001,0.0
2026-07-21T01:57Z,Algeria,0.0,0.0
2026-07-21T01:57Z,Austria,0.0,0.0
2026-07-21T01:57Z,Bosnia and Herzegovina,0.0,0.0
2026-07-21T01:57Z,Canada,0.0,0.0
2026-07-21T01:57Z,Cape Verde,0.0,0.0
2026-07-21T01:57Z,Curaçao,0.0,0.0
2026-07-21T01:57Z,Czech Republic,0.0,0.0
2026-07-21T01:57Z,DR Congo,0.0,0.0
2026-07-21T01:57Z,Ecuador,0.0,0.0
2026-07-21T01:57Z,Egypt,0.0,0.0
2026-07-21T01:57Z,Ghana,0.0,0.0
2026-07-21T01:57Z,Haiti,0.0,0.0
2026-07-21T01:57Z,Iran,0.0,0.0
2026-07-21T01:57Z,Iraq,0.0,0.0
2026-07-21T01:57Z,Jordan,0.0,0.0
2026-07-21T01:57Z,Mexico,0.0,0.0
2026-07-21T01:57Z,New Zealand,0.0,0.0
2026-07-21T01:57Z,Panama,0.0,0.0
2026-07-21T01:57Z,Qatar,0.0,0.0
2026-07-21T01:57Z,Saudi Arabia,0.0,0.0
2026-07-21T01:57Z,Scotland,0.0,0.0
2026-07-21T01:57Z,South Africa,0.0,0.0
2026-07-21T01:57Z,South Korea,0.0,0.0
2026-07-21T01:57Z,Tunisia,0.0,0.0
2026-07-21T01:57Z,Uruguay,0.0,0.0
2026-07-21T01:57Z,Uzbekistan,0.0,0.0
2026-07-21T01:57Z,Spain,0.282,0.9995
2026-07-21T05:18Z,Argentina,0.296,0.0005
2026-07-21T05:18Z,England,0.096,0.0
2026-07-21T05:18Z,France,0.082,0.0
2026-07-21T05:18Z,Portugal,0.065,0.0
2026-07-21T05:18Z,Brazil,0.028,0.0
2026-07-21T05:18Z,Belgium,0.025,0.0
2026-07-21T05:18Z,Colombia,0.025,0.0
2026-07-21T05:18Z,Morocco,0.025,0.0
2026-07-21T05:18Z,Netherlands,0.022,0.0
2026-07-21T05:18Z,Germany,0.019,0.0
2026-07-21T05:18Z,Norway,0.008,0.0
2026-07-21T05:18Z,Japan,0.007,0.0
2026-07-21T05:18Z,Switzerland,0.006,0.0
2026-07-21T05:18Z,Senegal,0.004,0.0
2026-07-21T05:18Z,Croatia,0.003,0.0
2026-07-21T05:18Z,Ivory Coast,0.002,0.0
2026-07-21T05:18Z,United States,0.002,0.0
2026-07-21T05:18Z,Australia,0.001,0.0
2026-07-21T05:18Z,Paraguay,0.001,0.0
2026-07-21T05:18Z,Sweden,0.001,0.0
2026-07-21T05:18Z,Algeria,0.0,0.0
2026-07-21T05:18Z,Austria,0.0,0.0
2026-07-21T05:18Z,Bosnia and Herzegovina,0.0,0.0
2026-07-21T05:18Z,Canada,0.0,0.0
2026-07-21T05:18Z,Cape Verde,0.0,0.0
2026-07-21T05:18Z,Curaçao,0.0,0.0
2026-07-21T05:18Z,Czech Republic,0.0,0.0
2026-07-21T05:18Z,DR Congo,0.0,0.0
2026-07-21T05:18Z,Ecuador,0.0,0.0
2026-07-21T05:18Z,Egypt,0.0,0.0
2026-07-21T05:18Z,Ghana,0.0,0.0
2026-07-21T05:18Z,Haiti,0.0,0.0
2026-07-21T05:18Z,Iran,0.0,0.0
2026-07-21T05:18Z,Iraq,0.0,0.0
2026-07-21T05:18Z,Jordan,0.0,0.0
2026-07-21T05:18Z,Mexico,0.0,0.0
2026-07-21T05:18Z,New Zealand,0.0,0.0
2026-07-21T05:18Z,Panama,0.0,0.0
2026-07-21T05:18Z,Qatar,0.0,0.0
2026-07-21T05:18Z,Saudi Arabia,0.0,0.0
2026-07-21T05:18Z,Scotland,0.0,0.0
2026-07-21T05:18Z,South Africa,0.0,0.0
2026-07-21T05:18Z,South Korea,0.0,0.0
2026-07-21T05:18Z,Tunisia,0.0,0.0
2026-07-21T05:18Z,Uruguay,0.0,0.0
2026-07-21T05:18Z,Uzbekistan,0.0,0.0
2026-07-21T05:18Z,Spain,0.282,0.9995
2026-07-21T07:45Z,Argentina,0.296,0.0005
2026-07-21T07:45Z,England,0.096,0.0
2026-07-21T07:45Z,France,0.082,0.0
2026-07-21T07:45Z,Portugal,0.065,0.0
2026-07-21T07:45Z,Brazil,0.028,0.0
2026-07-21T07:45Z,Belgium,0.025,0.0
2026-07-21T07:45Z,Colombia,0.025,0.0
2026-07-21T07:45Z,Morocco,0.025,0.0
2026-07-21T07:45Z,Netherlands,0.022,0.0
2026-07-21T07:45Z,Germany,0.019,0.0
2026-07-21T07:45Z,Norway,0.008,0.0
2026-07-21T07:45Z,Japan,0.007,0.0
2026-07-21T07:45Z,Switzerland,0.006,0.0
2026-07-21T07:45Z,Senegal,0.004,0.0
2026-07-21T07:45Z,Croatia,0.003,0.0
2026-07-21T07:45Z,Ivory Coast,0.002,0.0
2026-07-21T07:45Z,United States,0.002,0.0
2026-07-21T07:45Z,Australia,0.001,0.0
2026-07-21T07:45Z,Paraguay,0.001,0.0
2026-07-21T07:45Z,Sweden,0.001,0.0
2026-07-21T07:45Z,Algeria,0.0,0.0
2026-07-21T07:45Z,Austria,0.0,0.0
2026-07-21T07:45Z,Bosnia and Herzegovina,0.0,0.0
2026-07-21T07:45Z,Canada,0.0,0.0
2026-07-21T07:45Z,Cape Verde,0.0,0.0
2026-07-21T07:45Z,Curaçao,0.0,0.0
2026-07-21T07:45Z,Czech Republic,0.0,0.0
2026-07-21T07:45Z,DR Congo,0.0,0.0
2026-07-21T07:45Z,Ecuador,0.0,0.0
2026-07-21T07:45Z,Egypt,0.0,0.0
2026-07-21T07:45Z,Ghana,0.0,0.0
2026-07-21T07:45Z,Haiti,0.0,0.0
2026-07-21T07:45Z,Iran,0.0,0.0
2026-07-21T07:45Z,Iraq,0.0,0.0
2026-07-21T07:45Z,Jordan,0.0,0.0
2026-07-21T07:45Z,Mexico,0.0,0.0
2026-07-21T07:45Z,New Zealand,0.0,0.0
2026-07-21T07:45Z,Panama,0.0,0.0
2026-07-21T07:45Z,Qatar,0.0,0.0
2026-07-21T07:45Z,Saudi Arabia,0.0,0.0
2026-07-21T07:45Z,Scotland,0.0,0.0
2026-07-21T07:45Z,South Africa,0.0,0.0
2026-07-21T07:45Z,South Korea,0.0,0.0
2026-07-21T07:45Z,Tunisia,0.0,0.0
2026-07-21T07:45Z,Uruguay,0.0,0.0
2026-07-21T07:45Z,Uzbekistan,0.0,0.0
2026-07-21T07:45Z,Spain,0.282,0.9995
2026-07-21T10:20Z,Argentina,0.296,0.0005
2026-07-21T10:20Z,England,0.096,0.0
2026-07-21T10:20Z,France,0.082,0.0
2026-07-21T10:20Z,Portugal,0.065,0.0
2026-07-21T10:20Z,Brazil,0.028,0.0
2026-07-21T10:20Z,Belgium,0.025,0.0
2026-07-21T10:20Z,Colombia,0.025,0.0
2026-07-21T10:20Z,Morocco,0.025,0.0
2026-07-21T10:20Z,Netherlands,0.022,0.0
2026-07-21T10:20Z,Germany,0.019,0.0
2026-07-21T10:20Z,Norway,0.008,0.0
2026-07-21T10:20Z,Japan,0.007,0.0
2026-07-21T10:20Z,Switzerland,0.006,0.0
2026-07-21T10:20Z,Senegal,0.004,0.0
2026-07-21T10:20Z,Croatia,0.003,0.0
2026-07-21T10:20Z,Ivory Coast,0.002,0.0
2026-07-21T10:20Z,United States,0.002,0.0
2026-07-21T10:20Z,Australia,0.001,0.0
2026-07-21T10:20Z,Paraguay,0.001,0.0
2026-07-21T10:20Z,Sweden,0.001,0.0
2026-07-21T10:20Z,Algeria,0.0,0.0
2026-07-21T10:20Z,Austria,0.0,0.0
2026-07-21T10:20Z,Bosnia and Herzegovina,0.0,0.0
2026-07-21T10:20Z,Canada,0.0,0.0
2026-07-21T10:20Z,Cape Verde,0.0,0.0
2026-07-21T10:20Z,Curaçao,0.0,0.0
2026-07-21T10:20Z,Czech Republic,0.0,0.0
2026-07-21T10:20Z,DR Congo,0.0,0.0
2026-07-21T10:20Z,Ecuador,0.0,0.0
2026-07-21T10:20Z,Egypt,0.0,0.0
2026-07-21T10:20Z,Ghana,0.0,0.0
2026-07-21T10:20Z,Haiti,0.0,0.0
2026-07-21T10:20Z,Iran,0.0,0.0
2026-07-21T10:20Z,Iraq,0.0,0.0
2026-07-21T10:20Z,Jordan,0.0,0.0
2026-07-21T10:20Z,Mexico,0.0,0.0
2026-07-21T10:20Z,New Zealand,0.0,0.0
2026-07-21T10:20Z,Panama,0.0,0.0
2026-07-21T10:20Z,Qatar,0.0,0.0
2026-07-21T10:20Z,Saudi Arabia,0.0,0.0
2026-07-21T10:20Z,Scotland,0.0,0.0
2026-07-21T10:20Z,South Africa,0.0,0.0
2026-07-21T10:20Z,South Korea,0.0,0.0
2026-07-21T10:20Z,Tunisia,0.0,0.0
2026-07-21T10:20Z,Uruguay,0.0,0.0
2026-07-21T10:20Z,Uzbekistan,0.0,0.0
2026-07-21T10:20Z,Spain,0.282,0.9995
2026-07-21T12:04Z,Argentina,0.296,0.0005
2026-07-21T12:04Z,England,0.096,0.0
2026-07-21T12:04Z,France,0.082,0.0
2026-07-21T12:04Z,Portugal,0.065,0.0
2026-07-21T12:04Z,Brazil,0.028,0.0
2026-07-21T12:04Z,Belgium,0.025,0.0
2026-07-21T12:04Z,Colombia,0.025,0.0
2026-07-21T12:04Z,Morocco,0.025,0.0
2026-07-21T12:04Z,Netherlands,0.022,0.0
2026-07-21T12:04Z,Germany,0.019,0.0
2026-07-21T12:04Z,Norway,0.008,0.0
2026-07-21T12:04Z,Japan,0.007,0.0
2026-07-21T12:04Z,Switzerland,0.006,0.0
2026-07-21T12:04Z,Senegal,0.004,0.0
2026-07-21T12:04Z,Croatia,0.003,0.0
2026-07-21T12:04Z,Ivory Coast,0.002,0.0
2026-07-21T12:04Z,United States,0.002,0.0
2026-07-21T12:04Z,Australia,0.001,0.0
2026-07-21T12:04Z,Paraguay,0.001,0.0
2026-07-21T12:04Z,Sweden,0.001,0.0
2026-07-21T12:04Z,Algeria,0.0,0.0
2026-07-21T12:04Z,Austria,0.0,0.0
2026-07-21T12:04Z,Bosnia and Herzegovina,0.0,0.0
2026-07-21T12:04Z,Canada,0.0,0.0
2026-07-21T12:04Z,Cape Verde,0.0,0.0
2026-07-21T12:04Z,Curaçao,0.0,0.0
2026-07-21T12:04Z,Czech Republic,0.0,0.0
2026-07-21T12:04Z,DR Congo,0.0,0.0
2026-07-21T12:04Z,Ecuador,0.0,0.0
2026-07-21T12:04Z,Egypt,0.0,0.0
2026-07-21T12:04Z,Ghana,0.0,0.0
2026-07-21T12:04Z,Haiti,0.0,0.0
2026-07-21T12:04Z,Iran,0.0,0.0
2026-07-21T12:04Z,Iraq,0.0,0.0
2026-07-21T12:04Z,Jordan,0.0,0.0
2026-07-21T12:04Z,Mexico,0.0,0.0
2026-07-21T12:04Z,New Zealand,0.0,0.0
2026-07-21T12:04Z,Panama,0.0,0.0
2026-07-21T12:04Z,Qatar,0.0,0.0
2026-07-21T12:04Z,Saudi Arabia,0.0,0.0
2026-07-21T12:04Z,Scotland,0.0,0.0
2026-07-21T12:04Z,South Africa,0.0,0.0
2026-07-21T12:04Z,South Korea,0.0,0.0
2026-07-21T12:04Z,Tunisia,0.0,0.0
2026-07-21T12:04Z,Uruguay,0.0,0.0
2026-07-21T12:04Z,Uzbekistan,0.0,0.0
2026-07-21T12:04Z,Spain,0.282,0.9995
2026-07-21T14:27Z,Argentina,0.296,0.0005
2026-07-21T14:27Z,England,0.096,0.0
2026-07-21T14:27Z,France,0.082,0.0
2026-07-21T14:27Z,Portugal,0.065,0.0
2026-07-21T14:27Z,Brazil,0.028,0.0
2026-07-21T14:27Z,Belgium,0.025,0.0
2026-07-21T14:27Z,Colombia,0.025,0.0
2026-07-21T14:27Z,Morocco,0.025,0.0
2026-07-21T14:27Z,Netherlands,0.022,0.0
2026-07-21T14:27Z,Germany,0.019,0.0
2026-07-21T14:27Z,Norway,0.008,0.0
2026-07-21T14:27Z,Japan,0.007,0.0
2026-07-21T14:27Z,Switzerland,0.006,0.0
2026-07-21T14:27Z,Senegal,0.004,0.0
2026-07-21T14:27Z,Croatia,0.003,0.0
2026-07-21T14:27Z,Ivory Coast,0.002,0.0
2026-07-21T14:27Z,United States,0.002,0.0
2026-07-21T14:27Z,Australia,0.001,0.0
2026-07-21T14:27Z,Paraguay,0.001,0.0
2026-07-21T14:27Z,Sweden,0.001,0.0
2026-07-21T14:27Z,Algeria,0.0,0.0
2026-07-21T14:27Z,Austria,0.0,0.0
2026-07-21T14:27Z,Bosnia and Herzegovina,0.0,0.0
2026-07-21T14:27Z,Canada,0.0,0.0
2026-07-21T14:27Z,Cape Verde,0.0,0.0
2026-07-21T14:27Z,Curaçao,0.0,0.0
2026-07-21T14:27Z,Czech Republic,0.0,0.0
2026-07-21T14:27Z,DR Congo,0.0,0.0
2026-07-21T14:27Z,Ecuador,0.0,0.0
2026-07-21T14:27Z,Egypt,0.0,0.0
2026-07-21T14:27Z,Ghana,0.0,0.0
2026-07-21T14:27Z,Haiti,0.0,0.0
2026-07-21T14:27Z,Iran,0.0,0.0
2026-07-21T14:27Z,Iraq,0.0,0.0
2026-07-21T14:27Z,Jordan,0.0,0.0
2026-07-21T14:27Z,Mexico,0.0,0.0
2026-07-21T14:27Z,New Zealand,0.0,0.0
2026-07-21T14:27Z,Panama,0.0,0.0
2026-07-21T14:27Z,Qatar,0.0,0.0
2026-07-21T14:27Z,Saudi Arabia,0.0,0.0
2026-07-21T14:27Z,Scotland,0.0,0.0
2026-07-21T14:27Z,South Africa,0.0,0.0
2026-07-21T14:27Z,South Korea,0.0,0.0
2026-07-21T14:27Z,Tunisia,0.0,0.0
2026-07-21T14:27Z,Uruguay,0.0,0.0
2026-07-21T14:27Z,Uzbekistan,0.0,0.0
2026-07-21T14:27Z,Spain,0.282,0.9995
2026-07-21T16:06Z,Argentina,0.296,0.0005
2026-07-21T16:06Z,England,0.096,0.0
2026-07-21T16:06Z,France,0.082,0.0
2026-07-21T16:06Z,Portugal,0.065,0.0
2026-07-21T16:06Z,Brazil,0.028,0.0
2026-07-21T16:06Z,Belgium,0.025,0.0
2026-07-21T16:06Z,Colombia,0.025,0.0
2026-07-21T16:06Z,Morocco,0.025,0.0
2026-07-21T16:06Z,Netherlands,0.022,0.0
2026-07-21T16:06Z,Germany,0.019,0.0
2026-07-21T16:06Z,Norway,0.008,0.0
2026-07-21T16:06Z,Japan,0.007,0.0
2026-07-21T16:06Z,Switzerland,0.006,0.0
2026-07-21T16:06Z,Senegal,0.004,0.0
2026-07-21T16:06Z,Croatia,0.003,0.0
2026-07-21T16:06Z,Ivory Coast,0.002,0.0
2026-07-21T16:06Z,United States,0.002,0.0
2026-07-21T16:06Z,Australia,0.001,0.0
2026-07-21T16:06Z,Paraguay,0.001,0.0
2026-07-21T16:06Z,Sweden,0.001,0.0
2026-07-21T16:06Z,Algeria,0.0,0.0
2026-07-21T16:06Z,Austria,0.0,0.0
2026-07-21T16:06Z,Bosnia and Herzegovina,0.0,0.0
2026-07-21T16:06Z,Canada,0.0,0.0
2026-07-21T16:06Z,Cape Verde,0.0,0.0
2026-07-21T16:06Z,Curaçao,0.0,0.0
2026-07-21T16:06Z,Czech Republic,0.0,0.0
2026-07-21T16:06Z,DR Congo,0.0,0.0
2026-07-21T16:06Z,Ecuador,0.0,0.0
2026-07-21T16:06Z,Egypt,0.0,0.0
2026-07-21T16:06Z,Ghana,0.0,0.0
2026-07-21T16:06Z,Haiti,0.0,0.0
2026-07-21T16:06Z,Iran,0.0,0.0
2026-07-21T16:06Z,Iraq,0.0,0.0
2026-07-21T16:06Z,Jordan,0.0,0.0
2026-07-21T16:06Z,Mexico,0.0,0.0
2026-07-21T16:06Z,New Zealand,0.0,0.0
2026-07-21T16:06Z,Panama,0.0,0.0
2026-07-21T16:06Z,Qatar,0.0,0.0
2026-07-21T16:06Z,Saudi Arabia,0.0,0.0
2026-07-21T16:06Z,Scotland,0.0,0.0
2026-07-21T16:06Z,South Africa,0.0,0.0
2026-07-21T16:06Z,South Korea,0.0,0.0
2026-07-21T16:06Z,Tunisia,0.0,0.0
2026-07-21T16:06Z,Uruguay,0.0,0.0
2026-07-21T16:06Z,Uzbekistan,0.0,0.0
2026-07-21T16:06Z,Spain,0.282,0.9995
2026-07-21T17:49Z,Argentina,0.296,0.0005
2026-07-21T17:49Z,England,0.096,0.0
2026-07-21T17:49Z,France,0.082,0.0
2026-07-21T17:49Z,Portugal,0.065,0.0
2026-07-21T17:49Z,Brazil,0.028,0.0
2026-07-21T17:49Z,Belgium,0.025,0.0
2026-07-21T17:49Z,Colombia,0.025,0.0
2026-07-21T17:49Z,Morocco,0.025,0.0
2026-07-21T17:49Z,Netherlands,0.022,0.0
2026-07-21T17:49Z,Germany,0.019,0.0
2026-07-21T17:49Z,Norway,0.008,0.0
2026-07-21T17:49Z,Japan,0.007,0.0
2026-07-21T17:49Z,Switzerland,0.006,0.0
2026-07-21T17:49Z,Senegal,0.004,0.0
2026-07-21T17:49Z,Croatia,0.003,0.0
2026-07-21T17:49Z,Ivory Coast,0.002,0.0
2026-07-21T17:49Z,United States,0.002,0.0
2026-07-21T17:49Z,Australia,0.001,0.0
2026-07-21T17:49Z,Paraguay,0.001,0.0
2026-07-21T17:49Z,Sweden,0.001,0.0
2026-07-21T17:49Z,Algeria,0.0,0.0
2026-07-21T17:49Z,Austria,0.0,0.0
2026-07-21T17:49Z,Bosnia and Herzegovina,0.0,0.0
2026-07-21T17:49Z,Canada,0.0,0.0
2026-07-21T17:49Z,Cape Verde,0.0,0.0
2026-07-21T17:49Z,Curaçao,0.0,0.0
2026-07-21T17:49Z,Czech Republic,0.0,0.0
2026-07-21T17:49Z,DR Congo,0.0,0.0
2026-07-21T17:49Z,Ecuador,0.0,0.0
2026-07-21T17:49Z,Egypt,0.0,0.0
2026-07-21T17:49Z,Ghana,0.0,0.0
2026-07-21T17:49Z,Haiti,0.0,0.0
2026-07-21T17:49Z,Iran,0.0,0.0
2026-07-21T17:49Z,Iraq,0.0,0.0
2026-07-21T17:49Z,Jordan,0.0,0.0
2026-07-21T17:49Z,Mexico,0.0,0.0
2026-07-21T17:49Z,New Zealand,0.0,0.0
2026-07-21T17:49Z,Panama,0.0,0.0
2026-07-21T17:49Z,Qatar,0.0,0.0
2026-07-21T17:49Z,Saudi Arabia,0.0,0.0
2026-07-21T17:49Z,Scotland,0.0,0.0
2026-07-21T17:49Z,South Africa,0.0,0.0
2026-07-21T17:49Z,South Korea,0.0,0.0
2026-07-21T17:49Z,Tunisia,0.0,0.0
2026-07-21T17:49Z,Uruguay,0.0,0.0
2026-07-21T17:49Z,Uzbekistan,0.0,0.0
2026-07-21T17:49Z,Spain,0.282,0.9995
2026-07-21T19:08Z,Argentina,0.296,0.0005
2026-07-21T19:08Z,England,0.096,0.0
2026-07-21T19:08Z,France,0.082,0.0
2026-07-21T19:08Z,Portugal,0.065,0.0
2026-07-21T19:08Z,Brazil,0.028,0.0
2026-07-21T19:08Z,Belgium,0.025,0.0
2026-07-21T19:08Z,Colombia,0.025,0.0
2026-07-21T19:08Z,Morocco,0.025,0.0
2026-07-21T19:08Z,Netherlands,0.022,0.0
2026-07-21T19:08Z,Germany,0.019,0.0
2026-07-21T19:08Z,Norway,0.008,0.0
2026-07-21T19:08Z,Japan,0.007,0.0
2026-07-21T19:08Z,Switzerland,0.006,0.0
2026-07-21T19:08Z,Senegal,0.004,0.0
2026-07-21T19:08Z,Croatia,0.003,0.0
2026-07-21T19:08Z,Ivory Coast,0.002,0.0
2026-07-21T19:08Z,United States,0.002,0.0
2026-07-21T19:08Z,Australia,0.001,0.0
2026-07-21T19:08Z,Paraguay,0.001,0.0
2026-07-21T19:08Z,Sweden,0.001,0.0
2026-07-21T19:08Z,Algeria,0.0,0.0
2026-07-21T19:08Z,Austria,0.0,0.0
2026-07-21T19:08Z,Bosnia and Herzegovina,0.0,0.0
2026-07-21T19:08Z,Canada,0.0,0.0
2026-07-21T19:08Z,Cape Verde,0.0,0.0
2026-07-21T19:08Z,Curaçao,0.0,0.0
2026-07-21T19:08Z,Czech Republic,0.0,0.0
2026-07-21T19:08Z,DR Congo,0.0,0.0
2026-07-21T19:08Z,Ecuador,0.0,0.0
2026-07-21T19:08Z,Egypt,0.0,0.0
2026-07-21T19:08Z,Ghana,0.0,0.0
2026-07-21T19:08Z,Haiti,0.0,0.0
2026-07-21T19:08Z,Iran,0.0,0.0
2026-07-21T19:08Z,Iraq,0.0,0.0
2026-07-21T19:08Z,Jordan,0.0,0.0
2026-07-21T19:08Z,Mexico,0.0,0.0
2026-07-21T19:08Z,New Zealand,0.0,0.0
2026-07-21T19:08Z,Panama,0.0,0.0
2026-07-21T19:08Z,Qatar,0.0,0.0
2026-07-21T19:08Z,Saudi Arabia,0.0,0.0
2026-07-21T19:08Z,Scotland,0.0,0.0
2026-07-21T19:08Z,South Africa,0.0,0.0
2026-07-21T19:08Z,South Korea,0.0,0.0
2026-07-21T19:08Z,Tunisia,0.0,0.0
2026-07-21T19:08Z,Uruguay,0.0,0.0
2026-07-21T19:08Z,Uzbekistan,0.0,0.0
2026-07-21T19:08Z,Spain,0.282,0.9995
2026-07-21T20:39Z,Argentina,0.296,0.0005
2026-07-21T20:39Z,England,0.096,0.0
2026-07-21T20:39Z,France,0.082,0.0
2026-07-21T20:39Z,Portugal,0.065,0.0
2026-07-21T20:39Z,Brazil,0.028,0.0
2026-07-21T20:39Z,Belgium,0.025,0.0
2026-07-21T20:39Z,Colombia,0.025,0.0
2026-07-21T20:39Z,Morocco,0.025,0.0
2026-07-21T20:39Z,Netherlands,0.022,0.0
2026-07-21T20:39Z,Germany,0.019,0.0
2026-07-21T20:39Z,Norway,0.008,0.0
2026-07-21T20:39Z,Japan,0.007,0.0
2026-07-21T20:39Z,Switzerland,0.006,0.0
2026-07-21T20:39Z,Senegal,0.004,0.0
2026-07-21T20:39Z,Croatia,0.003,0.0
2026-07-21T20:39Z,Ivory Coast,0.002,0.0
2026-07-21T20:39Z,United States,0.002,0.0
2026-07-21T20:39Z,Australia,0.001,0.0
2026-07-21T20:39Z,Paraguay,0.001,0.0
2026-07-21T20:39Z,Sweden,0.001,0.0
2026-07-21T20:39Z,Algeria,0.0,0.0
2026-07-21T20:39Z,Austria,0.0,0.0
2026-07-21T20:39Z,Bosnia and Herzegovina,0.0,0.0
2026-07-21T20:39Z,Canada,0.0,0.0
2026-07-21T20:39Z,Cape Verde,0.0,0.0
2026-07-21T20:39Z,Curaçao,0.0,0.0
2026-07-21T20:39Z,Czech Republic,0.0,0.0
2026-07-21T20:39Z,DR Congo,0.0,0.0
2026-07-21T20:39Z,Ecuador,0.0,0.0
2026-07-21T20:39Z,Egypt,0.0,0.0
2026-07-21T20:39Z,Ghana,0.0,0.0
2026-07-21T20:39Z,Haiti,0.0,0.0
2026-07-21T20:39Z,Iran,0.0,0.0
2026-07-21T20:39Z,Iraq,0.0,0.0
2026-07-21T20:39Z,Jordan,0.0,0.0
2026-07-21T20:39Z,Mexico,0.0,0.0
2026-07-21T20:39Z,New Zealand,0.0,0.0
2026-07-21T20:39Z,Panama,0.0,0.0
2026-07-21T20:39Z,Qatar,0.0,0.0
2026-07-21T20:39Z,Saudi Arabia,0.0,0.0
2026-07-21T20:39Z,Scotland,0.0,0.0
2026-07-21T20:39Z,South Africa,0.0,0.0
2026-07-21T20:39Z,South Korea,0.0,0.0
2026-07-21T20:39Z,Tunisia,0.0,0.0
2026-07-21T20:39Z,Uruguay,0.0,0.0
2026-07-21T20:39Z,Uzbekistan,0.0,0.0
2026-07-21T20:39Z,Spain,0.282,0.9995
2026-07-21T21:45Z,Argentina,0.296,0.0005
2026-07-21T21:45Z,England,0.096,0.0
2026-07-21T21:45Z,France,0.082,0.0
2026-07-21T21:45Z,Portugal,0.065,0.0
2026-07-21T21:45Z,Brazil,0.028,0.0
2026-07-21T21:45Z,Belgium,0.025,0.0
2026-07-21T21:45Z,Colombia,0.025,0.0
2026-07-21T21:45Z,Morocco,0.025,0.0
2026-07-21T21:45Z,Netherlands,0.022,0.0
2026-07-21T21:45Z,Germany,0.019,0.0
2026-07-21T21:45Z,Norway,0.008,0.0
2026-07-21T21:45Z,Japan,0.007,0.0
2026-07-21T21:45Z,Switzerland,0.006,0.0
2026-07-21T21:45Z,Senegal,0.004,0.0
2026-07-21T21:45Z,Croatia,0.003,0.0
2026-07-21T21:45Z,Ivory Coast,0.002,0.0
2026-07-21T21:45Z,United States,0.002,0.0
2026-07-21T21:45Z,Australia,0.001,0.0
2026-07-21T21:45Z,Paraguay,0.001,0.0
2026-07-21T21:45Z,Sweden,0.001,0.0
2026-07-21T21:45Z,Algeria,0.0,0.0
2026-07-21T21:45Z,Austria,0.0,0.0
2026-07-21T21:45Z,Bosnia and Herzegovina,0.0,0.0
2026-07-21T21:45Z,Canada,0.0,0.0
2026-07-21T21:45Z,Cape Verde,0.0,0.0
2026-07-21T21:45Z,Curaçao,0.0,0.0
2026-07-21T21:45Z,Czech Republic,0.0,0.0
2026-07-21T21:45Z,DR Congo,0.0,0.0
2026-07-21T21:45Z,Ecuador,0.0,0.0
2026-07-21T21:45Z,Egypt,0.0,0.0
2026-07-21T21:45Z,Ghana,0.0,0.0
2026-07-21T21:45Z,Haiti,0.0,0.0
2026-07-21T21:45Z,Iran,0.0,0.0
2026-07-21T21:45Z,Iraq,0.0,0.0
2026-07-21T21:45Z,Jordan,0.0,0.0
2026-07-21T21:45Z,Mexico,0.0,0.0
2026-07-21T21:45Z,New Zealand,0.0,0.0
2026-07-21T21:45Z,Panama,0.0,0.0
2026-07-21T21:45Z,Qatar,0.0,0.0
2026-07-21T21:45Z,Saudi Arabia,0.0,0.0
2026-07-21T21:45Z,Scotland,0.0,0.0
2026-07-21T21:45Z,South Africa,0.0,0.0
2026-07-21T21:45Z,South Korea,0.0,0.0
2026-07-21T21:45Z,Tunisia,0.0,0.0
2026-07-21T21:45Z,Uruguay,0.0,0.0
2026-07-21T21:45Z,Uzbekistan,0.0,0.0
2026-07-21T21:45Z,Spain,0.282,0.9995
2026-07-21T22:49Z,Argentina,0.296,0.0005
2026-07-21T22:49Z,England,0.096,0.0
2026-07-21T22:49Z,France,0.082,0.0
2026-07-21T22:49Z,Portugal,0.065,0.0
2026-07-21T22:49Z,Brazil,0.028,0.0
2026-07-21T22:49Z,Belgium,0.025,0.0
2026-07-21T22:49Z,Colombia,0.025,0.0
2026-07-21T22:49Z,Morocco,0.025,0.0
2026-07-21T22:49Z,Netherlands,0.022,0.0
2026-07-21T22:49Z,Germany,0.019,0.0
2026-07-21T22:49Z,Norway,0.008,0.0
2026-07-21T22:49Z,Japan,0.007,0.0
2026-07-21T22:49Z,Switzerland,0.006,0.0
2026-07-21T22:49Z,Senegal,0.004,0.0
2026-07-21T22:49Z,Croatia,0.003,0.0
2026-07-21T22:49Z,Ivory Coast,0.002,0.0
2026-07-21T22:49Z,United States,0.002,0.0
2026-07-21T22:49Z,Australia,0.001,0.0
2026-07-21T22:49Z,Paraguay,0.001,0.0
2026-07-21T22:49Z,Sweden,0.001,0.0
2026-07-21T22:49Z,Algeria,0.0,0.0
2026-07-21T22:49Z,Austria,0.0,0.0
2026-07-21T22:49Z,Bosnia and Herzegovina,0.0,0.0
2026-07-21T22:49Z,Canada,0.0,0.0
2026-07-21T22:49Z,Cape Verde,0.0,0.0
2026-07-21T22:49Z,Curaçao,0.0,0.0
2026-07-21T22:49Z,Czech Republic,0.0,0.0
2026-07-21T22:49Z,DR Congo,0.0,0.0
2026-07-21T22:49Z,Ecuador,0.0,0.0
2026-07-21T22:49Z,Egypt,0.0,0.0
2026-07-21T22:49Z,Ghana,0.0,0.0
2026-07-21T22:49Z,Haiti,0.0,0.0
2026-07-21T22:49Z,Iran,0.0,0.0
2026-07-21T22:49Z,Iraq,0.0,0.0
2026-07-21T22:49Z,Jordan,0.0,0.0
2026-07-21T22:49Z,Mexico,0.0,0.0
2026-07-21T22:49Z,New Zealand,0.0,0.0
2026-07-21T22:49Z,Panama,0.0,0.0
2026-07-21T22:49Z,Qatar,0.0,0.0
2026-07-21T22:49Z,Saudi Arabia,0.0,0.0
2026-07-21T22:49Z,Scotland,0.0,0.0
2026-07-21T22:49Z,South Africa,0.0,0.0
2026-07-21T22:49Z,South Korea,0.0,0.0
2026-07-21T22:49Z,Tunisia,0.0,0.0
2026-07-21T22:49Z,Uruguay,0.0,0.0
2026-07-21T22:49Z,Uzbekistan,0.0,0.0
2026-07-21T22:49Z,Spain,0.282,0.9995
2026-07-21T23:53Z,Argentina,0.296,0.0005
2026-07-21T23:53Z,England,0.096,0.0
2026-07-21T23:53Z,France,0.082,0.0
2026-07-21T23:53Z,Portugal,0.065,0.0
2026-07-21T23:53Z,Brazil,0.028,0.0
2026-07-21T23:53Z,Belgium,0.025,0.0
2026-07-21T23:53Z,Colombia,0.025,0.0
2026-07-21T23:53Z,Morocco,0.025,0.0
2026-07-21T23:53Z,Netherlands,0.022,0.0
2026-07-21T23:53Z,Germany,0.019,0.0
2026-07-21T23:53Z,Norway,0.008,0.0
2026-07-21T23:53Z,Japan,0.007,0.0
2026-07-21T23:53Z,Switzerland,0.006,0.0
2026-07-21T23:53Z,Senegal,0.004,0.0
2026-07-21T23:53Z,Croatia,0.003,0.0
2026-07-21T23:53Z,Ivory Coast,0.002,0.0
2026-07-21T23:53Z,United States,0.002,0.0
2026-07-21T23:53Z,Australia,0.001,0.0
2026-07-21T23:53Z,Paraguay,0.001,0.0
2026-07-21T23:53Z,Sweden,0.001,0.0
2026-07-21T23:53Z,Algeria,0.0,0.0
2026-07-21T23:53Z,Austria,0.0,0.0
2026-07-21T23:53Z,Bosnia and Herzegovina,0.0,0.0
2026-07-21T23:53Z,Canada,0.0,0.0
2026-07-21T23:53Z,Cape Verde,0.0,0.0
2026-07-21T23:53Z,Curaçao,0.0,0.0
2026-07-21T23:53Z,Czech Republic,0.0,0.0
2026-07-21T23:53Z,DR Congo,0.0,0.0
2026-07-21T23:53Z,Ecuador,0.0,0.0
2026-07-21T23:53Z,Egypt,0.0,0.0
2026-07-21T23:53Z,Ghana,0.0,0.0
2026-07-21T23:53Z,Haiti,0.0,0.0
2026-07-21T23:53Z,Iran,0.0,0.0
2026-07-21T23:53Z,Iraq,0.0,0.0
2026-07-21T23:53Z,Jordan,0.0,0.0
2026-07-21T23:53Z,Mexico,0.0,0.0
2026-07-21T23:53Z,New Zealand,0.0,0.0
2026-07-21T23:53Z,Panama,0.0,0.0
2026-07-21T23:53Z,Qatar,0.0,0.0
2026-07-21T23:53Z,Saudi Arabia,0.0,0.0
2026-07-21T23:53Z,Scotland,0.0,0.0
2026-07-21T23:53Z,South Africa,0.0,0.0
2026-07-21T23:53Z,South Korea,0.0,0.0
2026-07-21T23:53Z,Tunisia,0.0,0.0
2026-07-21T23:53Z,Uruguay,0.0,0.0
2026-07-21T23:53Z,Uzbekistan,0.0,0.0
2026-07-21T23:53Z,Spain,0.282,0.9995
2026-07-22T01:57Z,Argentina,0.296,0.0005
2026-07-22T01:57Z,England,0.096,0.0
2026-07-22T01:57Z,France,0.082,0.0
2026-07-22T01:57Z,Portugal,0.065,0.0
2026-07-22T01:57Z,Brazil,0.028,0.0
2026-07-22T01:57Z,Belgium,0.025,0.0
2026-07-22T01:57Z,Colombia,0.025,0.0
2026-07-22T01:57Z,Morocco,0.025,0.0
2026-07-22T01:57Z,Netherlands,0.022,0.0
2026-07-22T01:57Z,Germany,0.019,0.0
2026-07-22T01:57Z,Norway,0.008,0.0
2026-07-22T01:57Z,Japan,0.007,0.0
2026-07-22T01:57Z,Switzerland,0.006,0.0
2026-07-22T01:57Z,Senegal,0.004,0.0
2026-07-22T01:57Z,Croatia,0.003,0.0
2026-07-22T01:57Z,Ivory Coast,0.002,0.0
2026-07-22T01:57Z,United States,0.002,0.0
2026-07-22T01:57Z,Australia,0.001,0.0
2026-07-22T01:57Z,Paraguay,0.001,0.0
2026-07-22T01:57Z,Sweden,0.001,0.0
2026-07-22T01:57Z,Algeria,0.0,0.0
2026-07-22T01:57Z,Austria,0.0,0.0
2026-07-22T01:57Z,Bosnia and Herzegovina,0.0,0.0
2026-07-22T01:57Z,Canada,0.0,0.0
2026-07-22T01:57Z,Cape Verde,0.0,0.0
2026-07-22T01:57Z,Curaçao,0.0,0.0
2026-07-22T01:57Z,Czech Republic,0.0,0.0
2026-07-22T01:57Z,DR Congo,0.0,0.0
2026-07-22T01:57Z,Ecuador,0.0,0.0
2026-07-22T01:57Z,Egypt,0.0,0.0
2026-07-22T01:57Z,Ghana,0.0,0.0
2026-07-22T01:57Z,Haiti,0.0,0.0
2026-07-22T01:57Z,Iran,0.0,0.0
2026-07-22T01:57Z,Iraq,0.0,0.0
2026-07-22T01:57Z,Jordan,0.0,0.0
2026-07-22T01:57Z,Mexico,0.0,0.0
2026-07-22T01:57Z,New Zealand,0.0,0.0
2026-07-22T01:57Z,Panama,0.0,0.0
2026-07-22T01:57Z,Qatar,0.0,0.0
2026-07-22T01:57Z,Saudi Arabia,0.0,0.0
2026-07-22T01:57Z,Scotland,0.0,0.0
2026-07-22T01:57Z,South Africa,0.0,0.0
2026-07-22T01:57Z,South Korea,0.0,0.0
2026-07-22T01:57Z,Tunisia,0.0,0.0
2026-07-22T01:57Z,Uruguay,0.0,0.0
2026-07-22T01:57Z,Uzbekistan,0.0,0.0
2026-07-22T01:57Z,Spain,0.282,0.9995
2026-07-22T05:15Z,Argentina,0.296,0.0005
2026-07-22T05:15Z,England,0.096,0.0
2026-07-22T05:15Z,France,0.082,0.0
2026-07-22T05:15Z,Portugal,0.065,0.0
2026-07-22T05:15Z,Brazil,0.028,0.0
2026-07-22T05:15Z,Belgium,0.025,0.0
2026-07-22T05:15Z,Colombia,0.025,0.0
2026-07-22T05:15Z,Morocco,0.025,0.0
2026-07-22T05:15Z,Netherlands,0.022,0.0
2026-07-22T05:15Z,Germany,0.019,0.0
2026-07-22T05:15Z,Norway,0.008,0.0
2026-07-22T05:15Z,Japan,0.007,0.0
2026-07-22T05:15Z,Switzerland,0.006,0.0
2026-07-22T05:15Z,Senegal,0.004,0.0
2026-07-22T05:15Z,Croatia,0.003,0.0
2026-07-22T05:15Z,Ivory Coast,0.002,0.0
2026-07-22T05:15Z,United States,0.002,0.0
2026-07-22T05:15Z,Australia,0.001,0.0
2026-07-22T05:15Z,Paraguay,0.001,0.0
2026-07-22T05:15Z,Sweden,0.001,0.0
2026-07-22T05:15Z,Algeria,0.0,0.0
2026-07-22T05:15Z,Austria,0.0,0.0
2026-07-22T05:15Z,Bosnia and Herzegovina,0.0,0.0
2026-07-22T05:15Z,Canada,0.0,0.0
2026-07-22T05:15Z,Cape Verde,0.0,0.0
2026-07-22T05:15Z,Curaçao,0.0,0.0
2026-07-22T05:15Z,Czech Republic,0.0,0.0
2026-07-22T05:15Z,DR Congo,0.0,0.0
2026-07-22T05:15Z,Ecuador,0.0,0.0
2026-07-22T05:15Z,Egypt,0.0,0.0
2026-07-22T05:15Z,Ghana,0.0,0.0
2026-07-22T05:15Z,Haiti,0.0,0.0
2026-07-22T05:15Z,Iran,0.0,0.0
2026-07-22T05:15Z,Iraq,0.0,0.0
2026-07-22T05:15Z,Jordan,0.0,0.0
2026-07-22T05:15Z,Mexico,0.0,0.0
2026-07-22T05:15Z,New Zealand,0.0,0.0
2026-07-22T05:15Z,Panama,0.0,0.0
2026-07-22T05:15Z,Qatar,0.0,0.0
2026-07-22T05:15Z,Saudi Arabia,0.0,0.0
2026-07-22T05:15Z,Scotland,0.0,0.0
2026-07-22T05:15Z,South Africa,0.0,0.0
2026-07-22T05:15Z,South Korea,0.0,0.0
2026-07-22T05:15Z,Tunisia,0.0,0.0
2026-07-22T05:15Z,Uruguay,0.0,0.0
2026-07-22T05:15Z,Uzbekistan,0.0,0.0
2026-07-22T05:15Z,Spain,0.282,0.9995
2026-07-22T07:45Z,Argentina,0.296,0.0005
2026-07-22T07:45Z,England,0.096,0.0
2026-07-22T07:45Z,France,0.082,0.0
2026-07-22T07:45Z,Portugal,0.065,0.0
2026-07-22T07:45Z,Brazil,0.028,0.0
2026-07-22T07:45Z,Belgium,0.025,0.0
2026-07-22T07:45Z,Colombia,0.025,0.0
2026-07-22T07:45Z,Morocco,0.025,0.0
2026-07-22T07:45Z,Netherlands,0.022,0.0
2026-07-22T07:45Z,Germany,0.019,0.0
2026-07-22T07:45Z,Norway,0.008,0.0
2026-07-22T07:45Z,Japan,0.007,0.0
2026-07-22T07:45Z,Switzerland,0.006,0.0
2026-07-22T07:45Z,Senegal,0.004,0.0
2026-07-22T07:45Z,Croatia,0.003,0.0
2026-07-22T07:45Z,Ivory Coast,0.002,0.0
2026-07-22T07:45Z,United States,0.002,0.0
2026-07-22T07:45Z,Australia,0.001,0.0
2026-07-22T07:45Z,Paraguay,0.001,0.0
2026-07-22T07:45Z,Sweden,0.001,0.0
2026-07-22T07:45Z,Algeria,0.0,0.0
2026-07-22T07:45Z,Austria,0.0,0.0
2026-07-22T07:45Z,Bosnia and Herzegovina,0.0,0.0
2026-07-22T07:45Z,Canada,0.0,0.0
2026-07-22T07:45Z,Cape Verde,0.0,0.0
2026-07-22T07:45Z,Curaçao,0.0,0.0
2026-07-22T07:45Z,Czech Republic,0.0,0.0
2026-07-22T07:45Z,DR Congo,0.0,0.0
2026-07-22T07:45Z,Ecuador,0.0,0.0
2026-07-22T07:45Z,Egypt,0.0,0.0
2026-07-22T07:45Z,Ghana,0.0,0.0
2026-07-22T07:45Z,Haiti,0.0,0.0
2026-07-22T07:45Z,Iran,0.0,0.0
2026-07-22T07:45Z,Iraq,0.0,0.0
2026-07-22T07:45Z,Jordan,0.0,0.0
2026-07-22T07:45Z,Mexico,0.0,0.0
2026-07-22T07:45Z,New Zealand,0.0,0.0
2026-07-22T07:45Z,Panama,0.0,0.0
2026-07-22T07:45Z,Qatar,0.0,0.0
2026-07-22T07:45Z,Saudi Arabia,0.0,0.0
2026-07-22T07:45Z,Scotland,0.0,0.0
2026-07-22T07:45Z,South Africa,0.0,0.0
2026-07-22T07:45Z,South Korea,0.0,0.0
2026-07-22T07:45Z,Tunisia,0.0,0.0
2026-07-22T07:45Z,Uruguay,0.0,0.0
2026-07-22T07:45Z,Uzbekistan,0.0,0.0
2026-07-22T07:45Z,Spain,0.282,0.9995
2026-07-22T10:19Z,Argentina,0.296,0.0005
2026-07-22T10:19Z,England,0.096,0.0
2026-07-22T10:19Z,France,0.082,0.0
2026-07-22T10:19Z,Portugal,0.065,0.0
2026-07-22T10:19Z,Brazil,0.028,0.0
2026-07-22T10:19Z,Belgium,0.025,0.0
2026-07-22T10:19Z,Colombia,0.025,0.0
2026-07-22T10:19Z,Morocco,0.025,0.0
2026-07-22T10:19Z,Netherlands,0.022,0.0
2026-07-22T10:19Z,Germany,0.019,0.0
2026-07-22T10:19Z,Norway,0.008,0.0
2026-07-22T10:19Z,Japan,0.007,0.0
2026-07-22T10:19Z,Switzerland,0.006,0.0
2026-07-22T10:19Z,Senegal,0.004,0.0
2026-07-22T10:19Z,Croatia,0.003,0.0
2026-07-22T10:19Z,Ivory Coast,0.002,0.0
2026-07-22T10:19Z,United States,0.002,0.0
2026-07-22T10:19Z,Australia,0.001,0.0
2026-07-22T10:19Z,Paraguay,0.001,0.0
2026-07-22T10:19Z,Sweden,0.001,0.0
2026-07-22T10:19Z,Algeria,0.0,0.0
2026-07-22T10:19Z,Austria,0.0,0.0
2026-07-22T10:19Z,Bosnia and Herzegovina,0.0,0.0
2026-07-22T10:19Z,Canada,0.0,0.0
2026-07-22T10:19Z,Cape Verde,0.0,0.0
2026-07-22T10:19Z,Curaçao,0.0,0.0
2026-07-22T10:19Z,Czech Republic,0.0,0.0
2026-07-22T10:19Z,DR Congo,0.0,0.0
2026-07-22T10:19Z,Ecuador,0.0,0.0
2026-07-22T10:19Z,Egypt,0.0,0.0
2026-07-22T10:19Z,Ghana,0.0,0.0
2026-07-22T10:19Z,Haiti,0.0,0.0
2026-07-22T10:19Z,Iran,0.0,0.0
2026-07-22T10:19Z,Iraq,0.0,0.0
2026-07-22T10:19Z,Jordan,0.0,0.0
2026-07-22T10:19Z,Mexico,0.0,0.0
2026-07-22T10:19Z,New Zealand,0.0,0.0
2026-07-22T10:19Z,Panama,0.0,0.0
2026-07-22T10:19Z,Qatar,0.0,0.0
2026-07-22T10:19Z,Saudi Arabia,0.0,0.0
2026-07-22T10:19Z,Scotland,0.0,0.0
2026-07-22T10:19Z,South Africa,0.0,0.0
2026-07-22T10:19Z,South Korea,0.0,0.0
2026-07-22T10:19Z,Tunisia,0.0,0.0
2026-07-22T10:19Z,Uruguay,0.0,0.0
2026-07-22T10:19Z,Uzbekistan,0.0,0.0
2026-07-22T10:19Z,Spain,0.282,0.9995
2026-07-22T12:09Z,Argentina,0.296,0.0005
2026-07-22T12:09Z,England,0.096,0.0
2026-07-22T12:09Z,France,0.082,0.0
2026-07-22T12:09Z,Portugal,0.065,0.0
2026-07-22T12:09Z,Brazil,0.028,0.0
2026-07-22T12:09Z,Belgium,0.025,0.0
2026-07-22T12:09Z,Colombia,0.025,0.0
2026-07-22T12:09Z,Morocco,0.025,0.0
2026-07-22T12:09Z,Netherlands,0.022,0.0
2026-07-22T12:09Z,Germany,0.019,0.0
2026-07-22T12:09Z,Norway,0.008,0.0
2026-07-22T12:09Z,Japan,0.007,0.0
2026-07-22T12:09Z,Switzerland,0.006,0.0
2026-07-22T12:09Z,Senegal,0.004,0.0
2026-07-22T12:09Z,Croatia,0.003,0.0
2026-07-22T12:09Z,Ivory Coast,0.002,0.0
2026-07-22T12:09Z,United States,0.002,0.0
2026-07-22T12:09Z,Australia,0.001,0.0
2026-07-22T12:09Z,Paraguay,0.001,0.0
2026-07-22T12:09Z,Sweden,0.001,0.0
2026-07-22T12:09Z,Algeria,0.0,0.0
2026-07-22T12:09Z,Austria,0.0,0.0
2026-07-22T12:09Z,Bosnia and Herzegovina,0.0,0.0
2026-07-22T12:09Z,Canada,0.0,0.0
2026-07-22T12:09Z,Cape Verde,0.0,0.0
2026-07-22T12:09Z,Curaçao,0.0,0.0
2026-07-22T12:09Z,Czech Republic,0.0,0.0
2026-07-22T12:09Z,DR Congo,0.0,0.0
2026-07-22T12:09Z,Ecuador,0.0,0.0
2026-07-22T12:09Z,Egypt,0.0,0.0
2026-07-22T12:09Z,Ghana,0.0,0.0
2026-07-22T12:09Z,Haiti,0.0,0.0
2026-07-22T12:09Z,Iran,0.0,0.0
2026-07-22T12:09Z,Iraq,0.0,0.0
2026-07-22T12:09Z,Jordan,0.0,0.0
2026-07-22T12:09Z,Mexico,0.0,0.0
2026-07-22T12:09Z,New Zealand,0.0,0.0
2026-07-22T12:09Z,Panama,0.0,0.0
2026-07-22T12:09Z,Qatar,0.0,0.0
2026-07-22T12:09Z,Saudi Arabia,0.0,0.0
2026-07-22T12:09Z,Scotland,0.0,0.0
2026-07-22T12:09Z,South Africa,0.0,0.0
2026-07-22T12:09Z,South Korea,0.0,0.0
2026-07-22T12:09Z,Tunisia,0.0,0.0
2026-07-22T12:09Z,Uruguay,0.0,0.0
2026-07-22T12:09Z,Uzbekistan,0.0,0.0
2026-07-22T12:09Z,Spain,0.282,0.9995
2026-07-22T14:26Z,Argentina,0.296,0.0005
2026-07-22T14:26Z,England,0.096,0.0
2026-07-22T14:26Z,France,0.082,0.0
2026-07-22T14:26Z,Portugal,0.065,0.0
2026-07-22T14:26Z,Brazil,0.028,0.0
2026-07-22T14:26Z,Belgium,0.025,0.0
2026-07-22T14:26Z,Colombia,0.025,0.0
2026-07-22T14:26Z,Morocco,0.025,0.0
2026-07-22T14:26Z,Netherlands,0.022,0.0
2026-07-22T14:26Z,Germany,0.019,0.0
2026-07-22T14:26Z,Norway,0.008,0.0
2026-07-22T14:26Z,Japan,0.007,0.0
2026-07-22T14:26Z,Switzerland,0.006,0.0
2026-07-22T14:26Z,Senegal,0.004,0.0
2026-07-22T14:26Z,Croatia,0.003,0.0
2026-07-22T14:26Z,Ivory Coast,0.002,0.0
2026-07-22T14:26Z,United States,0.002,0.0
2026-07-22T14:26Z,Australia,0.001,0.0
2026-07-22T14:26Z,Paraguay,0.001,0.0
2026-07-22T14:26Z,Sweden,0.001,0.0
2026-07-22T14:26Z,Algeria,0.0,0.0
2026-07-22T14:26Z,Austria,0.0,0.0
2026-07-22T14:26Z,Bosnia and Herzegovina,0.0,0.0
2026-07-22T14:26Z,Canada,0.0,0.0
2026-07-22T14:26Z,Cape Verde,0.0,0.0
2026-07-22T14:26Z,Curaçao,0.0,0.0
2026-07-22T14:26Z,Czech Republic,0.0,0.0
2026-07-22T14:26Z,DR Congo,0.0,0.0
2026-07-22T14:26Z,Ecuador,0.0,0.0
2026-07-22T14:26Z,Egypt,0.0,0.0
2026-07-22T14:26Z,Ghana,0.0,0.0
2026-07-22T14:26Z,Haiti,0.0,0.0
2026-07-22T14:26Z,Iran,0.0,0.0
2026-07-22T14:26Z,Iraq,0.0,0.0
2026-07-22T14:26Z,Jordan,0.0,0.0
2026-07-22T14:26Z,Mexico,0.0,0.0
2026-07-22T14:26Z,New Zealand,0.0,0.0
2026-07-22T14:26Z,Panama,0.0,0.0
2026-07-22T14:26Z,Qatar,0.0,0.0
2026-07-22T14:26Z,Saudi Arabia,0.0,0.0
2026-07-22T14:26Z,Scotland,0.0,0.0
2026-07-22T14:26Z,South Africa,0.0,0.0
2026-07-22T14:26Z,South Korea,0.0,0.0
2026-07-22T14:26Z,Tunisia,0.0,0.0
2026-07-22T14:26Z,Uruguay,0.0,0.0
2026-07-22T14:26Z,Uzbekistan,0.0,0.0
2026-07-22T14:26Z,Spain,0.282,0.9995
2026-07-22T16:06Z,Argentina,0.296,0.0005
2026-07-22T16:06Z,England,0.096,0.0
2026-07-22T16:06Z,France,0.082,0.0
2026-07-22T16:06Z,Portugal,0.065,0.0
2026-07-22T16:06Z,Brazil,0.028,0.0
2026-07-22T16:06Z,Belgium,0.025,0.0
2026-07-22T16:06Z,Colombia,0.025,0.0
2026-07-22T16:06Z,Morocco,0.025,0.0
2026-07-22T16:06Z,Netherlands,0.022,0.0
2026-07-22T16:06Z,Germany,0.019,0.0
2026-07-22T16:06Z,Norway,0.008,0.0
2026-07-22T16:06Z,Japan,0.007,0.0
2026-07-22T16:06Z,Switzerland,0.006,0.0
2026-07-22T16:06Z,Senegal,0.004,0.0
2026-07-22T16:06Z,Croatia,0.003,0.0
2026-07-22T16:06Z,Ivory Coast,0.002,0.0
2026-07-22T16:06Z,United States,0.002,0.0
2026-07-22T16:06Z,Australia,0.001,0.0
2026-07-22T16:06Z,Paraguay,0.001,0.0
2026-07-22T16:06Z,Sweden,0.001,0.0
2026-07-22T16:06Z,Algeria,0.0,0.0
2026-07-22T16:06Z,Austria,0.0,0.0
2026-07-22T16:06Z,Bosnia and Herzegovina,0.0,0.0
2026-07-22T16:06Z,Canada,0.0,0.0
2026-07-22T16:06Z,Cape Verde,0.0,0.0
2026-07-22T16:06Z,Curaçao,0.0,0.0
2026-07-22T16:06Z,Czech Republic,0.0,0.0
2026-07-22T16:06Z,DR Congo,0.0,0.0
2026-07-22T16:06Z,Ecuador,0.0,0.0
2026-07-22T16:06Z,Egypt,0.0,0.0
2026-07-22T16:06Z,Ghana,0.0,0.0
2026-07-22T16:06Z,Haiti,0.0,0.0
2026-07-22T16:06Z,Iran,0.0,0.0
2026-07-22T16:06Z,Iraq,0.0,0.0
2026-07-22T16:06Z,Jordan,0.0,0.0
2026-07-22T16:06Z,Mexico,0.0,0.0
2026-07-22T16:06Z,New Zealand,0.0,0.0
2026-07-22T16:06Z,Panama,0.0,0.0
2026-07-22T16:06Z,Qatar,0.0,0.0
2026-07-22T16:06Z,Saudi Arabia,0.0,0.0
2026-07-22T16:06Z,Scotland,0.0,0.0
2026-07-22T16:06Z,South Africa,0.0,0.0
2026-07-22T16:06Z,South Korea,0.0,0.0
2026-07-22T16:06Z,Tunisia,0.0,0.0
2026-07-22T16:06Z,Uruguay,0.0,0.0
2026-07-22T16:06Z,Uzbekistan,0.0,0.0
2026-07-22T16:06Z,Spain,0.282,0.9995
2026-07-22T17:44Z,Argentina,0.296,0.0005
2026-07-22T17:44Z,England,0.096,0.0
2026-07-22T17:44Z,France,0.082,0.0
2026-07-22T17:44Z,Portugal,0.065,0.0
2026-07-22T17:44Z,Brazil,0.028,0.0
2026-07-22T17:44Z,Belgium,0.025,0.0
2026-07-22T17:44Z,Colombia,0.025,0.0
2026-07-22T17:44Z,Morocco,0.025,0.0
2026-07-22T17:44Z,Netherlands,0.022,0.0
2026-07-22T17:44Z,Germany,0.019,0.0
2026-07-22T17:44Z,Norway,0.008,0.0
2026-07-22T17:44Z,Japan,0.007,0.0
2026-07-22T17:44Z,Switzerland,0.006,0.0
2026-07-22T17:44Z,Senegal,0.004,0.0
2026-07-22T17:44Z,Croatia,0.003,0.0
2026-07-22T17:44Z,Ivory Coast,0.002,0.0
2026-07-22T17:44Z,United States,0.002,0.0
2026-07-22T17:44Z,Australia,0.001,0.0
2026-07-22T17:44Z,Paraguay,0.001,0.0
2026-07-22T17:44Z,Sweden,0.001,0.0
2026-07-22T17:44Z,Algeria,0.0,0.0
2026-07-22T17:44Z,Austria,0.0,0.0
2026-07-22T17:44Z,Bosnia and Herzegovina,0.0,0.0
2026-07-22T17:44Z,Canada,0.0,0.0
2026-07-22T17:44Z,Cape Verde,0.0,0.0
2026-07-22T17:44Z,Curaçao,0.0,0.0
2026-07-22T17:44Z,Czech Republic,0.0,0.0
2026-07-22T17:44Z,DR Congo,0.0,0.0
2026-07-22T17:44Z,Ecuador,0.0,0.0
2026-07-22T17:44Z,Egypt,0.0,0.0
2026-07-22T17:44Z,Ghana,0.0,0.0
2026-07-22T17:44Z,Haiti,0.0,0.0
2026-07-22T17:44Z,Iran,0.0,0.0
2026-07-22T17:44Z,Iraq,0.0,0.0
2026-07-22T17:44Z,Jordan,0.0,0.0
2026-07-22T17:44Z,Mexico,0.0,0.0
2026-07-22T17:44Z,New Zealand,0.0,0.0
2026-07-22T17:44Z,Panama,0.0,0.0
2026-07-22T17:44Z,Qatar,0.0,0.0
2026-07-22T17:44Z,Saudi Arabia,0.0,0.0
2026-07-22T17:44Z,Scotland,0.0,0.0
2026-07-22T17:44Z,South Africa,0.0,0.0
2026-07-22T17:44Z,South Korea,0.0,0.0
2026-07-22T17:44Z,Tunisia,0.0,0.0
2026-07-22T17:44Z,Uruguay,0.0,0.0
2026-07-22T17:44Z,Uzbekistan,0.0,0.0
2026-07-22T17:44Z,Spain,0.282,0.9995
2026-07-22T19:02Z,Argentina,0.296,0.0005
2026-07-22T19:02Z,England,0.096,0.0
2026-07-22T19:02Z,France,0.082,0.0
2026-07-22T19:02Z,Portugal,0.065,0.0
2026-07-22T19:02Z,Brazil,0.028,0.0
2026-07-22T19:02Z,Belgium,0.025,0.0
2026-07-22T19:02Z,Colombia,0.025,0.0
2026-07-22T19:02Z,Morocco,0.025,0.0
2026-07-22T19:02Z,Netherlands,0.022,0.0
2026-07-22T19:02Z,Germany,0.019,0.0
2026-07-22T19:02Z,Norway,0.008,0.0
2026-07-22T19:02Z,Japan,0.007,0.0
2026-07-22T19:02Z,Switzerland,0.006,0.0
2026-07-22T19:02Z,Senegal,0.004,0.0
2026-07-22T19:02Z,Croatia,0.003,0.0
2026-07-22T19:02Z,Ivory Coast,0.002,0.0
2026-07-22T19:02Z,United States,0.002,0.0
2026-07-22T19:02Z,Australia,0.001,0.0
2026-07-22T19:02Z,Paraguay,0.001,0.0
2026-07-22T19:02Z,Sweden,0.001,0.0
2026-07-22T19:02Z,Algeria,0.0,0.0
2026-07-22T19:02Z,Austria,0.0,0.0
2026-07-22T19:02Z,Bosnia and Herzegovina,0.0,0.0
2026-07-22T19:02Z,Canada,0.0,0.0
2026-07-22T19:02Z,Cape Verde,0.0,0.0
2026-07-22T19:02Z,Curaçao,0.0,0.0
2026-07-22T19:02Z,Czech Republic,0.0,0.0
2026-07-22T19:02Z,DR Congo,0.0,0.0
2026-07-22T19:02Z,Ecuador,0.0,0.0
2026-07-22T19:02Z,Egypt,0.0,0.0
2026-07-22T19:02Z,Ghana,0.0,0.0
2026-07-22T19:02Z,Haiti,0.0,0.0
2026-07-22T19:02Z,Iran,0.0,0.0
2026-07-22T19:02Z,Iraq,0.0,0.0
2026-07-22T19:02Z,Jordan,0.0,0.0
2026-07-22T19:02Z,Mexico,0.0,0.0
2026-07-22T19:02Z,New Zealand,0.0,0.0
2026-07-22T19:02Z,Panama,0.0,0.0
2026-07-22T19:02Z,Qatar,0.0,0.0
2026-07-22T19:02Z,Saudi Arabia,0.0,0.0
2026-07-22T19:02Z,Scotland,0.0,0.0
2026-07-22T19:02Z,South Africa,0.0,0.0
2026-07-22T19:02Z,South Korea,0.0,0.0
2026-07-22T19:02Z,Tunisia,0.0,0.0
2026-07-22T19:02Z,Uruguay,0.0,0.0
2026-07-22T19:02Z,Uzbekistan,0.0,0.0
2026-07-22T19:02Z,Spain,0.282,0.9995
2026-07-22T20:39Z,Argentina,0.296,0.0005
2026-07-22T20:39Z,England,0.096,0.0
2026-07-22T20:39Z,France,0.082,0.0
2026-07-22T20:39Z,Portugal,0.065,0.0
2026-07-22T20:39Z,Brazil,0.028,0.0
2026-07-22T20:39Z,Belgium,0.025,0.0
2026-07-22T20:39Z,Colombia,0.025,0.0
2026-07-22T20:39Z,Morocco,0.025,0.0
2026-07-22T20:39Z,Netherlands,0.022,0.0
2026-07-22T20:39Z,Germany,0.019,0.0
2026-07-22T20:39Z,Norway,0.008,0.0
2026-07-22T20:39Z,Japan,0.007,0.0
2026-07-22T20:39Z,Switzerland,0.006,0.0
2026-07-22T20:39Z,Senegal,0.004,0.0
2026-07-22T20:39Z,Croatia,0.003,0.0
2026-07-22T20:39Z,Ivory Coast,0.002,0.0
2026-07-22T20:39Z,United States,0.002,0.0
2026-07-22T20:39Z,Australia,0.001,0.0
2026-07-22T20:39Z,Paraguay,0.001,0.0
2026-07-22T20:39Z,Sweden,0.001,0.0
2026-07-22T20:39Z,Algeria,0.0,0.0
2026-07-22T20:39Z,Austria,0.0,0.0
2026-07-22T20:39Z,Bosnia and Herzegovina,0.0,0.0
2026-07-22T20:39Z,Canada,0.0,0.0
2026-07-22T20:39Z,Cape Verde,0.0,0.0
2026-07-22T20:39Z,Curaçao,0.0,0.0
2026-07-22T20:39Z,Czech Republic,0.0,0.0
2026-07-22T20:39Z,DR Congo,0.0,0.0
2026-07-22T20:39Z,Ecuador,0.0,0.0
2026-07-22T20:39Z,Egypt,0.0,0.0
2026-07-22T20:39Z,Ghana,0.0,0.0
2026-07-22T20:39Z,Haiti,0.0,0.0
2026-07-22T20:39Z,Iran,0.0,0.0
2026-07-22T20:39Z,Iraq,0.0,0.0
2026-07-22T20:39Z,Jordan,0.0,0.0
2026-07-22T20:39Z,Mexico,0.0,0.0
2026-07-22T20:39Z,New Zealand,0.0,0.0
2026-07-22T20:39Z,Panama,0.0,0.0
2026-07-22T20:39Z,Qatar,0.0,0.0
2026-07-22T20:39Z,Saudi Arabia,0.0,0.0
2026-07-22T20:39Z,Scotland,0.0,0.0
2026-07-22T20:39Z,South Africa,0.0,0.0
2026-07-22T20:39Z,South Korea,0.0,0.0
2026-07-22T20:39Z,Tunisia,0.0,0.0
2026-07-22T20:39Z,Uruguay,0.0,0.0
2026-07-22T20:39Z,Uzbekistan,0.0,0.0
2026-07-22T20:39Z,Spain,0.282,0.9995
2026-07-22T21:42Z,Argentina,0.296,0.0005
2026-07-22T21:42Z,England,0.096,0.0
2026-07-22T21:42Z,France,0.082,0.0
2026-07-22T21:42Z,Portugal,0.065,0.0
2026-07-22T21:42Z,Brazil,0.028,0.0
2026-07-22T21:42Z,Belgium,0.025,0.0
2026-07-22T21:42Z,Colombia,0.025,0.0
2026-07-22T21:42Z,Morocco,0.025,0.0
2026-07-22T21:42Z,Netherlands,0.022,0.0
2026-07-22T21:42Z,Germany,0.019,0.0
2026-07-22T21:42Z,Norway,0.008,0.0
2026-07-22T21:42Z,Japan,0.007,0.0
2026-07-22T21:42Z,Switzerland,0.006,0.0
2026-07-22T21:42Z,Senegal,0.004,0.0
2026-07-22T21:42Z,Croatia,0.003,0.0
2026-07-22T21:42Z,Ivory Coast,0.002,0.0
2026-07-22T21:42Z,United States,0.002,0.0
2026-07-22T21:42Z,Australia,0.001,0.0
2026-07-22T21:42Z,Paraguay,0.001,0.0
2026-07-22T21:42Z,Sweden,0.001,0.0
2026-07-22T21:42Z,Algeria,0.0,0.0
2026-07-22T21:42Z,Austria,0.0,0.0
2026-07-22T21:42Z,Bosnia and Herzegovina,0.0,0.0
2026-07-22T21:42Z,Canada,0.0,0.0
2026-07-22T21:42Z,Cape Verde,0.0,0.0
2026-07-22T21:42Z,Curaçao,0.0,0.0
2026-07-22T21:42Z,Czech Republic,0.0,0.0
2026-07-22T21:42Z,DR Congo,0.0,0.0
2026-07-22T21:42Z,Ecuador,0.0,0.0
2026-07-22T21:42Z,Egypt,0.0,0.0
2026-07-22T21:42Z,Ghana,0.0,0.0
2026-07-22T21:42Z,Haiti,0.0,0.0
2026-07-22T21:42Z,Iran,0.0,0.0
2026-07-22T21:42Z,Iraq,0.0,0.0
2026-07-22T21:42Z,Jordan,0.0,0.0
2026-07-22T21:42Z,Mexico,0.0,0.0
2026-07-22T21:42Z,New Zealand,0.0,0.0
2026-07-22T21:42Z,Panama,0.0,0.0
2026-07-22T21:42Z,Qatar,0.0,0.0
2026-07-22T21:42Z,Saudi Arabia,0.0,0.0
2026-07-22T21:42Z,Scotland,0.0,0.0
2026-07-22T21:42Z,South Africa,0.0,0.0
2026-07-22T21:42Z,South Korea,0.0,0.0
2026-07-22T21:42Z,Tunisia,0.0,0.0
2026-07-22T21:42Z,Uruguay,0.0,0.0
2026-07-22T21:42Z,Uzbekistan,0.0,0.0
2026-07-22T21:42Z,Spain,0.282,0.9995
2026-07-22T22:57Z,Argentina,0.296,0.0005
2026-07-22T22:57Z,England,0.096,0.0
2026-07-22T22:57Z,France,0.082,0.0
2026-07-22T22:57Z,Portugal,0.065,0.0
2026-07-22T22:57Z,Brazil,0.028,0.0
2026-07-22T22:57Z,Belgium,0.025,0.0
2026-07-22T22:57Z,Colombia,0.025,0.0
2026-07-22T22:57Z,Morocco,0.025,0.0
2026-07-22T22:57Z,Netherlands,0.022,0.0
2026-07-22T22:57Z,Germany,0.019,0.0
2026-07-22T22:57Z,Norway,0.008,0.0
2026-07-22T22:57Z,Japan,0.007,0.0
2026-07-22T22:57Z,Switzerland,0.006,0.0
2026-07-22T22:57Z,Senegal,0.004,0.0
2026-07-22T22:57Z,Croatia,0.003,0.0
2026-07-22T22:57Z,Ivory Coast,0.002,0.0
2026-07-22T22:57Z,United States,0.002,0.0
2026-07-22T22:57Z,Australia,0.001,0.0
2026-07-22T22:57Z,Paraguay,0.001,0.0
2026-07-22T22:57Z,Sweden,0.001,0.0
2026-07-22T22:57Z,Algeria,0.0,0.0
2026-07-22T22:57Z,Austria,0.0,0.0
2026-07-22T22:57Z,Bosnia and Herzegovina,0.0,0.0
2026-07-22T22:57Z,Canada,0.0,0.0
2026-07-22T22:57Z,Cape Verde,0.0,0.0
2026-07-22T22:57Z,Curaçao,0.0,0.0
2026-07-22T22:57Z,Czech Republic,0.0,0.0
2026-07-22T22:57Z,DR Congo,0.0,0.0
2026-07-22T22:57Z,Ecuador,0.0,0.0
2026-07-22T22:57Z,Egypt,0.0,0.0
2026-07-22T22:57Z,Ghana,0.0,0.0
2026-07-22T22:57Z,Haiti,0.0,0.0
2026-07-22T22:57Z,Iran,0.0,0.0
2026-07-22T22:57Z,Iraq,0.0,0.0
2026-07-22T22:57Z,Jordan,0.0,0.0
2026-07-22T22:57Z,Mexico,0.0,0.0
2026-07-22T22:57Z,New Zealand,0.0,0.0
2026-07-22T22:57Z,Panama,0.0,0.0
2026-07-22T22:57Z,Qatar,0.0,0.0
2026-07-22T22:57Z,Saudi Arabia,0.0,0.0
2026-07-22T22:57Z,Scotland,0.0,0.0
2026-07-22T22:57Z,South Africa,0.0,0.0
2026-07-22T22:57Z,South Korea,0.0,0.0
2026-07-22T22:57Z,Tunisia,0.0,0.0
2026-07-22T22:57Z,Uruguay,0.0,0.0
2026-07-22T22:57Z,Uzbekistan,0.0,0.0
2026-07-22T22:57Z,Spain,0.282,0.9995
2026-07-22T23:58Z,Argentina,0.296,0.0005
2026-07-22T23:58Z,England,0.096,0.0
2026-07-22T23:58Z,France,0.082,0.0
2026-07-22T23:58Z,Portugal,0.065,0.0
2026-07-22T23:58Z,Brazil,0.028,0.0
2026-07-22T23:58Z,Belgium,0.025,0.0
2026-07-22T23:58Z,Colombia,0.025,0.0
2026-07-22T23:58Z,Morocco,0.025,0.0
2026-07-22T23:58Z,Netherlands,0.022,0.0
2026-07-22T23:58Z,Germany,0.019,0.0
2026-07-22T23:58Z,Norway,0.008,0.0
2026-07-22T23:58Z,Japan,0.007,0.0
2026-07-22T23:58Z,Switzerland,0.006,0.0
2026-07-22T23:58Z,Senegal,0.004,0.0
2026-07-22T23:58Z,Croatia,0.003,0.0
2026-07-22T23:58Z,Ivory Coast,0.002,0.0
2026-07-22T23:58Z,United States,0.002,0.0
2026-07-22T23:58Z,Australia,0.001,0.0
2026-07-22T23:58Z,Paraguay,0.001,0.0
2026-07-22T23:58Z,Sweden,0.001,0.0
2026-07-22T23:58Z,Algeria,0.0,0.0
2026-07-22T23:58Z,Austria,0.0,0.0
2026-07-22T23:58Z,Bosnia and Herzegovina,0.0,0.0
2026-07-22T23:58Z,Canada,0.0,0.0
2026-07-22T23:58Z,Cape Verde,0.0,0.0
2026-07-22T23:58Z,Curaçao,0.0,0.0
2026-07-22T23:58Z,Czech Republic,0.0,0.0
2026-07-22T23:58Z,DR Congo,0.0,0.0
2026-07-22T23:58Z,Ecuador,0.0,0.0
2026-07-22T23:58Z,Egypt,0.0,0.0
2026-07-22T23:58Z,Ghana,0.0,0.0
2026-07-22T23:58Z,Haiti,0.0,0.0
2026-07-22T23:58Z,Iran,0.0,0.0
2026-07-22T23:58Z,Iraq,0.0,0.0
2026-07-22T23:58Z,Jordan,0.0,0.0
2026-07-22T23:58Z,Mexico,0.0,0.0
2026-07-22T23:58Z,New Zealand,0.0,0.0
2026-07-22T23:58Z,Panama,0.0,0.0
2026-07-22T23:58Z,Qatar,0.0,0.0
2026-07-22T23:58Z,Saudi Arabia,0.0,0.0
2026-07-22T23:58Z,Scotland,0.0,0.0
2026-07-22T23:58Z,South Africa,0.0,0.0
2026-07-22T23:58Z,South Korea,0.0,0.0
2026-07-22T23:58Z,Tunisia,0.0,0.0
2026-07-22T23:58Z,Uruguay,0.0,0.0
2026-07-22T23:58Z,Uzbekistan,0.0,0.0
2026-07-22T23:58Z,Spain,0.282,0.9995
2026-07-23T02:12Z,Argentina,0.296,0.0005
2026-07-23T02:12Z,England,0.096,0.0
2026-07-23T02:12Z,France,0.082,0.0
2026-07-23T02:12Z,Portugal,0.065,0.0
2026-07-23T02:12Z,Brazil,0.028,0.0
2026-07-23T02:12Z,Belgium,0.025,0.0
2026-07-23T02:12Z,Colombia,0.025,0.0
2026-07-23T02:12Z,Morocco,0.025,0.0
2026-07-23T02:12Z,Netherlands,0.022,0.0
2026-07-23T02:12Z,Germany,0.019,0.0
2026-07-23T02:12Z,Norway,0.008,0.0
2026-07-23T02:12Z,Japan,0.007,0.0
2026-07-23T02:12Z,Switzerland,0.006,0.0
2026-07-23T02:12Z,Senegal,0.004,0.0
2026-07-23T02:12Z,Croatia,0.003,0.0
2026-07-23T02:12Z,Ivory Coast,0.002,0.0
2026-07-23T02:12Z,United States,0.002,0.0
2026-07-23T02:12Z,Australia,0.001,0.0
2026-07-23T02:12Z,Paraguay,0.001,0.0
2026-07-23T02:12Z,Sweden,0.001,0.0
2026-07-23T02:12Z,Algeria,0.0,0.0
2026-07-23T02:12Z,Austria,0.0,0.0
2026-07-23T02:12Z,Bosnia and Herzegovina,0.0,0.0
2026-07-23T02:12Z,Canada,0.0,0.0
2026-07-23T02:12Z,Cape Verde,0.0,0.0
2026-07-23T02:12Z,Curaçao,0.0,0.0
2026-07-23T02:12Z,Czech Republic,0.0,0.0
2026-07-23T02:12Z,DR Congo,0.0,0.0
2026-07-23T02:12Z,Ecuador,0.0,0.0
2026-07-23T02:12Z,Egypt,0.0,0.0
2026-07-23T02:12Z,Ghana,0.0,0.0
2026-07-23T02:12Z,Haiti,0.0,0.0
2026-07-23T02:12Z,Iran,0.0,0.0
2026-07-23T02:12Z,Iraq,0.0,0.0
2026-07-23T02:12Z,Jordan,0.0,0.0
2026-07-23T02:12Z,Mexico,0.0,0.0
2026-07-23T02:12Z,New Zealand,0.0,0.0
2026-07-23T02:12Z,Panama,0.0,0.0
2026-07-23T02:12Z,Qatar,0.0,0.0
2026-07-23T02:12Z,Saudi Arabia,0.0,0.0
2026-07-23T02:12Z,Scotland,0.0,0.0
2026-07-23T02:12Z,South Africa,0.0,0.0
2026-07-23T02:12Z,South Korea,0.0,0.0
2026-07-23T02:12Z,Tunisia,0.0,0.0
2026-07-23T02:12Z,Uruguay,0.0,0.0
2026-07-23T02:12Z,Uzbekistan,0.0,0.0
2026-07-23T02:12Z,Spain,0.282,0.9995
2026-07-23T05:37Z,Argentina,0.296,0.0005
2026-07-23T05:37Z,England,0.096,0.0
2026-07-23T05:37Z,France,0.082,0.0
2026-07-23T05:37Z,Portugal,0.065,0.0
2026-07-23T05:37Z,Brazil,0.028,0.0
2026-07-23T05:37Z,Belgium,0.025,0.0
2026-07-23T05:37Z,Colombia,0.025,0.0
2026-07-23T05:37Z,Morocco,0.025,0.0
2026-07-23T05:37Z,Netherlands,0.022,0.0
2026-07-23T05:37Z,Germany,0.019,0.0
2026-07-23T05:37Z,Norway,0.008,0.0
2026-07-23T05:37Z,Japan,0.007,0.0
2026-07-23T05:37Z,Switzerland,0.006,0.0
2026-07-23T05:37Z,Senegal,0.004,0.0
2026-07-23T05:37Z,Croatia,0.003,0.0
2026-07-23T05:37Z,Ivory Coast,0.002,0.0
2026-07-23T05:37Z,United States,0.002,0.0
2026-07-23T05:37Z,Australia,0.001,0.0
2026-07-23T05:37Z,Paraguay,0.001,0.0
2026-07-23T05:37Z,Sweden,0.001,0.0
2026-07-23T05:37Z,Algeria,0.0,0.0
2026-07-23T05:37Z,Austria,0.0,0.0
2026-07-23T05:37Z,Bosnia and Herzegovina,0.0,0.0
2026-07-23T05:37Z,Canada,0.0,0.0
2026-07-23T05:37Z,Cape Verde,0.0,0.0
2026-07-23T05:37Z,Curaçao,0.0,0.0
2026-07-23T05:37Z,Czech Republic,0.0,0.0
2026-07-23T05:37Z,DR Congo,0.0,0.0
2026-07-23T05:37Z,Ecuador,0.0,0.0
2026-07-23T05:37Z,Egypt,0.0,0.0
2026-07-23T05:37Z,Ghana,0.0,0.0
2026-07-23T05:37Z,Haiti,0.0,0.0
2026-07-23T05:37Z,Iran,0.0,0.0
2026-07-23T05:37Z,Iraq,0.0,0.0
2026-07-23T05:37Z,Jordan,0.0,0.0
2026-07-23T05:37Z,Mexico,0.0,0.0
2026-07-23T05:37Z,New Zealand,0.0,0.0
2026-07-23T05:37Z,Panama,0.0,0.0
2026-07-23T05:37Z,Qatar,0.0,0.0
2026-07-23T05:37Z,Saudi Arabia,0.0,0.0
2026-07-23T05:37Z,Scotland,0.0,0.0
2026-07-23T05:37Z,South Africa,0.0,0.0
2026-07-23T05:37Z,South Korea,0.0,0.0
2026-07-23T05:37Z,Tunisia,0.0,0.0
2026-07-23T05:37Z,Uruguay,0.0,0.0
2026-07-23T05:37Z,Uzbekistan,0.0,0.0
2026-07-23T05:37Z,Spain,0.282,0.9995
2026-07-23T08:01Z,Argentina,0.296,0.0005
2026-07-23T08:01Z,England,0.096,0.0
2026-07-23T08:01Z,France,0.082,0.0
2026-07-23T08:01Z,Portugal,0.065,0.0
2026-07-23T08:01Z,Brazil,0.028,0.0
2026-07-23T08:01Z,Belgium,0.025,0.0
2026-07-23T08:01Z,Colombia,0.025,0.0
2026-07-23T08:01Z,Morocco,0.025,0.0
2026-07-23T08:01Z,Netherlands,0.022,0.0
2026-07-23T08:01Z,Germany,0.019,0.0
2026-07-23T08:01Z,Norway,0.008,0.0
2026-07-23T08:01Z,Japan,0.007,0.0
2026-07-23T08:01Z,Switzerland,0.006,0.0
2026-07-23T08:01Z,Senegal,0.004,0.0
2026-07-23T08:01Z,Croatia,0.003,0.0
2026-07-23T08:01Z,Ivory Coast,0.002,0.0
2026-07-23T08:01Z,United States,0.002,0.0
2026-07-23T08:01Z,Australia,0.001,0.0
2026-07-23T08:01Z,Paraguay,0.001,0.0
2026-07-23T08:01Z,Sweden,0.001,0.0
2026-07-23T08:01Z,Algeria,0.0,0.0
2026-07-23T08:01Z,Austria,0.0,0.0
2026-07-23T08:01Z,Bosnia and Herzegovina,0.0,0.0
2026-07-23T08:01Z,Canada,0.0,0.0
2026-07-23T08:01Z,Cape Verde,0.0,0.0
2026-07-23T08:01Z,Curaçao,0.0,0.0
2026-07-23T08:01Z,Czech Republic,0.0,0.0
2026-07-23T08:01Z,DR Congo,0.0,0.0
2026-07-23T08:01Z,Ecuador,0.0,0.0
2026-07-23T08:01Z,Egypt,0.0,0.0
2026-07-23T08:01Z,Ghana,0.0,0.0
2026-07-23T08:01Z,Haiti,0.0,0.0
2026-07-23T08:01Z,Iran,0.0,0.0
2026-07-23T08:01Z,Iraq,0.0,0.0
2026-07-23T08:01Z,Jordan,0.0,0.0
2026-07-23T08:01Z,Mexico,0.0,0.0
2026-07-23T08:01Z,New Zealand,0.0,0.0
2026-07-23T08:01Z,Panama,0.0,0.0
2026-07-23T08:01Z,Qatar,0.0,0.0
2026-07-23T08:01Z,Saudi Arabia,0.0,0.0
2026-07-23T08:01Z,Scotland,0.0,0.0
2026-07-23T08:01Z,South Africa,0.0,0.0
2026-07-23T08:01Z,South Korea,0.0,0.0
2026-07-23T08:01Z,Tunisia,0.0,0.0
2026-07-23T08:01Z,Uruguay,0.0,0.0
2026-07-23T08:01Z,Uzbekistan,0.0,0.0
2026-07-23T08:01Z,Spain,0.282,0.9995
2026-07-23T10:26Z,Argentina,0.296,0.0005
2026-07-23T10:26Z,England,0.096,0.0
2026-07-23T10:26Z,France,0.082,0.0
2026-07-23T10:26Z,Portugal,0.065,0.0
2026-07-23T10:26Z,Brazil,0.028,0.0
2026-07-23T10:26Z,Belgium,0.025,0.0
2026-07-23T10:26Z,Colombia,0.025,0.0
2026-07-23T10:26Z,Morocco,0.025,0.0
2026-07-23T10:26Z,Netherlands,0.022,0.0
2026-07-23T10:26Z,Germany,0.019,0.0
2026-07-23T10:26Z,Norway,0.008,0.0
2026-07-23T10:26Z,Japan,0.007,0.0
2026-07-23T10:26Z,Switzerland,0.006,0.0
2026-07-23T10:26Z,Senegal,0.004,0.0
2026-07-23T10:26Z,Croatia,0.003,0.0
2026-07-23T10:26Z,Ivory Coast,0.002,0.0
2026-07-23T10:26Z,United States,0.002,0.0
2026-07-23T10:26Z,Australia,0.001,0.0
2026-07-23T10:26Z,Paraguay,0.001,0.0
2026-07-23T10:26Z,Sweden,0.001,0.0
2026-07-23T10:26Z,Algeria,0.0,0.0
2026-07-23T10:26Z,Austria,0.0,0.0
2026-07-23T10:26Z,Bosnia and Herzegovina,0.0,0.0
2026-07-23T10:26Z,Canada,0.0,0.0
2026-07-23T10:26Z,Cape Verde,0.0,0.0
2026-07-23T10:26Z,Curaçao,0.0,0.0
2026-07-23T10:26Z,Czech Republic,0.0,0.0
2026-07-23T10:26Z,DR Congo,0.0,0.0
2026-07-23T10:26Z,Ecuador,0.0,0.0
2026-07-23T10:26Z,Egypt,0.0,0.0
2026-07-23T10:26Z,Ghana,0.0,0.0
2026-07-23T10:26Z,Haiti,0.0,0.0
2026-07-23T10:26Z,Iran,0.0,0.0
2026-07-23T10:26Z,Iraq,0.0,0.0
2026-07-23T10:26Z,Jordan,0.0,0.0
2026-07-23T10:26Z,Mexico,0.0,0.0
2026-07-23T10:26Z,New Zealand,0.0,0.0
2026-07-23T10:26Z,Panama,0.0,0.0
2026-07-23T10:26Z,Qatar,0.0,0.0
2026-07-23T10:26Z,Saudi Arabia,0.0,0.0
2026-07-23T10:26Z,Scotland,0.0,0.0
2026-07-23T10:26Z,South Africa,0.0,0.0
2026-07-23T10:26Z,South Korea,0.0,0.0
2026-07-23T10:26Z,Tunisia,0.0,0.0
2026-07-23T10:26Z,Uruguay,0.0,0.0
2026-07-23T10:26Z,Uzbekistan,0.0,0.0
2026-07-23T10:26Z,Spain,0.282,0.9995
2026-07-23T12:14Z,Argentina,0.296,0.0005
2026-07-23T12:14Z,England,0.096,0.0
2026-07-23T12:14Z,France,0.082,0.0
2026-07-23T12:14Z,Portugal,0.065,0.0
2026-07-23T12:14Z,Brazil,0.028,0.0
2026-07-23T12:14Z,Belgium,0.025,0.0
2026-07-23T12:14Z,Colombia,0.025,0.0
2026-07-23T12:14Z,Morocco,0.025,0.0
2026-07-23T12:14Z,Netherlands,0.022,0.0
2026-07-23T12:14Z,Germany,0.019,0.0
2026-07-23T12:14Z,Norway,0.008,0.0
2026-07-23T12:14Z,Japan,0.007,0.0
2026-07-23T12:14Z,Switzerland,0.006,0.0
2026-07-23T12:14Z,Senegal,0.004,0.0
2026-07-23T12:14Z,Croatia,0.003,0.0
2026-07-23T12:14Z,Ivory Coast,0.002,0.0
2026-07-23T12:14Z,United States,0.002,0.0
2026-07-23T12:14Z,Australia,0.001,0.0
2026-07-23T12:14Z,Paraguay,0.001,0.0
2026-07-23T12:14Z,Sweden,0.001,0.0
2026-07-23T12:14Z,Algeria,0.0,0.0
2026-07-23T12:14Z,Austria,0.0,0.0
2026-07-23T12:14Z,Bosnia and Herzegovina,0.0,0.0
2026-07-23T12:14Z,Canada,0.0,0.0
2026-07-23T12:14Z,Cape Verde,0.0,0.0
2026-07-23T12:14Z,Curaçao,0.0,0.0
2026-07-23T12:14Z,Czech Republic,0.0,0.0
2026-07-23T12:14Z,DR Congo,0.0,0.0
2026-07-23T12:14Z,Ecuador,0.0,0.0
2026-07-23T12:14Z,Egypt,0.0,0.0
2026-07-23T12:14Z,Ghana,0.0,0.0
2026-07-23T12:14Z,Haiti,0.0,0.0
2026-07-23T12:14Z,Iran,0.0,0.0
2026-07-23T12:14Z,Iraq,0.0,0.0
2026-07-23T12:14Z,Jordan,0.0,0.0
2026-07-23T12:14Z,Mexico,0.0,0.0
2026-07-23T12:14Z,New Zealand,0.0,0.0
2026-07-23T12:14Z,Panama,0.0,0.0
2026-07-23T12:14Z,Qatar,0.0,0.0
2026-07-23T12:14Z,Saudi Arabia,0.0,0.0
2026-07-23T12:14Z,Scotland,0.0,0.0
2026-07-23T12:14Z,South Africa,0.0,0.0
2026-07-23T12:14Z,South Korea,0.0,0.0
2026-07-23T12:14Z,Tunisia,0.0,0.0
2026-07-23T12:14Z,Uruguay,0.0,0.0
2026-07-23T12:14Z,Uzbekistan,0.0,0.0
2026-07-23T12:14Z,Spain,0.282,0.9995
2026-07-23T14:36Z,Argentina,0.296,0.0005
2026-07-23T14:36Z,England,0.096,0.0
2026-07-23T14:36Z,France,0.082,0.0
2026-07-23T14:36Z,Portugal,0.065,0.0
2026-07-23T14:36Z,Brazil,0.028,0.0
2026-07-23T14:36Z,Belgium,0.025,0.0
2026-07-23T14:36Z,Colombia,0.025,0.0
2026-07-23T14:36Z,Morocco,0.025,0.0
2026-07-23T14:36Z,Netherlands,0.022,0.0
2026-07-23T14:36Z,Germany,0.019,0.0
2026-07-23T14:36Z,Norway,0.008,0.0
2026-07-23T14:36Z,Japan,0.007,0.0
2026-07-23T14:36Z,Switzerland,0.006,0.0
2026-07-23T14:36Z,Senegal,0.004,0.0
2026-07-23T14:36Z,Croatia,0.003,0.0
2026-07-23T14:36Z,Ivory Coast,0.002,0.0
2026-07-23T14:36Z,United States,0.002,0.0
2026-07-23T14:36Z,Australia,0.001,0.0
2026-07-23T14:36Z,Paraguay,0.001,0.0
2026-07-23T14:36Z,Sweden,0.001,0.0
2026-07-23T14:36Z,Algeria,0.0,0.0
2026-07-23T14:36Z,Austria,0.0,0.0
2026-07-23T14:36Z,Bosnia and Herzegovina,0.0,0.0
2026-07-23T14:36Z,Canada,0.0,0.0
2026-07-23T14:36Z,Cape Verde,0.0,0.0
2026-07-23T14:36Z,Curaçao,0.0,0.0
2026-07-23T14:36Z,Czech Republic,0.0,0.0
2026-07-23T14:36Z,DR Congo,0.0,0.0
2026-07-23T14:36Z,Ecuador,0.0,0.0
2026-07-23T14:36Z,Egypt,0.0,0.0
2026-07-23T14:36Z,Ghana,0.0,0.0
2026-07-23T14:36Z,Haiti,0.0,0.0
2026-07-23T14:36Z,Iran,0.0,0.0
2026-07-23T14:36Z,Iraq,0.0,0.0
2026-07-23T14:36Z,Jordan,0.0,0.0
2026-07-23T14:36Z,Mexico,0.0,0.0
2026-07-23T14:36Z,New Zealand,0.0,0.0
2026-07-23T14:36Z,Panama,0.0,0.0
2026-07-23T14:36Z,Qatar,0.0,0.0
2026-07-23T14:36Z,Saudi Arabia,0.0,0.0
2026-07-23T14:36Z,Scotland,0.0,0.0
2026-07-23T14:36Z,South Africa,0.0,0.0
2026-07-23T14:36Z,South Korea,0.0,0.0
2026-07-23T14:36Z,Tunisia,0.0,0.0
2026-07-23T14:36Z,Uruguay,0.0,0.0
2026-07-23T14:36Z,Uzbekistan,0.0,0.0
2026-07-23T14:36Z,Spain,0.282,0.9995
2026-07-23T16:13Z,Argentina,0.296,0.0005
2026-07-23T16:13Z,England,0.096,0.0
2026-07-23T16:13Z,France,0.082,0.0
2026-07-23T16:13Z,Portugal,0.065,0.0
2026-07-23T16:13Z,Brazil,0.028,0.0
2026-07-23T16:13Z,Belgium,0.025,0.0
2026-07-23T16:13Z,Colombia,0.025,0.0
2026-07-23T16:13Z,Morocco,0.025,0.0
2026-07-23T16:13Z,Netherlands,0.022,0.0
2026-07-23T16:13Z,Germany,0.019,0.0
2026-07-23T16:13Z,Norway,0.008,0.0
2026-07-23T16:13Z,Japan,0.007,0.0
2026-07-23T16:13Z,Switzerland,0.006,0.0
2026-07-23T16:13Z,Senegal,0.004,0.0
2026-07-23T16:13Z,Croatia,0.003,0.0
2026-07-23T16:13Z,Ivory Coast,0.002,0.0
2026-07-23T16:13Z,United States,0.002,0.0
2026-07-23T16:13Z,Australia,0.001,0.0
2026-07-23T16:13Z,Paraguay,0.001,0.0
2026-07-23T16:13Z,Sweden,0.001,0.0
2026-07-23T16:13Z,Algeria,0.0,0.0
2026-07-23T16:13Z,Austria,0.0,0.0
2026-07-23T16:13Z,Bosnia and Herzegovina,0.0,0.0
2026-07-23T16:13Z,Canada,0.0,0.0
2026-07-23T16:13Z,Cape Verde,0.0,0.0
2026-07-23T16:13Z,Curaçao,0.0,0.0
2026-07-23T16:13Z,Czech Republic,0.0,0.0
2026-07-23T16:13Z,DR Congo,0.0,0.0
2026-07-23T16:13Z,Ecuador,0.0,0.0
2026-07-23T16:13Z,Egypt,0.0,0.0
2026-07-23T16:13Z,Ghana,0.0,0.0
2026-07-23T16:13Z,Haiti,0.0,0.0
2026-07-23T16:13Z,Iran,0.0,0.0
2026-07-23T16:13Z,Iraq,0.0,0.0
2026-07-23T16:13Z,Jordan,0.0,0.0
2026-07-23T16:13Z,Mexico,0.0,0.0
2026-07-23T16:13Z,New Zealand,0.0,0.0
2026-07-23T16:13Z,Panama,0.0,0.0
2026-07-23T16:13Z,Qatar,0.0,0.0
2026-07-23T16:13Z,Saudi Arabia,0.0,0.0
2026-07-23T16:13Z,Scotland,0.0,0.0
2026-07-23T16:13Z,South Africa,0.0,0.0
2026-07-23T16:13Z,South Korea,0.0,0.0
2026-07-23T16:13Z,Tunisia,0.0,0.0
2026-07-23T16:13Z,Uruguay,0.0,0.0
2026-07-23T16:13Z,Uzbekistan,0.0,0.0
2026-07-23T16:13Z,Spain,0.282,0.9995
2026-07-23T17:50Z,Argentina,0.296,0.0005
2026-07-23T17:50Z,England,0.096,0.0
2026-07-23T17:50Z,France,0.082,0.0
2026-07-23T17:50Z,Portugal,0.065,0.0
2026-07-23T17:50Z,Brazil,0.028,0.0
2026-07-23T17:50Z,Belgium,0.025,0.0
2026-07-23T17:50Z,Colombia,0.025,0.0
2026-07-23T17:50Z,Morocco,0.025,0.0
2026-07-23T17:50Z,Netherlands,0.022,0.0
2026-07-23T17:50Z,Germany,0.019,0.0
2026-07-23T17:50Z,Norway,0.008,0.0
2026-07-23T17:50Z,Japan,0.007,0.0
2026-07-23T17:50Z,Switzerland,0.006,0.0
2026-07-23T17:50Z,Senegal,0.004,0.0
2026-07-23T17:50Z,Croatia,0.003,0.0
2026-07-23T17:50Z,Ivory Coast,0.002,0.0
2026-07-23T17:50Z,United States,0.002,0.0
2026-07-23T17:50Z,Australia,0.001,0.0
2026-07-23T17:50Z,Paraguay,0.001,0.0
2026-07-23T17:50Z,Sweden,0.001,0.0
2026-07-23T17:50Z,Algeria,0.0,0.0
2026-07-23T17:50Z,Austria,0.0,0.0
2026-07-23T17:50Z,Bosnia and Herzegovina,0.0,0.0
2026-07-23T17:50Z,Canada,0.0,0.0
2026-07-23T17:50Z,Cape Verde,0.0,0.0
2026-07-23T17:50Z,Curaçao,0.0,0.0
2026-07-23T17:50Z,Czech Republic,0.0,0.0
2026-07-23T17:50Z,DR Congo,0.0,0.0
2026-07-23T17:50Z,Ecuador,0.0,0.0
2026-07-23T17:50Z,Egypt,0.0,0.0
2026-07-23T17:50Z,Ghana,0.0,0.0
2026-07-23T17:50Z,Haiti,0.0,0.0
2026-07-23T17:50Z,Iran,0.0,0.0
2026-07-23T17:50Z,Iraq,0.0,0.0
2026-07-23T17:50Z,Jordan,0.0,0.0
2026-07-23T17:50Z,Mexico,0.0,0.0
2026-07-23T17:50Z,New Zealand,0.0,0.0
2026-07-23T17:50Z,Panama,0.0,0.0
2026-07-23T17:50Z,Qatar,0.0,0.0
2026-07-23T17:50Z,Saudi Arabia,0.0,0.0
2026-07-23T17:50Z,Scotland,0.0,0.0
2026-07-23T17:50Z,South Africa,0.0,0.0
2026-07-23T17:50Z,South Korea,0.0,0.0
2026-07-23T17:50Z,Tunisia,0.0,0.0
2026-07-23T17:50Z,Uruguay,0.0,0.0
2026-07-23T17:50Z,Uzbekistan,0.0,0.0
2026-07-23T17:50Z,Spain,0.282,0.9995
2026-07-23T19:04Z,Argentina,0.296,0.0005
2026-07-23T19:04Z,England,0.096,0.0
2026-07-23T19:04Z,France,0.082,0.0
2026-07-23T19:04Z,Portugal,0.065,0.0
2026-07-23T19:04Z,Brazil,0.028,0.0
2026-07-23T19:04Z,Belgium,0.025,0.0
2026-07-23T19:04Z,Colombia,0.025,0.0
2026-07-23T19:04Z,Morocco,0.025,0.0
2026-07-23T19:04Z,Netherlands,0.022,0.0
2026-07-23T19:04Z,Germany,0.019,0.0
2026-07-23T19:04Z,Norway,0.008,0.0
2026-07-23T19:04Z,Japan,0.007,0.0
2026-07-23T19:04Z,Switzerland,0.006,0.0
2026-07-23T19:04Z,Senegal,0.004,0.0
2026-07-23T19:04Z,Croatia,0.003,0.0
2026-07-23T19:04Z,Ivory Coast,0.002,0.0
2026-07-23T19:04Z,United States,0.002,0.0
2026-07-23T19:04Z,Australia,0.001,0.0
2026-07-23T19:04Z,Paraguay,0.001,0.0
2026-07-23T19:04Z,Sweden,0.001,0.0
2026-07-23T19:04Z,Algeria,0.0,0.0
2026-07-23T19:04Z,Austria,0.0,0.0
2026-07-23T19:04Z,Bosnia and Herzegovina,0.0,0.0
2026-07-23T19:04Z,Canada,0.0,0.0
2026-07-23T19:04Z,Cape Verde,0.0,0.0
2026-07-23T19:04Z,Curaçao,0.0,0.0
2026-07-23T19:04Z,Czech Republic,0.0,0.0
2026-07-23T19:04Z,DR Congo,0.0,0.0
2026-07-23T19:04Z,Ecuador,0.0,0.0
2026-07-23T19:04Z,Egypt,0.0,0.0
2026-07-23T19:04Z,Ghana,0.0,0.0
2026-07-23T19:04Z,Haiti,0.0,0.0
2026-07-23T19:04Z,Iran,0.0,0.0
2026-07-23T19:04Z,Iraq,0.0,0.0
2026-07-23T19:04Z,Jordan,0.0,0.0
2026-07-23T19:04Z,Mexico,0.0,0.0
2026-07-23T19:04Z,New Zealand,0.0,0.0
2026-07-23T19:04Z,Panama,0.0,0.0
2026-07-23T19:04Z,Qatar,0.0,0.0
2026-07-23T19:04Z,Saudi Arabia,0.0,0.0
2026-07-23T19:04Z,Scotland,0.0,0.0
2026-07-23T19:04Z,South Africa,0.0,0.0
2026-07-23T19:04Z,South Korea,0.0,0.0
2026-07-23T19:04Z,Tunisia,0.0,0.0
2026-07-23T19:04Z,Uruguay,0.0,0.0
2026-07-23T19:04Z,Uzbekistan,0.0,0.0
2026-07-23T19:04Z,Spain,0.282,0.9995
2026-07-23T20:33Z,Argentina,0.296,0.0005
2026-07-23T20:33Z,England,0.096,0.0
2026-07-23T20:33Z,France,0.082,0.0
2026-07-23T20:33Z,Portugal,0.065,0.0
2026-07-23T20:33Z,Brazil,0.028,0.0
2026-07-23T20:33Z,Belgium,0.025,0.0
2026-07-23T20:33Z,Colombia,0.025,0.0
2026-07-23T20:33Z,Morocco,0.025,0.0
2026-07-23T20:33Z,Netherlands,0.022,0.0
2026-07-23T20:33Z,Germany,0.019,0.0
2026-07-23T20:33Z,Norway,0.008,0.0
2026-07-23T20:33Z,Japan,0.007,0.0
2026-07-23T20:33Z,Switzerland,0.006,0.0
2026-07-23T20:33Z,Senegal,0.004,0.0
2026-07-23T20:33Z,Croatia,0.003,0.0
2026-07-23T20:33Z,Ivory Coast,0.002,0.0
2026-07-23T20:33Z,United States,0.002,0.0
2026-07-23T20:33Z,Australia,0.001,0.0
2026-07-23T20:33Z,Paraguay,0.001,0.0
2026-07-23T20:33Z,Sweden,0.001,0.0
2026-07-23T20:33Z,Algeria,0.0,0.0
2026-07-23T20:33Z,Austria,0.0,0.0
2026-07-23T20:33Z,Bosnia and Herzegovina,0.0,0.0
2026-07-23T20:33Z,Canada,0.0,0.0
2026-07-23T20:33Z,Cape Verde,0.0,0.0
2026-07-23T20:33Z,Curaçao,0.0,0.0
2026-07-23T20:33Z,Czech Republic,0.0,0.0
2026-07-23T20:33Z,DR Congo,0.0,0.0
2026-07-23T20:33Z,Ecuador,0.0,0.0
2026-07-23T20:33Z,Egypt,0.0,0.0
2026-07-23T20:33Z,Ghana,0.0,0.0
2026-07-23T20:33Z,Haiti,0.0,0.0
2026-07-23T20:33Z,Iran,0.0,0.0
2026-07-23T20:33Z,Iraq,0.0,0.0
2026-07-23T20:33Z,Jordan,0.0,0.0
2026-07-23T20:33Z,Mexico,0.0,0.0
2026-07-23T20:33Z,New Zealand,0.0,0.0
2026-07-23T20:33Z,Panama,0.0,0.0
2026-07-23T20:33Z,Qatar,0.0,0.0
2026-07-23T20:33Z,Saudi Arabia,0.0,0.0
2026-07-23T20:33Z,Scotland,0.0,0.0
2026-07-23T20:33Z,South Africa,0.0,0.0
2026-07-23T20:33Z,South Korea,0.0,0.0
2026-07-23T20:33Z,Tunisia,0.0,0.0
2026-07-23T20:33Z,Uruguay,0.0,0.0
2026-07-23T20:33Z,Uzbekistan,0.0,0.0
2026-07-23T20:33Z,Spain,0.282,0.9995
2026-07-23T21:40Z,Argentina,0.296,0.0005
2026-07-23T21:40Z,England,0.096,0.0
2026-07-23T21:40Z,France,0.082,0.0
2026-07-23T21:40Z,Portugal,0.065,0.0
2026-07-23T21:40Z,Brazil,0.028,0.0
2026-07-23T21:40Z,Belgium,0.025,0.0
2026-07-23T21:40Z,Colombia,0.025,0.0
2026-07-23T21:40Z,Morocco,0.025,0.0
2026-07-23T21:40Z,Netherlands,0.022,0.0
2026-07-23T21:40Z,Germany,0.019,0.0
2026-07-23T21:40Z,Norway,0.008,0.0
2026-07-23T21:40Z,Japan,0.007,0.0
2026-07-23T21:40Z,Switzerland,0.006,0.0
2026-07-23T21:40Z,Senegal,0.004,0.0
2026-07-23T21:40Z,Croatia,0.003,0.0
2026-07-23T21:40Z,Ivory Coast,0.002,0.0
2026-07-23T21:40Z,United States,0.002,0.0
2026-07-23T21:40Z,Australia,0.001,0.0
2026-07-23T21:40Z,Paraguay,0.001,0.0
2026-07-23T21:40Z,Sweden,0.001,0.0
2026-07-23T21:40Z,Algeria,0.0,0.0
2026-07-23T21:40Z,Austria,0.0,0.0
2026-07-23T21:40Z,Bosnia and Herzegovina,0.0,0.0
2026-07-23T21:40Z,Canada,0.0,0.0
2026-07-23T21:40Z,Cape Verde,0.0,0.0
2026-07-23T21:40Z,Curaçao,0.0,0.0
2026-07-23T21:40Z,Czech Republic,0.0,0.0
2026-07-23T21:40Z,DR Congo,0.0,0.0
2026-07-23T21:40Z,Ecuador,0.0,0.0
2026-07-23T21:40Z,Egypt,0.0,0.0
2026-07-23T21:40Z,Ghana,0.0,0.0
2026-07-23T21:40Z,Haiti,0.0,0.0
2026-07-23T21:40Z,Iran,0.0,0.0
2026-07-23T21:40Z,Iraq,0.0,0.0
2026-07-23T21:40Z,Jordan,0.0,0.0
2026-07-23T21:40Z,Mexico,0.0,0.0
2026-07-23T21:40Z,New Zealand,0.0,0.0
2026-07-23T21:40Z,Panama,0.0,0.0
2026-07-23T21:40Z,Qatar,0.0,0.0
2026-07-23T21:40Z,Saudi Arabia,0.0,0.0
2026-07-23T21:40Z,Scotland,0.0,0.0
2026-07-23T21:40Z,South Africa,0.0,0.0
2026-07-23T21:40Z,South Korea,0.0,0.0
2026-07-23T21:40Z,Tunisia,0.0,0.0
2026-07-23T21:40Z,Uruguay,0.0,0.0
2026-07-23T21:40Z,Uzbekistan,0.0,0.0
2026-07-23T21:40Z,Spain,0.282,0.9995
2026-07-23T22:36Z,Argentina,0.296,0.0005
2026-07-23T22:36Z,England,0.096,0.0
2026-07-23T22:36Z,France,0.082,0.0
2026-07-23T22:36Z,Portugal,0.065,0.0
2026-07-23T22:36Z,Brazil,0.028,0.0
2026-07-23T22:36Z,Belgium,0.025,0.0
2026-07-23T22:36Z,Colombia,0.025,0.0
2026-07-23T22:36Z,Morocco,0.025,0.0
2026-07-23T22:36Z,Netherlands,0.022,0.0
2026-07-23T22:36Z,Germany,0.019,0.0
2026-07-23T22:36Z,Norway,0.008,0.0
2026-07-23T22:36Z,Japan,0.007,0.0
2026-07-23T22:36Z,Switzerland,0.006,0.0
2026-07-23T22:36Z,Senegal,0.004,0.0
2026-07-23T22:36Z,Croatia,0.003,0.0
2026-07-23T22:36Z,Ivory Coast,0.002,0.0
2026-07-23T22:36Z,United States,0.002,0.0
2026-07-23T22:36Z,Australia,0.001,0.0
2026-07-23T22:36Z,Paraguay,0.001,0.0
2026-07-23T22:36Z,Sweden,0.001,0.0
2026-07-23T22:36Z,Algeria,0.0,0.0
2026-07-23T22:36Z,Austria,0.0,0.0
2026-07-23T22:36Z,Bosnia and Herzegovina,0.0,0.0
2026-07-23T22:36Z,Canada,0.0,0.0
2026-07-23T22:36Z,Cape Verde,0.0,0.0
2026-07-23T22:36Z,Curaçao,0.0,0.0
2026-07-23T22:36Z,Czech Republic,0.0,0.0
2026-07-23T22:36Z,DR Congo,0.0,0.0
2026-07-23T22:36Z,Ecuador,0.0,0.0
2026-07-23T22:36Z,Egypt,0.0,0.0
2026-07-23T22:36Z,Ghana,0.0,0.0
2026-07-23T22:36Z,Haiti,0.0,0.0
2026-07-23T22:36Z,Iran,0.0,0.0
2026-07-23T22:36Z,Iraq,0.0,0.0
2026-07-23T22:36Z,Jordan,0.0,0.0
2026-07-23T22:36Z,Mexico,0.0,0.0
2026-07-23T22:36Z,New Zealand,0.0,0.0
2026-07-23T22:36Z,Panama,0.0,0.0
2026-07-23T22:36Z,Qatar,0.0,0.0
2026-07-23T22:36Z,Saudi Arabia,0.0,0.0
2026-07-23T22:36Z,Scotland,0.0,0.0
2026-07-23T22:36Z,South Africa,0.0,0.0
2026-07-23T22:36Z,South Korea,0.0,0.0
2026-07-23T22:36Z,Tunisia,0.0,0.0
2026-07-23T22:36Z,Uruguay,0.0,0.0
2026-07-23T22:36Z,Uzbekistan,0.0,0.0
2026-07-23T22:36Z,Spain,0.282,0.9995
2026-07-23T23:34Z,Argentina,0.296,0.0005
2026-07-23T23:34Z,England,0.096,0.0
2026-07-23T23:34Z,France,0.082,0.0
2026-07-23T23:34Z,Portugal,0.065,0.0
2026-07-23T23:34Z,Brazil,0.028,0.0
2026-07-23T23:34Z,Belgium,0.025,0.0
2026-07-23T23:34Z,Colombia,0.025,0.0
2026-07-23T23:34Z,Morocco,0.025,0.0
2026-07-23T23:34Z,Netherlands,0.022,0.0
2026-07-23T23:34Z,Germany,0.019,0.0
2026-07-23T23:34Z,Norway,0.008,0.0
2026-07-23T23:34Z,Japan,0.007,0.0
2026-07-23T23:34Z,Switzerland,0.006,0.0
2026-07-23T23:34Z,Senegal,0.004,0.0
2026-07-23T23:34Z,Croatia,0.003,0.0
2026-07-23T23:34Z,Ivory Coast,0.002,0.0
2026-07-23T23:34Z,United States,0.002,0.0
2026-07-23T23:34Z,Australia,0.001,0.0
2026-07-23T23:34Z,Paraguay,0.001,0.0
2026-07-23T23:34Z,Sweden,0.001,0.0
2026-07-23T23:34Z,Algeria,0.0,0.0
2026-07-23T23:34Z,Austria,0.0,0.0
2026-07-23T23:34Z,Bosnia and Herzegovina,0.0,0.0
2026-07-23T23:34Z,Canada,0.0,0.0
2026-07-23T23:34Z,Cape Verde,0.0,0.0
2026-07-23T23:34Z,Curaçao,0.0,0.0
2026-07-23T23:34Z,Czech Republic,0.0,0.0
2026-07-23T23:34Z,DR Congo,0.0,0.0
2026-07-23T23:34Z,Ecuador,0.0,0.0
2026-07-23T23:34Z,Egypt,0.0,0.0
2026-07-23T23:34Z,Ghana,0.0,0.0
2026-07-23T23:34Z,Haiti,0.0,0.0
2026-07-23T23:34Z,Iran,0.0,0.0
2026-07-23T23:34Z,Iraq,0.0,0.0
2026-07-23T23:34Z,Jordan,0.0,0.0
2026-07-23T23:34Z,Mexico,0.0,0.0
2026-07-23T23:34Z,New Zealand,0.0,0.0
2026-07-23T23:34Z,Panama,0.0,0.0
2026-07-23T23:34Z,Qatar,0.0,0.0
2026-07-23T23:34Z,Saudi Arabia,0.0,0.0
2026-07-23T23:34Z,Scotland,0.0,0.0
2026-07-23T23:34Z,South Africa,0.0,0.0
2026-07-23T23:34Z,South Korea,0.0,0.0
2026-07-23T23:34Z,Tunisia,0.0,0.0
2026-07-23T23:34Z,Uruguay,0.0,0.0
2026-07-23T23:34Z,Uzbekistan,0.0,0.0
2026-07-23T23:34Z,Spain,0.282,0.9995
2026-07-24T01:04Z,Argentina,0.296,0.0005
2026-07-24T01:04Z,England,0.096,0.0
2026-07-24T01:04Z,France,0.082,0.0
2026-07-24T01:04Z,Portugal,0.065,0.0
2026-07-24T01:04Z,Brazil,0.028,0.0
2026-07-24T01:04Z,Belgium,0.025,0.0
2026-07-24T01:04Z,Colombia,0.025,0.0
2026-07-24T01:04Z,Morocco,0.025,0.0
2026-07-24T01:04Z,Netherlands,0.022,0.0
2026-07-24T01:04Z,Germany,0.019,0.0
2026-07-24T01:04Z,Norway,0.008,0.0
2026-07-24T01:04Z,Japan,0.007,0.0
2026-07-24T01:04Z,Switzerland,0.006,0.0
2026-07-24T01:04Z,Senegal,0.004,0.0
2026-07-24T01:04Z,Croatia,0.003,0.0
2026-07-24T01:04Z,Ivory Coast,0.002,0.0
2026-07-24T01:04Z,United States,0.002,0.0
2026-07-24T01:04Z,Australia,0.001,0.0
2026-07-24T01:04Z,Paraguay,0.001,0.0
2026-07-24T01:04Z,Sweden,0.001,0.0
2026-07-24T01:04Z,Algeria,0.0,0.0
2026-07-24T01:04Z,Austria,0.0,0.0
2026-07-24T01:04Z,Bosnia and Herzegovina,0.0,0.0
2026-07-24T01:04Z,Canada,0.0,0.0
2026-07-24T01:04Z,Cape Verde,0.0,0.0
2026-07-24T01:04Z,Curaçao,0.0,0.0
2026-07-24T01:04Z,Czech Republic,0.0,0.0
2026-07-24T01:04Z,DR Congo,0.0,0.0
2026-07-24T01:04Z,Ecuador,0.0,0.0
2026-07-24T01:04Z,Egypt,0.0,0.0
2026-07-24T01:04Z,Ghana,0.0,0.0
2026-07-24T01:04Z,Haiti,0.0,0.0
2026-07-24T01:04Z,Iran,0.0,0.0
2026-07-24T01:04Z,Iraq,0.0,0.0
2026-07-24T01:04Z,Jordan,0.0,0.0
2026-07-24T01:04Z,Mexico,0.0,0.0
2026-07-24T01:04Z,New Zealand,0.0,0.0
2026-07-24T01:04Z,Panama,0.0,0.0
2026-07-24T01:04Z,Qatar,0.0,0.0
2026-07-24T01:04Z,Saudi Arabia,0.0,0.0
2026-07-24T01:04Z,Scotland,0.0,0.0
2026-07-24T01:04Z,South Africa,0.0,0.0
2026-07-24T01:04Z,South Korea,0.0,0.0
2026-07-24T01:04Z,Tunisia,0.0,0.0
2026-07-24T01:04Z,Uruguay,0.0,0.0
2026-07-24T01:04Z,Uzbekistan,0.0,0.0
2026-07-24T01:04Z,Spain,0.282,0.9995
2026-07-24T04:36Z,Argentina,0.296,0.0005
2026-07-24T04:36Z,England,0.096,0.0
2026-07-24T04:36Z,France,0.082,0.0
2026-07-24T04:36Z,Portugal,0.065,0.0
2026-07-24T04:36Z,Brazil,0.028,0.0
2026-07-24T04:36Z,Belgium,0.025,0.0
2026-07-24T04:36Z,Colombia,0.025,0.0
2026-07-24T04:36Z,Morocco,0.025,0.0
2026-07-24T04:36Z,Netherlands,0.022,0.0
2026-07-24T04:36Z,Germany,0.019,0.0
2026-07-24T04:36Z,Norway,0.008,0.0
2026-07-24T04:36Z,Japan,0.007,0.0
2026-07-24T04:36Z,Switzerland,0.006,0.0
2026-07-24T04:36Z,Senegal,0.004,0.0
2026-07-24T04:36Z,Croatia,0.003,0.0
2026-07-24T04:36Z,Ivory Coast,0.002,0.0
2026-07-24T04:36Z,United States,0.002,0.0
2026-07-24T04:36Z,Australia,0.001,0.0
2026-07-24T04:36Z,Paraguay,0.001,0.0
2026-07-24T04:36Z,Sweden,0.001,0.0
2026-07-24T04:36Z,Algeria,0.0,0.0
2026-07-24T04:36Z,Austria,0.0,0.0
2026-07-24T04:36Z,Bosnia and Herzegovina,0.0,0.0
2026-07-24T04:36Z,Canada,0.0,0.0
2026-07-24T04:36Z,Cape Verde,0.0,0.0
2026-07-24T04:36Z,Curaçao,0.0,0.0
2026-07-24T04:36Z,Czech Republic,0.0,0.0
2026-07-24T04:36Z,DR Congo,0.0,0.0
2026-07-24T04:36Z,Ecuador,0.0,0.0
2026-07-24T04:36Z,Egypt,0.0,0.0
2026-07-24T04:36Z,Ghana,0.0,0.0
2026-07-24T04:36Z,Haiti,0.0,0.0
2026-07-24T04:36Z,Iran,0.0,0.0
2026-07-24T04:36Z,Iraq,0.0,0.0
2026-07-24T04:36Z,Jordan,0.0,0.0
2026-07-24T04:36Z,Mexico,0.0,0.0
2026-07-24T04:36Z,New Zealand,0.0,0.0
2026-07-24T04:36Z,Panama,0.0,0.0
2026-07-24T04:36Z,Qatar,0.0,0.0
2026-07-24T04:36Z,Saudi Arabia,0.0,0.0
2026-07-24T04:36Z,Scotland,0.0,0.0
2026-07-24T04:36Z,South Africa,0.0,0.0
2026-07-24T04:36Z,South Korea,0.0,0.0
2026-07-24T04:36Z,Tunisia,0.0,0.0
2026-07-24T04:36Z,Uruguay,0.0,0.0
2026-07-24T04:36Z,Uzbekistan,0.0,0.0
2026-07-24T04:36Z,Spain,0.282,0.9995
2026-07-24T07:16Z,Argentina,0.296,0.0005
2026-07-24T07:16Z,England,0.096,0.0
2026-07-24T07:16Z,France,0.082,0.0
2026-07-24T07:16Z,Portugal,0.065,0.0
2026-07-24T07:16Z,Brazil,0.028,0.0
2026-07-24T07:16Z,Belgium,0.025,0.0
2026-07-24T07:16Z,Colombia,0.025,0.0
2026-07-24T07:16Z,Morocco,0.025,0.0
2026-07-24T07:16Z,Netherlands,0.022,0.0
2026-07-24T07:16Z,Germany,0.019,0.0
2026-07-24T07:16Z,Norway,0.008,0.0
2026-07-24T07:16Z,Japan,0.007,0.0
2026-07-24T07:16Z,Switzerland,0.006,0.0
2026-07-24T07:16Z,Senegal,0.004,0.0
2026-07-24T07:16Z,Croatia,0.003,0.0
2026-07-24T07:16Z,Ivory Coast,0.002,0.0
2026-07-24T07:16Z,United States,0.002,0.0
2026-07-24T07:16Z,Australia,0.001,0.0
2026-07-24T07:16Z,Paraguay,0.001,0.0
2026-07-24T07:16Z,Sweden,0.001,0.0
2026-07-24T07:16Z,Algeria,0.0,0.0
2026-07-24T07:16Z,Austria,0.0,0.0
2026-07-24T07:16Z,Bosnia and Herzegovina,0.0,0.0
2026-07-24T07:16Z,Canada,0.0,0.0
2026-07-24T07:16Z,Cape Verde,0.0,0.0
2026-07-24T07:16Z,Curaçao,0.0,0.0
2026-07-24T07:16Z,Czech Republic,0.0,0.0
2026-07-24T07:16Z,DR Congo,0.0,0.0
2026-07-24T07:16Z,Ecuador,0.0,0.0
2026-07-24T07:16Z,Egypt,0.0,0.0
2026-07-24T07:16Z,Ghana,0.0,0.0
2026-07-24T07:16Z,Haiti,0.0,0.0
2026-07-24T07:16Z,Iran,0.0,0.0
2026-07-24T07:16Z,Iraq,0.0,0.0
2026-07-24T07:16Z,Jordan,0.0,0.0
2026-07-24T07:16Z,Mexico,0.0,0.0
2026-07-24T07:16Z,New Zealand,0.0,0.0
2026-07-24T07:16Z,Panama,0.0,0.0
2026-07-24T07:16Z,Qatar,0.0,0.0
2026-07-24T07:16Z,Saudi Arabia,0.0,0.0
2026-07-24T07:16Z,Scotland,0.0,0.0
2026-07-24T07:16Z,South Africa,0.0,0.0
2026-07-24T07:16Z,South Korea,0.0,0.0
2026-07-24T07:16Z,Tunisia,0.0,0.0
2026-07-24T07:16Z,Uruguay,0.0,0.0
2026-07-24T07:16Z,Uzbekistan,0.0,0.0
2026-07-24T07:16Z,Spain,0.282,0.9995
2026-07-24T09:37Z,Argentina,0.296,0.0005
2026-07-24T09:37Z,England,0.096,0.0
2026-07-24T09:37Z,France,0.082,0.0
2026-07-24T09:37Z,Portugal,0.065,0.0
2026-07-24T09:37Z,Brazil,0.028,0.0
2026-07-24T09:37Z,Belgium,0.025,0.0
2026-07-24T09:37Z,Colombia,0.025,0.0
2026-07-24T09:37Z,Morocco,0.025,0.0
2026-07-24T09:37Z,Netherlands,0.022,0.0
2026-07-24T09:37Z,Germany,0.019,0.0
2026-07-24T09:37Z,Norway,0.008,0.0
2026-07-24T09:37Z,Japan,0.007,0.0
2026-07-24T09:37Z,Switzerland,0.006,0.0
2026-07-24T09:37Z,Senegal,0.004,0.0
2026-07-24T09:37Z,Croatia,0.003,0.0
2026-07-24T09:37Z,Ivory Coast,0.002,0.0
2026-07-24T09:37Z,United States,0.002,0.0
2026-07-24T09:37Z,Australia,0.001,0.0
2026-07-24T09:37Z,Paraguay,0.001,0.0
2026-07-24T09:37Z,Sweden,0.001,0.0
2026-07-24T09:37Z,Algeria,0.0,0.0
2026-07-24T09:37Z,Austria,0.0,0.0
2026-07-24T09:37Z,Bosnia and Herzegovina,0.0,0.0
2026-07-24T09:37Z,Canada,0.0,0.0
2026-07-24T09:37Z,Cape Verde,0.0,0.0
2026-07-24T09:37Z,Curaçao,0.0,0.0
2026-07-24T09:37Z,Czech Republic,0.0,0.0
2026-07-24T09:37Z,DR Congo,0.0,0.0
2026-07-24T09:37Z,Ecuador,0.0,0.0
2026-07-24T09:37Z,Egypt,0.0,0.0
2026-07-24T09:37Z,Ghana,0.0,0.0
2026-07-24T09:37Z,Haiti,0.0,0.0
2026-07-24T09:37Z,Iran,0.0,0.0
2026-07-24T09:37Z,Iraq,0.0,0.0
2026-07-24T09:37Z,Jordan,0.0,0.0
2026-07-24T09:37Z,Mexico,0.0,0.0
2026-07-24T09:37Z,New Zealand,0.0,0.0
2026-07-24T09:37Z,Panama,0.0,0.0
2026-07-24T09:37Z,Qatar,0.0,0.0
2026-07-24T09:37Z,Saudi Arabia,0.0,0.0
2026-07-24T09:37Z,Scotland,0.0,0.0
2026-07-24T09:37Z,South Africa,0.0,0.0
2026-07-24T09:37Z,South Korea,0.0,0.0
2026-07-24T09:37Z,Tunisia,0.0,0.0
2026-07-24T09:37Z,Uruguay,0.0,0.0
2026-07-24T09:37Z,Uzbekistan,0.0,0.0
2026-07-24T09:37Z,Spain,0.282,0.9995
2026-07-24T11:22Z,Argentina,0.296,0.0005
2026-07-24T11:22Z,England,0.096,0.0
2026-07-24T11:22Z,France,0.082,0.0
2026-07-24T11:22Z,Portugal,0.065,0.0
2026-07-24T11:22Z,Brazil,0.028,0.0
2026-07-24T11:22Z,Belgium,0.025,0.0
2026-07-24T11:22Z,Colombia,0.025,0.0
2026-07-24T11:22Z,Morocco,0.025,0.0
2026-07-24T11:22Z,Netherlands,0.022,0.0
2026-07-24T11:22Z,Germany,0.019,0.0
2026-07-24T11:22Z,Norway,0.008,0.0
2026-07-24T11:22Z,Japan,0.007,0.0
2026-07-24T11:22Z,Switzerland,0.006,0.0
2026-07-24T11:22Z,Senegal,0.004,0.0
2026-07-24T11:22Z,Croatia,0.003,0.0
2026-07-24T11:22Z,Ivory Coast,0.002,0.0
2026-07-24T11:22Z,United States,0.002,0.0
2026-07-24T11:22Z,Australia,0.001,0.0
2026-07-24T11:22Z,Paraguay,0.001,0.0
2026-07-24T11:22Z,Sweden,0.001,0.0
2026-07-24T11:22Z,Algeria,0.0,0.0
2026-07-24T11:22Z,Austria,0.0,0.0
2026-07-24T11:22Z,Bosnia and Herzegovina,0.0,0.0
2026-07-24T11:22Z,Canada,0.0,0.0
2026-07-24T11:22Z,Cape Verde,0.0,0.0
2026-07-24T11:22Z,Curaçao,0.0,0.0
2026-07-24T11:22Z,Czech Republic,0.0,0.0
2026-07-24T11:22Z,DR Congo,0.0,0.0
2026-07-24T11:22Z,Ecuador,0.0,0.0
2026-07-24T11:22Z,Egypt,0.0,0.0
2026-07-24T11:22Z,Ghana,0.0,0.0
2026-07-24T11:22Z,Haiti,0.0,0.0
2026-07-24T11:22Z,Iran,0.0,0.0
2026-07-24T11:22Z,Iraq,0.0,0.0
2026-07-24T11:22Z,Jordan,0.0,0.0
2026-07-24T11:22Z,Mexico,0.0,0.0
2026-07-24T11:22Z,New Zealand,0.0,0.0
2026-07-24T11:22Z,Panama,0.0,0.0
2026-07-24T11:22Z,Qatar,0.0,0.0
2026-07-24T11:22Z,Saudi Arabia,0.0,0.0
2026-07-24T11:22Z,Scotland,0.0,0.0
2026-07-24T11:22Z,South Africa,0.0,0.0
2026-07-24T11:22Z,South Korea,0.0,0.0
2026-07-24T11:22Z,Tunisia,0.0,0.0
2026-07-24T11:22Z,Uruguay,0.0,0.0
2026-07-24T11:22Z,Uzbekistan,0.0,0.0
2026-07-24T11:22Z,Spain,0.282,0.9995
2026-07-24T13:06Z,Argentina,0.296,0.0005
2026-07-24T13:06Z,England,0.096,0.0
2026-07-24T13:06Z,France,0.082,0.0
2026-07-24T13:06Z,Portugal,0.065,0.0
2026-07-24T13:06Z,Brazil,0.028,0.0
2026-07-24T13:06Z,Belgium,0.025,0.0
2026-07-24T13:06Z,Colombia,0.025,0.0
2026-07-24T13:06Z,Morocco,0.025,0.0
2026-07-24T13:06Z,Netherlands,0.022,0.0
2026-07-24T13:06Z,Germany,0.019,0.0
2026-07-24T13:06Z,Norway,0.008,0.0
2026-07-24T13:06Z,Japan,0.007,0.0
2026-07-24T13:06Z,Switzerland,0.006,0.0
2026-07-24T13:06Z,Senegal,0.004,0.0
2026-07-24T13:06Z,Croatia,0.003,0.0
2026-07-24T13:06Z,Ivory Coast,0.002,0.0
2026-07-24T13:06Z,United States,0.002,0.0
2026-07-24T13:06Z,Australia,0.001,0.0
2026-07-24T13:06Z,Paraguay,0.001,0.0
2026-07-24T13:06Z,Sweden,0.001,0.0
2026-07-24T13:06Z,Algeria,0.0,0.0
2026-07-24T13:06Z,Austria,0.0,0.0
2026-07-24T13:06Z,Bosnia and Herzegovina,0.0,0.0
2026-07-24T13:06Z,Canada,0.0,0.0
2026-07-24T13:06Z,Cape Verde,0.0,0.0
2026-07-24T13:06Z,Curaçao,0.0,0.0
2026-07-24T13:06Z,Czech Republic,0.0,0.0
2026-07-24T13:06Z,DR Congo,0.0,0.0
2026-07-24T13:06Z,Ecuador,0.0,0.0
2026-07-24T13:06Z,Egypt,0.0,0.0
2026-07-24T13:06Z,Ghana,0.0,0.0
2026-07-24T13:06Z,Haiti,0.0,0.0
2026-07-24T13:06Z,Iran,0.0,0.0
2026-07-24T13:06Z,Iraq,0.0,0.0
2026-07-24T13:06Z,Jordan,0.0,0.0
2026-07-24T13:06Z,Mexico,0.0,0.0
2026-07-24T13:06Z,New Zealand,0.0,0.0
2026-07-24T13:06Z,Panama,0.0,0.0
2026-07-24T13:06Z,Qatar,0.0,0.0
2026-07-24T13:06Z,Saudi Arabia,0.0,0.0
2026-07-24T13:06Z,Scotland,0.0,0.0
2026-07-24T13:06Z,South Africa,0.0,0.0
2026-07-24T13:06Z,South Korea,0.0,0.0
2026-07-24T13:06Z,Tunisia,0.0,0.0
2026-07-24T13:06Z,Uruguay,0.0,0.0
2026-07-24T13:06Z,Uzbekistan,0.0,0.0
2026-07-24T13:06Z,Spain,0.282,0.9995
2026-07-24T15:10Z,Argentina,0.296,0.0005
2026-07-24T15:10Z,England,0.096,0.0
2026-07-24T15:10Z,France,0.082,0.0
2026-07-24T15:10Z,Portugal,0.065,0.0
2026-07-24T15:10Z,Brazil,0.028,0.0
2026-07-24T15:10Z,Belgium,0.025,0.0
2026-07-24T15:10Z,Colombia,0.025,0.0
2026-07-24T15:10Z,Morocco,0.025,0.0
2026-07-24T15:10Z,Netherlands,0.022,0.0
2026-07-24T15:10Z,Germany,0.019,0.0
2026-07-24T15:10Z,Norway,0.008,0.0
2026-07-24T15:10Z,Japan,0.007,0.0
2026-07-24T15:10Z,Switzerland,0.006,0.0
2026-07-24T15:10Z,Senegal,0.004,0.0
2026-07-24T15:10Z,Croatia,0.003,0.0
2026-07-24T15:10Z,Ivory Coast,0.002,0.0
2026-07-24T15:10Z,United States,0.002,0.0
2026-07-24T15:10Z,Australia,0.001,0.0
2026-07-24T15:10Z,Paraguay,0.001,0.0
2026-07-24T15:10Z,Sweden,0.001,0.0
2026-07-24T15:10Z,Algeria,0.0,0.0
2026-07-24T15:10Z,Austria,0.0,0.0
2026-07-24T15:10Z,Bosnia and Herzegovina,0.0,0.0
2026-07-24T15:10Z,Canada,0.0,0.0
2026-07-24T15:10Z,Cape Verde,0.0,0.0
2026-07-24T15:10Z,Curaçao,0.0,0.0
2026-07-24T15:10Z,Czech Republic,0.0,0.0
2026-07-24T15:10Z,DR Congo,0.0,0.0
2026-07-24T15:10Z,Ecuador,0.0,0.0
2026-07-24T15:10Z,Egypt,0.0,0.0
2026-07-24T15:10Z,Ghana,0.0,0.0
2026-07-24T15:10Z,Haiti,0.0,0.0
2026-07-24T15:10Z,Iran,0.0,0.0
2026-07-24T15:10Z,Iraq,0.0,0.0
2026-07-24T15:10Z,Jordan,0.0,0.0
2026-07-24T15:10Z,Mexico,0.0,0.0
2026-07-24T15:10Z,New Zealand,0.0,0.0
2026-07-24T15:10Z,Panama,0.0,0.0
2026-07-24T15:10Z,Qatar,0.0,0.0
2026-07-24T15:10Z,Saudi Arabia,0.0,0.0
2026-07-24T15:10Z,Scotland,0.0,0.0
2026-07-24T15:10Z,South Africa,0.0,0.0
2026-07-24T15:10Z,South Korea,0.0,0.0
2026-07-24T15:10Z,Tunisia,0.0,0.0
2026-07-24T15:10Z,Uruguay,0.0,0.0
2026-07-24T15:10Z,Uzbekistan,0.0,0.0
2026-07-24T15:10Z,Spain,0.282,0.9995
2026-07-24T17:00Z,Argentina,0.296,0.0005
2026-07-24T17:00Z,England,0.096,0.0
2026-07-24T17:00Z,France,0.082,0.0
2026-07-24T17:00Z,Portugal,0.065,0.0
2026-07-24T17:00Z,Brazil,0.028,0.0
2026-07-24T17:00Z,Belgium,0.025,0.0
2026-07-24T17:00Z,Colombia,0.025,0.0
2026-07-24T17:00Z,Morocco,0.025,0.0
2026-07-24T17:00Z,Netherlands,0.022,0.0
2026-07-24T17:00Z,Germany,0.019,0.0
2026-07-24T17:00Z,Norway,0.008,0.0
2026-07-24T17:00Z,Japan,0.007,0.0
2026-07-24T17:00Z,Switzerland,0.006,0.0
2026-07-24T17:00Z,Senegal,0.004,0.0
2026-07-24T17:00Z,Croatia,0.003,0.0
2026-07-24T17:00Z,Ivory Coast,0.002,0.0
2026-07-24T17:00Z,United States,0.002,0.0
2026-07-24T17:00Z,Australia,0.001,0.0
2026-07-24T17:00Z,Paraguay,0.001,0.0
2026-07-24T17:00Z,Sweden,0.001,0.0
2026-07-24T17:00Z,Algeria,0.0,0.0
2026-07-24T17:00Z,Austria,0.0,0.0
2026-07-24T17:00Z,Bosnia and Herzegovina,0.0,0.0
2026-07-24T17:00Z,Canada,0.0,0.0
2026-07-24T17:00Z,Cape Verde,0.0,0.0
2026-07-24T17:00Z,Curaçao,0.0,0.0
2026-07-24T17:00Z,Czech Republic,0.0,0.0
2026-07-24T17:00Z,DR Congo,0.0,0.0
2026-07-24T17:00Z,Ecuador,0.0,0.0
2026-07-24T17:00Z,Egypt,0.0,0.0
2026-07-24T17:00Z,Ghana,0.0,0.0
2026-07-24T17:00Z,Haiti,0.0,0.0
2026-07-24T17:00Z,Iran,0.0,0.0
2026-07-24T17:00Z,Iraq,0.0,0.0
2026-07-24T17:00Z,Jordan,0.0,0.0
2026-07-24T17:00Z,Mexico,0.0,0.0
2026-07-24T17:00Z,New Zealand,0.0,0.0
2026-07-24T17:00Z,Panama,0.0,0.0
2026-07-24T17:00Z,Qatar,0.0,0.0
2026-07-24T17:00Z,Saudi Arabia,0.0,0.0
2026-07-24T17:00Z,Scotland,0.0,0.0
2026-07-24T17:00Z,South Africa,0.0,0.0
2026-07-24T17:00Z,South Korea,0.0,0.0
2026-07-24T17:00Z,Tunisia,0.0,0.0
2026-07-24T17:00Z,Uruguay,0.0,0.0
2026-07-24T17:00Z,Uzbekistan,0.0,0.0
2026-07-24T17:00Z,Spain,0.282,0.9995
2026-07-24T18:20Z,Argentina,0.296,0.0005
2026-07-24T18:20Z,England,0.096,0.0
2026-07-24T18:20Z,France,0.082,0.0
2026-07-24T18:20Z,Portugal,0.065,0.0
2026-07-24T18:20Z,Brazil,0.028,0.0
2026-07-24T18:20Z,Belgium,0.025,0.0
2026-07-24T18:20Z,Colombia,0.025,0.0
2026-07-24T18:20Z,Morocco,0.025,0.0
2026-07-24T18:20Z,Netherlands,0.022,0.0
2026-07-24T18:20Z,Germany,0.019,0.0
2026-07-24T18:20Z,Norway,0.008,0.0
2026-07-24T18:20Z,Japan,0.007,0.0
2026-07-24T18:20Z,Switzerland,0.006,0.0
2026-07-24T18:20Z,Senegal,0.004,0.0
2026-07-24T18:20Z,Croatia,0.003,0.0
2026-07-24T18:20Z,Ivory Coast,0.002,0.0
2026-07-24T18:20Z,United States,0.002,0.0
2026-07-24T18:20Z,Australia,0.001,0.0
2026-07-24T18:20Z,Paraguay,0.001,0.0
2026-07-24T18:20Z,Sweden,0.001,0.0
2026-07-24T18:20Z,Algeria,0.0,0.0
2026-07-24T18:20Z,Austria,0.0,0.0
2026-07-24T18:20Z,Bosnia and Herzegovina,0.0,0.0
2026-07-24T18:20Z,Canada,0.0,0.0
2026-07-24T18:20Z,Cape Verde,0.0,0.0
2026-07-24T18:20Z,Curaçao,0.0,0.0
2026-07-24T18:20Z,Czech Republic,0.0,0.0
2026-07-24T18:20Z,DR Congo,0.0,0.0
2026-07-24T18:20Z,Ecuador,0.0,0.0
2026-07-24T18:20Z,Egypt,0.0,0.0
2026-07-24T18:20Z,Ghana,0.0,0.0
2026-07-24T18:20Z,Haiti,0.0,0.0
2026-07-24T18:20Z,Iran,0.0,0.0
2026-07-24T18:20Z,Iraq,0.0,0.0
2026-07-24T18:20Z,Jordan,0.0,0.0
2026-07-24T18:20Z,Mexico,0.0,0.0
2026-07-24T18:20Z,New Zealand,0.0,0.0
2026-07-24T18:20Z,Panama,0.0,0.0
2026-07-24T18:20Z,Qatar,0.0,0.0
2026-07-24T18:20Z,Saudi Arabia,0.0,0.0
2026-07-24T18:20Z,Scotland,0.0,0.0
2026-07-24T18:20Z,South Africa,0.0,0.0
2026-07-24T18:20Z,South Korea,0.0,0.0
2026-07-24T18:20Z,Tunisia,0.0,0.0
2026-07-24T18:20Z,Uruguay,0.0,0.0
2026-07-24T18:20Z,Uzbekistan,0.0,0.0
2026-07-24T18:20Z,Spain,0.282,0.9995
2026-07-24T19:52Z,Argentina,0.296,0.0005
2026-07-24T19:52Z,England,0.096,0.0
2026-07-24T19:52Z,France,0.082,0.0
2026-07-24T19:52Z,Portugal,0.065,0.0
2026-07-24T19:52Z,Brazil,0.028,0.0
2026-07-24T19:52Z,Belgium,0.025,0.0
2026-07-24T19:52Z,Colombia,0.025,0.0
2026-07-24T19:52Z,Morocco,0.025,0.0
2026-07-24T19:52Z,Netherlands,0.022,0.0
2026-07-24T19:52Z,Germany,0.019,0.0
2026-07-24T19:52Z,Norway,0.008,0.0
2026-07-24T19:52Z,Japan,0.007,0.0
2026-07-24T19:52Z,Switzerland,0.006,0.0
2026-07-24T19:52Z,Senegal,0.004,0.0
2026-07-24T19:52Z,Croatia,0.003,0.0
2026-07-24T19:52Z,Ivory Coast,0.002,0.0
2026-07-24T19:52Z,United States,0.002,0.0
2026-07-24T19:52Z,Australia,0.001,0.0
2026-07-24T19:52Z,Paraguay,0.001,0.0
2026-07-24T19:52Z,Sweden,0.001,0.0
2026-07-24T19:52Z,Algeria,0.0,0.0
2026-07-24T19:52Z,Austria,0.0,0.0
2026-07-24T19:52Z,Bosnia and Herzegovina,0.0,0.0
2026-07-24T19:52Z,Canada,0.0,0.0
2026-07-24T19:52Z,Cape Verde,0.0,0.0
2026-07-24T19:52Z,Curaçao,0.0,0.0
2026-07-24T19:52Z,Czech Republic,0.0,0.0
2026-07-24T19:52Z,DR Congo,0.0,0.0
2026-07-24T19:52Z,Ecuador,0.0,0.0
2026-07-24T19:52Z,Egypt,0.0,0.0
2026-07-24T19:52Z,Ghana,0.0,0.0
2026-07-24T19:52Z,Haiti,0.0,0.0
2026-07-24T19:52Z,Iran,0.0,0.0
2026-07-24T19:52Z,Iraq,0.0,0.0
2026-07-24T19:52Z,Jordan,0.0,0.0
2026-07-24T19:52Z,Mexico,0.0,0.0
2026-07-24T19:52Z,New Zealand,0.0,0.0
2026-07-24T19:52Z,Panama,0.0,0.0
2026-07-24T19:52Z,Qatar,0.0,0.0
2026-07-24T19:52Z,Saudi Arabia,0.0,0.0
2026-07-24T19:52Z,Scotland,0.0,0.0
2026-07-24T19:52Z,South Africa,0.0,0.0
2026-07-24T19:52Z,South Korea,0.0,0.0
2026-07-24T19:52Z,Tunisia,0.0,0.0
2026-07-24T19:52Z,Uruguay,0.0,0.0
2026-07-24T19:52Z,Uzbekistan,0.0,0.0
2026-07-24T19:52Z,Spain,0.282,0.9995
2026-07-24T20:58Z,Argentina,0.296,0.0005
2026-07-24T20:58Z,England,0.096,0.0
2026-07-24T20:58Z,France,0.082,0.0
2026-07-24T20:58Z,Portugal,0.065,0.0
2026-07-24T20:58Z,Brazil,0.028,0.0
2026-07-24T20:58Z,Belgium,0.025,0.0
2026-07-24T20:58Z,Colombia,0.025,0.0
2026-07-24T20:58Z,Morocco,0.025,0.0
2026-07-24T20:58Z,Netherlands,0.022,0.0
2026-07-24T20:58Z,Germany,0.019,0.0
2026-07-24T20:58Z,Norway,0.008,0.0
2026-07-24T20:58Z,Japan,0.007,0.0
2026-07-24T20:58Z,Switzerland,0.006,0.0
2026-07-24T20:58Z,Senegal,0.004,0.0
2026-07-24T20:58Z,Croatia,0.003,0.0
2026-07-24T20:58Z,Ivory Coast,0.002,0.0
2026-07-24T20:58Z,United States,0.002,0.0
2026-07-24T20:58Z,Australia,0.001,0.0
2026-07-24T20:58Z,Paraguay,0.001,0.0
2026-07-24T20:58Z,Sweden,0.001,0.0
2026-07-24T20:58Z,Algeria,0.0,0.0
2026-07-24T20:58Z,Austria,0.0,0.0
2026-07-24T20:58Z,Bosnia and Herzegovina,0.0,0.0
2026-07-24T20:58Z,Canada,0.0,0.0
2026-07-24T20:58Z,Cape Verde,0.0,0.0
2026-07-24T20:58Z,Curaçao,0.0,0.0
2026-07-24T20:58Z,Czech Republic,0.0,0.0
2026-07-24T20:58Z,DR Congo,0.0,0.0
2026-07-24T20:58Z,Ecuador,0.0,0.0
2026-07-24T20:58Z,Egypt,0.0,0.0
2026-07-24T20:58Z,Ghana,0.0,0.0
2026-07-24T20:58Z,Haiti,0.0,0.0
2026-07-24T20:58Z,Iran,0.0,0.0
2026-07-24T20:58Z,Iraq,0.0,0.0
2026-07-24T20:58Z,Jordan,0.0,0.0
2026-07-24T20:58Z,Mexico,0.0,0.0
2026-07-24T20:58Z,New Zealand,0.0,0.0
2026-07-24T20:58Z,Panama,0.0,0.0
2026-07-24T20:58Z,Qatar,0.0,0.0
2026-07-24T20:58Z,Saudi Arabia,0.0,0.0
2026-07-24T20:58Z,Scotland,0.0,0.0
2026-07-24T20:58Z,South Africa,0.0,0.0
2026-07-24T20:58Z,South Korea,0.0,0.0
2026-07-24T20:58Z,Tunisia,0.0,0.0
2026-07-24T20:58Z,Uruguay,0.0,0.0
2026-07-24T20:58Z,Uzbekistan,0.0,0.0
2026-07-24T20:58Z,Spain,0.282,0.9995
2026-07-24T22:02Z,Argentina,0.296,0.0005
2026-07-24T22:02Z,England,0.096,0.0
2026-07-24T22:02Z,France,0.082,0.0
2026-07-24T22:02Z,Portugal,0.065,0.0
2026-07-24T22:02Z,Brazil,0.028,0.0
2026-07-24T22:02Z,Belgium,0.025,0.0
2026-07-24T22:02Z,Colombia,0.025,0.0
2026-07-24T22:02Z,Morocco,0.025,0.0
2026-07-24T22:02Z,Netherlands,0.022,0.0
2026-07-24T22:02Z,Germany,0.019,0.0
2026-07-24T22:02Z,Norway,0.008,0.0
2026-07-24T22:02Z,Japan,0.007,0.0
2026-07-24T22:02Z,Switzerland,0.006,0.0
2026-07-24T22:02Z,Senegal,0.004,0.0
2026-07-24T22:02Z,Croatia,0.003,0.0
2026-07-24T22:02Z,Ivory Coast,0.002,0.0
2026-07-24T22:02Z,United States,0.002,0.0
2026-07-24T22:02Z,Australia,0.001,0.0
2026-07-24T22:02Z,Paraguay,0.001,0.0
2026-07-24T22:02Z,Sweden,0.001,0.0
2026-07-24T22:02Z,Algeria,0.0,0.0
2026-07-24T22:02Z,Austria,0.0,0.0
2026-07-24T22:02Z,Bosnia and Herzegovina,0.0,0.0
2026-07-24T22:02Z,Canada,0.0,0.0
2026-07-24T22:02Z,Cape Verde,0.0,0.0
2026-07-24T22:02Z,Curaçao,0.0,0.0
2026-07-24T22:02Z,Czech Republic,0.0,0.0
2026-07-24T22:02Z,DR Congo,0.0,0.0
2026-07-24T22:02Z,Ecuador,0.0,0.0
2026-07-24T22:02Z,Egypt,0.0,0.0
2026-07-24T22:02Z,Ghana,0.0,0.0
2026-07-24T22:02Z,Haiti,0.0,0.0
2026-07-24T22:02Z,Iran,0.0,0.0
2026-07-24T22:02Z,Iraq,0.0,0.0
2026-07-24T22:02Z,Jordan,0.0,0.0
2026-07-24T22:02Z,Mexico,0.0,0.0
2026-07-24T22:02Z,New Zealand,0.0,0.0
2026-07-24T22:02Z,Panama,0.0,0.0
2026-07-24T22:02Z,Qatar,0.0,0.0
2026-07-24T22:02Z,Saudi Arabia,0.0,0.0
2026-07-24T22:02Z,Scotland,0.0,0.0
2026-07-24T22:02Z,South Africa,0.0,0.0
2026-07-24T22:02Z,South Korea,0.0,0.0
2026-07-24T22:02Z,Tunisia,0.0,0.0
2026-07-24T22:02Z,Uruguay,0.0,0.0
2026-07-24T22:02Z,Uzbekistan,0.0,0.0
2026-07-24T22:02Z,Spain,0.282,0.9995
2026-07-24T23:07Z,Argentina,0.296,0.0005
2026-07-24T23:07Z,England,0.096,0.0
2026-07-24T23:07Z,France,0.082,0.0
2026-07-24T23:07Z,Portugal,0.065,0.0
2026-07-24T23:07Z,Brazil,0.028,0.0
2026-07-24T23:07Z,Belgium,0.025,0.0
2026-07-24T23:07Z,Colombia,0.025,0.0
2026-07-24T23:07Z,Morocco,0.025,0.0
2026-07-24T23:07Z,Netherlands,0.022,0.0
2026-07-24T23:07Z,Germany,0.019,0.0
2026-07-24T23:07Z,Norway,0.008,0.0
2026-07-24T23:07Z,Japan,0.007,0.0
2026-07-24T23:07Z,Switzerland,0.006,0.0
2026-07-24T23:07Z,Senegal,0.004,0.0
2026-07-24T23:07Z,Croatia,0.003,0.0
2026-07-24T23:07Z,Ivory Coast,0.002,0.0
2026-07-24T23:07Z,United States,0.002,0.0
2026-07-24T23:07Z,Australia,0.001,0.0
2026-07-24T23:07Z,Paraguay,0.001,0.0
2026-07-24T23:07Z,Sweden,0.001,0.0
2026-07-24T23:07Z,Algeria,0.0,0.0
2026-07-24T23:07Z,Austria,0.0,0.0
2026-07-24T23:07Z,Bosnia and Herzegovina,0.0,0.0
2026-07-24T23:07Z,Canada,0.0,0.0
2026-07-24T23:07Z,Cape Verde,0.0,0.0
2026-07-24T23:07Z,Curaçao,0.0,0.0
2026-07-24T23:07Z,Czech Republic,0.0,0.0
2026-07-24T23:07Z,DR Congo,0.0,0.0
2026-07-24T23:07Z,Ecuador,0.0,0.0
2026-07-24T23:07Z,Egypt,0.0,0.0
2026-07-24T23:07Z,Ghana,0.0,0.0
2026-07-24T23:07Z,Haiti,0.0,0.0
2026-07-24T23:07Z,Iran,0.0,0.0
2026-07-24T23:07Z,Iraq,0.0,0.0
2026-07-24T23:07Z,Jordan,0.0,0.0
2026-07-24T23:07Z,Mexico,0.0,0.0
2026-07-24T23:07Z,New Zealand,0.0,0.0
2026-07-24T23:07Z,Panama,0.0,0.0
2026-07-24T23:07Z,Qatar,0.0,0.0
2026-07-24T23:07Z,Saudi Arabia,0.0,0.0
2026-07-24T23:07Z,Scotland,0.0,0.0
2026-07-24T23:07Z,South Africa,0.0,0.0
2026-07-24T23:07Z,South Korea,0.0,0.0
2026-07-24T23:07Z,Tunisia,0.0,0.0
2026-07-24T23:07Z,Uruguay,0.0,0.0
2026-07-24T23:07Z,Uzbekistan,0.0,0.0
2026-07-24T23:07Z,Spain,0.282,0.9995
2026-07-25T00:18Z,Argentina,0.296,0.0005
2026-07-25T00:18Z,England,0.096,0.0
2026-07-25T00:18Z,France,0.082,0.0
2026-07-25T00:18Z,Portugal,0.065,0.0
2026-07-25T00:18Z,Brazil,0.028,0.0
2026-07-25T00:18Z,Belgium,0.025,0.0
2026-07-25T00:18Z,Colombia,0.025,0.0
2026-07-25T00:18Z,Morocco,0.025,0.0
2026-07-25T00:18Z,Netherlands,0.022,0.0
2026-07-25T00:18Z,Germany,0.019,0.0
2026-07-25T00:18Z,Norway,0.008,0.0
2026-07-25T00:18Z,Japan,0.007,0.0
2026-07-25T00:18Z,Switzerland,0.006,0.0
2026-07-25T00:18Z,Senegal,0.004,0.0
2026-07-25T00:18Z,Croatia,0.003,0.0
2026-07-25T00:18Z,Ivory Coast,0.002,0.0
2026-07-25T00:18Z,United States,0.002,0.0
2026-07-25T00:18Z,Australia,0.001,0.0
2026-07-25T00:18Z,Paraguay,0.001,0.0
2026-07-25T00:18Z,Sweden,0.001,0.0
2026-07-25T00:18Z,Algeria,0.0,0.0
2026-07-25T00:18Z,Austria,0.0,0.0
2026-07-25T00:18Z,Bosnia and Herzegovina,0.0,0.0
2026-07-25T00:18Z,Canada,0.0,0.0
2026-07-25T00:18Z,Cape Verde,0.0,0.0
2026-07-25T00:18Z,Curaçao,0.0,0.0
2026-07-25T00:18Z,Czech Republic,0.0,0.0
2026-07-25T00:18Z,DR Congo,0.0,0.0
2026-07-25T00:18Z,Ecuador,0.0,0.0
2026-07-25T00:18Z,Egypt,0.0,0.0
2026-07-25T00:18Z,Ghana,0.0,0.0
2026-07-25T00:18Z,Haiti,0.0,0.0
2026-07-25T00:18Z,Iran,0.0,0.0
2026-07-25T00:18Z,Iraq,0.0,0.0
2026-07-25T00:18Z,Jordan,0.0,0.0
2026-07-25T00:18Z,Mexico,0.0,0.0
2026-07-25T00:18Z,New Zealand,0.0,0.0
2026-07-25T00:18Z,Panama,0.0,0.0
2026-07-25T00:18Z,Qatar,0.0,0.0
2026-07-25T00:18Z,Saudi Arabia,0.0,0.0
2026-07-25T00:18Z,Scotland,0.0,0.0
2026-07-25T00:18Z,South Africa,0.0,0.0
2026-07-25T00:18Z,South Korea,0.0,0.0
2026-07-25T00:18Z,Tunisia,0.0,0.0
2026-07-25T00:18Z,Uruguay,0.0,0.0
2026-07-25T00:18Z,Uzbekistan,0.0,0.0
2026-07-25T00:18Z,Spain,0.282,0.9995
2026-07-25T03:42Z,Argentina,0.296,0.0005
2026-07-25T03:42Z,England,0.096,0.0
2026-07-25T03:42Z,France,0.082,0.0
2026-07-25T03:42Z,Portugal,0.065,0.0
2026-07-25T03:42Z,Brazil,0.028,0.0
2026-07-25T03:42Z,Belgium,0.025,0.0
2026-07-25T03:42Z,Colombia,0.025,0.0
2026-07-25T03:42Z,Morocco,0.025,0.0
2026-07-25T03:42Z,Netherlands,0.022,0.0
2026-07-25T03:42Z,Germany,0.019,0.0
2026-07-25T03:42Z,Norway,0.008,0.0
2026-07-25T03:42Z,Japan,0.007,0.0
2026-07-25T03:42Z,Switzerland,0.006,0.0
2026-07-25T03:42Z,Senegal,0.004,0.0
2026-07-25T03:42Z,Croatia,0.003,0.0
2026-07-25T03:42Z,Ivory Coast,0.002,0.0
2026-07-25T03:42Z,United States,0.002,0.0
2026-07-25T03:42Z,Australia,0.001,0.0
2026-07-25T03:42Z,Paraguay,0.001,0.0
2026-07-25T03:42Z,Sweden,0.001,0.0
2026-07-25T03:42Z,Algeria,0.0,0.0
2026-07-25T03:42Z,Austria,0.0,0.0
2026-07-25T03:42Z,Bosnia and Herzegovina,0.0,0.0
2026-07-25T03:42Z,Canada,0.0,0.0
2026-07-25T03:42Z,Cape Verde,0.0,0.0
2026-07-25T03:42Z,Curaçao,0.0,0.0
2026-07-25T03:42Z,Czech Republic,0.0,0.0
2026-07-25T03:42Z,DR Congo,0.0,0.0
2026-07-25T03:42Z,Ecuador,0.0,0.0
2026-07-25T03:42Z,Egypt,0.0,0.0
2026-07-25T03:42Z,Ghana,0.0,0.0
2026-07-25T03:42Z,Haiti,0.0,0.0
2026-07-25T03:42Z,Iran,0.0,0.0
2026-07-25T03:42Z,Iraq,0.0,0.0
2026-07-25T03:42Z,Jordan,0.0,0.0
2026-07-25T03:42Z,Mexico,0.0,0.0
2026-07-25T03:42Z,New Zealand,0.0,0.0
2026-07-25T03:42Z,Panama,0.0,0.0
2026-07-25T03:42Z,Qatar,0.0,0.0
2026-07-25T03:42Z,Saudi Arabia,0.0,0.0
2026-07-25T03:42Z,Scotland,0.0,0.0
2026-07-25T03:42Z,South Africa,0.0,0.0
2026-07-25T03:42Z,South Korea,0.0,0.0
2026-07-25T03:42Z,Tunisia,0.0,0.0
2026-07-25T03:42Z,Uruguay,0.0,0.0
2026-07-25T03:42Z,Uzbekistan,0.0,0.0
2026-07-25T03:42Z,Spain,0.282,0.9995
2026-07-25T06:12Z,Argentina,0.296,0.0005
2026-07-25T06:12Z,England,0.096,0.0
2026-07-25T06:12Z,France,0.082,0.0
2026-07-25T06:12Z,Portugal,0.065,0.0
2026-07-25T06:12Z,Brazil,0.028,0.0
2026-07-25T06:12Z,Belgium,0.025,0.0
2026-07-25T06:12Z,Colombia,0.025,0.0
2026-07-25T06:12Z,Morocco,0.025,0.0
2026-07-25T06:12Z,Netherlands,0.022,0.0
2026-07-25T06:12Z,Germany,0.019,0.0
2026-07-25T06:12Z,Norway,0.008,0.0
2026-07-25T06:12Z,Japan,0.007,0.0
2026-07-25T06:12Z,Switzerland,0.006,0.0
2026-07-25T06:12Z,Senegal,0.004,0.0
2026-07-25T06:12Z,Croatia,0.003,0.0
2026-07-25T06:12Z,Ivory Coast,0.002,0.0
2026-07-25T06:12Z,United States,0.002,0.0
2026-07-25T06:12Z,Australia,0.001,0.0
2026-07-25T06:12Z,Paraguay,0.001,0.0
2026-07-25T06:12Z,Sweden,0.001,0.0
2026-07-25T06:12Z,Algeria,0.0,0.0
2026-07-25T06:12Z,Austria,0.0,0.0
2026-07-25T06:12Z,Bosnia and Herzegovina,0.0,0.0
2026-07-25T06:12Z,Canada,0.0,0.0
2026-07-25T06:12Z,Cape Verde,0.0,0.0
2026-07-25T06:12Z,Curaçao,0.0,0.0
2026-07-25T06:12Z,Czech Republic,0.0,0.0
2026-07-25T06:12Z,DR Congo,0.0,0.0
2026-07-25T06:12Z,Ecuador,0.0,0.0
2026-07-25T06:12Z,Egypt,0.0,0.0
2026-07-25T06:12Z,Ghana,0.0,0.0
2026-07-25T06:12Z,Haiti,0.0,0.0
2026-07-25T06:12Z,Iran,0.0,0.0
2026-07-25T06:12Z,Iraq,0.0,0.0
2026-07-25T06:12Z,Jordan,0.0,0.0
2026-07-25T06:12Z,Mexico,0.0,0.0
2026-07-25T06:12Z,New Zealand,0.0,0.0
2026-07-25T06:12Z,Panama,0.0,0.0
2026-07-25T06:12Z,Qatar,0.0,0.0
2026-07-25T06:12Z,Saudi Arabia,0.0,0.0
2026-07-25T06:12Z,Scotland,0.0,0.0
2026-07-25T06:12Z,South Africa,0.0,0.0
2026-07-25T06:12Z,South Korea,0.0,0.0
2026-07-25T06:12Z,Tunisia,0.0,0.0
2026-07-25T06:12Z,Uruguay,0.0,0.0
2026-07-25T06:12Z,Uzbekistan,0.0,0.0
2026-07-25T06:12Z,Spain,0.282,0.9995
2026-07-25T08:26Z,Argentina,0.296,0.0005
2026-07-25T08:26Z,England,0.096,0.0
2026-07-25T08:26Z,France,0.082,0.0
2026-07-25T08:26Z,Portugal,0.065,0.0
2026-07-25T08:26Z,Brazil,0.028,0.0
2026-07-25T08:26Z,Belgium,0.025,0.0
2026-07-25T08:26Z,Colombia,0.025,0.0
2026-07-25T08:26Z,Morocco,0.025,0.0
2026-07-25T08:26Z,Netherlands,0.022,0.0
2026-07-25T08:26Z,Germany,0.019,0.0
2026-07-25T08:26Z,Norway,0.008,0.0
2026-07-25T08:26Z,Japan,0.007,0.0
2026-07-25T08:26Z,Switzerland,0.006,0.0
2026-07-25T08:26Z,Senegal,0.004,0.0
2026-07-25T08:26Z,Croatia,0.003,0.0
2026-07-25T08:26Z,Ivory Coast,0.002,0.0
2026-07-25T08:26Z,United States,0.002,0.0
2026-07-25T08:26Z,Australia,0.001,0.0
2026-07-25T08:26Z,Paraguay,0.001,0.0
2026-07-25T08:26Z,Sweden,0.001,0.0
2026-07-25T08:26Z,Algeria,0.0,0.0
2026-07-25T08:26Z,Austria,0.0,0.0
2026-07-25T08:26Z,Bosnia and Herzegovina,0.0,0.0
2026-07-25T08:26Z,Canada,0.0,0.0
2026-07-25T08:26Z,Cape Verde,0.0,0.0
2026-07-25T08:26Z,Curaçao,0.0,0.0
2026-07-25T08:26Z,Czech Republic,0.0,0.0
2026-07-25T08:26Z,DR Congo,0.0,0.0
2026-07-25T08:26Z,Ecuador,0.0,0.0
2026-07-25T08:26Z,Egypt,0.0,0.0
2026-07-25T08:26Z,Ghana,0.0,0.0
2026-07-25T08:26Z,Haiti,0.0,0.0
2026-07-25T08:26Z,Iran,0.0,0.0
2026-07-25T08:26Z,Iraq,0.0,0.0
2026-07-25T08:26Z,Jordan,0.0,0.0
2026-07-25T08:26Z,Mexico,0.0,0.0
2026-07-25T08:26Z,New Zealand,0.0,0.0
2026-07-25T08:26Z,Panama,0.0,0.0
2026-07-25T08:26Z,Qatar,0.0,0.0
2026-07-25T08:26Z,Saudi Arabia,0.0,0.0
2026-07-25T08:26Z,Scotland,0.0,0.0
2026-07-25T08:26Z,South Africa,0.0,0.0
2026-07-25T08:26Z,South Korea,0.0,0.0
2026-07-25T08:26Z,Tunisia,0.0,0.0
2026-07-25T08:26Z,Uruguay,0.0,0.0
2026-07-25T08:26Z,Uzbekistan,0.0,0.0
2026-07-25T08:26Z,Spain,0.282,0.9995
2026-07-25T10:15Z,Argentina,0.296,0.0005
2026-07-25T10:15Z,England,0.096,0.0
2026-07-25T10:15Z,France,0.082,0.0
2026-07-25T10:15Z,Portugal,0.065,0.0
2026-07-25T10:15Z,Brazil,0.028,0.0
2026-07-25T10:15Z,Belgium,0.025,0.0
2026-07-25T10:15Z,Colombia,0.025,0.0
2026-07-25T10:15Z,Morocco,0.025,0.0
2026-07-25T10:15Z,Netherlands,0.022,0.0
2026-07-25T10:15Z,Germany,0.019,0.0
2026-07-25T10:15Z,Norway,0.008,0.0
2026-07-25T10:15Z,Japan,0.007,0.0
2026-07-25T10:15Z,Switzerland,0.006,0.0
2026-07-25T10:15Z,Senegal,0.004,0.0
2026-07-25T10:15Z,Croatia,0.003,0.0
2026-07-25T10:15Z,Ivory Coast,0.002,0.0
2026-07-25T10:15Z,United States,0.002,0.0
2026-07-25T10:15Z,Australia,0.001,0.0
2026-07-25T10:15Z,Paraguay,0.001,0.0
2026-07-25T10:15Z,Sweden,0.001,0.0
2026-07-25T10:15Z,Algeria,0.0,0.0
2026-07-25T10:15Z,Austria,0.0,0.0
2026-07-25T10:15Z,Bosnia and Herzegovina,0.0,0.0
2026-07-25T10:15Z,Canada,0.0,0.0
2026-07-25T10:15Z,Cape Verde,0.0,0.0
2026-07-25T10:15Z,Curaçao,0.0,0.0
2026-07-25T10:15Z,Czech Republic,0.0,0.0
2026-07-25T10:15Z,DR Congo,0.0,0.0
2026-07-25T10:15Z,Ecuador,0.0,0.0
2026-07-25T10:15Z,Egypt,0.0,0.0
2026-07-25T10:15Z,Ghana,0.0,0.0
2026-07-25T10:15Z,Haiti,0.0,0.0
2026-07-25T10:15Z,Iran,0.0,0.0
2026-07-25T10:15Z,Iraq,0.0,0.0
2026-07-25T10:15Z,Jordan,0.0,0.0
2026-07-25T10:15Z,Mexico,0.0,0.0
2026-07-25T10:15Z,New Zealand,0.0,0.0
2026-07-25T10:15Z,Panama,0.0,0.0
2026-07-25T10:15Z,Qatar,0.0,0.0
2026-07-25T10:15Z,Saudi Arabia,0.0,0.0
2026-07-25T10:15Z,Scotland,0.0,0.0
2026-07-25T10:15Z,South Africa,0.0,0.0
2026-07-25T10:15Z,South Korea,0.0,0.0
2026-07-25T10:15Z,Tunisia,0.0,0.0
2026-07-25T10:15Z,Uruguay,0.0,0.0
2026-07-25T10:15Z,Uzbekistan,0.0,0.0
2026-07-25T10:15Z,Spain,0.282,0.9995
2026-07-25T11:37Z,Argentina,0.296,0.0005
2026-07-25T11:37Z,England,0.096,0.0
2026-07-25T11:37Z,France,0.082,0.0
2026-07-25T11:37Z,Portugal,0.065,0.0
2026-07-25T11:37Z,Brazil,0.028,0.0
2026-07-25T11:37Z,Belgium,0.025,0.0
2026-07-25T11:37Z,Colombia,0.025,0.0
2026-07-25T11:37Z,Morocco,0.025,0.0
2026-07-25T11:37Z,Netherlands,0.022,0.0
2026-07-25T11:37Z,Germany,0.019,0.0
2026-07-25T11:37Z,Norway,0.008,0.0
2026-07-25T11:37Z,Japan,0.007,0.0
2026-07-25T11:37Z,Switzerland,0.006,0.0
2026-07-25T11:37Z,Senegal,0.004,0.0
2026-07-25T11:37Z,Croatia,0.003,0.0
2026-07-25T11:37Z,Ivory Coast,0.002,0.0
2026-07-25T11:37Z,United States,0.002,0.0
2026-07-25T11:37Z,Australia,0.001,0.0
2026-07-25T11:37Z,Paraguay,0.001,0.0
2026-07-25T11:37Z,Sweden,0.001,0.0
2026-07-25T11:37Z,Algeria,0.0,0.0
2026-07-25T11:37Z,Austria,0.0,0.0
2026-07-25T11:37Z,Bosnia and Herzegovina,0.0,0.0
2026-07-25T11:37Z,Canada,0.0,0.0
2026-07-25T11:37Z,Cape Verde,0.0,0.0
2026-07-25T11:37Z,Curaçao,0.0,0.0
2026-07-25T11:37Z,Czech Republic,0.0,0.0
2026-07-25T11:37Z,DR Congo,0.0,0.0
2026-07-25T11:37Z,Ecuador,0.0,0.0
2026-07-25T11:37Z,Egypt,0.0,0.0
2026-07-25T11:37Z,Ghana,0.0,0.0
2026-07-25T11:37Z,Haiti,0.0,0.0
2026-07-25T11:37Z,Iran,0.0,0.0
2026-07-25T11:37Z,Iraq,0.0,0.0
2026-07-25T11:37Z,Jordan,0.0,0.0
2026-07-25T11:37Z,Mexico,0.0,0.0
2026-07-25T11:37Z,New Zealand,0.0,0.0
2026-07-25T11:37Z,Panama,0.0,0.0
2026-07-25T11:37Z,Qatar,0.0,0.0
2026-07-25T11:37Z,Saudi Arabia,0.0,0.0
2026-07-25T11:37Z,Scotland,0.0,0.0
2026-07-25T11:37Z,South Africa,0.0,0.0
2026-07-25T11:37Z,South Korea,0.0,0.0
2026-07-25T11:37Z,Tunisia,0.0,0.0
2026-07-25T11:37Z,Uruguay,0.0,0.0
2026-07-25T11:37Z,Uzbekistan,0.0,0.0
2026-07-25T11:37Z,Spain,0.282,0.9995
2026-07-25T14:17Z,Argentina,0.296,0.0005
2026-07-25T14:17Z,England,0.096,0.0
2026-07-25T14:17Z,France,0.082,0.0
2026-07-25T14:17Z,Portugal,0.065,0.0
2026-07-25T14:17Z,Brazil,0.028,0.0
2026-07-25T14:17Z,Belgium,0.025,0.0
2026-07-25T14:17Z,Colombia,0.025,0.0
2026-07-25T14:17Z,Morocco,0.025,0.0
2026-07-25T14:17Z,Netherlands,0.022,0.0
2026-07-25T14:17Z,Germany,0.019,0.0
2026-07-25T14:17Z,Norway,0.008,0.0
2026-07-25T14:17Z,Japan,0.007,0.0
2026-07-25T14:17Z,Switzerland,0.006,0.0
2026-07-25T14:17Z,Senegal,0.004,0.0
2026-07-25T14:17Z,Croatia,0.003,0.0
2026-07-25T14:17Z,Ivory Coast,0.002,0.0
2026-07-25T14:17Z,United States,0.002,0.0
2026-07-25T14:17Z,Australia,0.001,0.0
2026-07-25T14:17Z,Paraguay,0.001,0.0
2026-07-25T14:17Z,Sweden,0.001,0.0
2026-07-25T14:17Z,Algeria,0.0,0.0
2026-07-25T14:17Z,Austria,0.0,0.0
2026-07-25T14:17Z,Bosnia and Herzegovina,0.0,0.0
2026-07-25T14:17Z,Canada,0.0,0.0
2026-07-25T14:17Z,Cape Verde,0.0,0.0
2026-07-25T14:17Z,Curaçao,0.0,0.0
2026-07-25T14:17Z,Czech Republic,0.0,0.0
2026-07-25T14:17Z,DR Congo,0.0,0.0
2026-07-25T14:17Z,Ecuador,0.0,0.0
2026-07-25T14:17Z,Egypt,0.0,0.0
2026-07-25T14:17Z,Ghana,0.0,0.0
2026-07-25T14:17Z,Haiti,0.0,0.0
2026-07-25T14:17Z,Iran,0.0,0.0
2026-07-25T14:17Z,Iraq,0.0,0.0
2026-07-25T14:17Z,Jordan,0.0,0.0
2026-07-25T14:17Z,Mexico,0.0,0.0
2026-07-25T14:17Z,New Zealand,0.0,0.0
2026-07-25T14:17Z,Panama,0.0,0.0
2026-07-25T14:17Z,Qatar,0.0,0.0
2026-07-25T14:17Z,Saudi Arabia,0.0,0.0
2026-07-25T14:17Z,Scotland,0.0,0.0
2026-07-25T14:17Z,South Africa,0.0,0.0
2026-07-25T14:17Z,South Korea,0.0,0.0
2026-07-25T14:17Z,Tunisia,0.0,0.0
2026-07-25T14:17Z,Uruguay,0.0,0.0
2026-07-25T14:17Z,Uzbekistan,0.0,0.0
2026-07-25T14:17Z,Spain,0.282,0.9995
2026-07-25T15:31Z,Argentina,0.296,0.0005
2026-07-25T15:31Z,England,0.096,0.0
2026-07-25T15:31Z,France,0.082,0.0
2026-07-25T15:31Z,Portugal,0.065,0.0
2026-07-25T15:31Z,Brazil,0.028,0.0
2026-07-25T15:31Z,Belgium,0.025,0.0
2026-07-25T15:31Z,Colombia,0.025,0.0
2026-07-25T15:31Z,Morocco,0.025,0.0
2026-07-25T15:31Z,Netherlands,0.022,0.0
2026-07-25T15:31Z,Germany,0.019,0.0
2026-07-25T15:31Z,Norway,0.008,0.0
2026-07-25T15:31Z,Japan,0.007,0.0
2026-07-25T15:31Z,Switzerland,0.006,0.0
2026-07-25T15:31Z,Senegal,0.004,0.0
2026-07-25T15:31Z,Croatia,0.003,0.0
2026-07-25T15:31Z,Ivory Coast,0.002,0.0
2026-07-25T15:31Z,United States,0.002,0.0
2026-07-25T15:31Z,Australia,0.001,0.0
2026-07-25T15:31Z,Paraguay,0.001,0.0
2026-07-25T15:31Z,Sweden,0.001,0.0
2026-07-25T15:31Z,Algeria,0.0,0.0
2026-07-25T15:31Z,Austria,0.0,0.0
2026-07-25T15:31Z,Bosnia and Herzegovina,0.0,0.0
2026-07-25T15:31Z,Canada,0.0,0.0
2026-07-25T15:31Z,Cape Verde,0.0,0.0
2026-07-25T15:31Z,Curaçao,0.0,0.0
2026-07-25T15:31Z,Czech Republic,0.0,0.0
2026-07-25T15:31Z,DR Congo,0.0,0.0
2026-07-25T15:31Z,Ecuador,0.0,0.0
2026-07-25T15:31Z,Egypt,0.0,0.0
2026-07-25T15:31Z,Ghana,0.0,0.0
2026-07-25T15:31Z,Haiti,0.0,0.0
2026-07-25T15:31Z,Iran,0.0,0.0
2026-07-25T15:31Z,Iraq,0.0,0.0
2026-07-25T15:31Z,Jordan,0.0,0.0
2026-07-25T15:31Z,Mexico,0.0,0.0
2026-07-25T15:31Z,New Zealand,0.0,0.0
2026-07-25T15:31Z,Panama,0.0,0.0
2026-07-25T15:31Z,Qatar,0.0,0.0
2026-07-25T15:31Z,Saudi Arabia,0.0,0.0
2026-07-25T15:31Z,Scotland,0.0,0.0
2026-07-25T15:31Z,South Africa,0.0,0.0
2026-07-25T15:31Z,South Korea,0.0,0.0
2026-07-25T15:31Z,Tunisia,0.0,0.0
2026-07-25T15:31Z,Uruguay,0.0,0.0
2026-07-25T15:31Z,Uzbekistan,0.0,0.0
2026-07-25T15:31Z,Spain,0.282,0.9995
2026-07-25T16:31Z,Argentina,0.296,0.0005
2026-07-25T16:31Z,England,0.096,0.0
2026-07-25T16:31Z,France,0.082,0.0
2026-07-25T16:31Z,Portugal,0.065,0.0
2026-07-25T16:31Z,Brazil,0.028,0.0
2026-07-25T16:31Z,Belgium,0.025,0.0
2026-07-25T16:31Z,Colombia,0.025,0.0
2026-07-25T16:31Z,Morocco,0.025,0.0
2026-07-25T16:31Z,Netherlands,0.022,0.0
2026-07-25T16:31Z,Germany,0.019,0.0
2026-07-25T16:31Z,Norway,0.008,0.0
2026-07-25T16:31Z,Japan,0.007,0.0
2026-07-25T16:31Z,Switzerland,0.006,0.0
2026-07-25T16:31Z,Senegal,0.004,0.0
2026-07-25T16:31Z,Croatia,0.003,0.0
2026-07-25T16:31Z,Ivory Coast,0.002,0.0
2026-07-25T16:31Z,United States,0.002,0.0
2026-07-25T16:31Z,Australia,0.001,0.0
2026-07-25T16:31Z,Paraguay,0.001,0.0
2026-07-25T16:31Z,Sweden,0.001,0.0
2026-07-25T16:31Z,Algeria,0.0,0.0
2026-07-25T16:31Z,Austria,0.0,0.0
2026-07-25T16:31Z,Bosnia and Herzegovina,0.0,0.0
2026-07-25T16:31Z,Canada,0.0,0.0
2026-07-25T16:31Z,Cape Verde,0.0,0.0
2026-07-25T16:31Z,Curaçao,0.0,0.0
2026-07-25T16:31Z,Czech Republic,0.0,0.0
2026-07-25T16:31Z,DR Congo,0.0,0.0
2026-07-25T16:31Z,Ecuador,0.0,0.0
2026-07-25T16:31Z,Egypt,0.0,0.0
2026-07-25T16:31Z,Ghana,0.0,0.0
2026-07-25T16:31Z,Haiti,0.0,0.0
2026-07-25T16:31Z,Iran,0.0,0.0
2026-07-25T16:31Z,Iraq,0.0,0.0
2026-07-25T16:31Z,Jordan,0.0,0.0
2026-07-25T16:31Z,Mexico,0.0,0.0
2026-07-25T16:31Z,New Zealand,0.0,0.0
2026-07-25T16:31Z,Panama,0.0,0.0
2026-07-25T16:31Z,Qatar,0.0,0.0
2026-07-25T16:31Z,Saudi Arabia,0.0,0.0
2026-07-25T16:31Z,Scotland,0.0,0.0
2026-07-25T16:31Z,South Africa,0.0,0.0
2026-07-25T16:31Z,South Korea,0.0,0.0
2026-07-25T16:31Z,Tunisia,0.0,0.0
2026-07-25T16:31Z,Uruguay,0.0,0.0
2026-07-25T16:31Z,Uzbekistan,0.0,0.0
2026-07-25T16:31Z,Spain,0.282,0.9995
2026-07-25T17:38Z,Argentina,0.296,0.0005
2026-07-25T17:38Z,England,0.096,0.0
2026-07-25T17:38Z,France,0.082,0.0
2026-07-25T17:38Z,Portugal,0.065,0.0
2026-07-25T17:38Z,Brazil,0.028,0.0
2026-07-25T17:38Z,Belgium,0.025,0.0
2026-07-25T17:38Z,Colombia,0.025,0.0
2026-07-25T17:38Z,Morocco,0.025,0.0
2026-07-25T17:38Z,Netherlands,0.022,0.0
2026-07-25T17:38Z,Germany,0.019,0.0
2026-07-25T17:38Z,Norway,0.008,0.0
2026-07-25T17:38Z,Japan,0.007,0.0
2026-07-25T17:38Z,Switzerland,0.006,0.0
2026-07-25T17:38Z,Senegal,0.004,0.0
2026-07-25T17:38Z,Croatia,0.003,0.0
2026-07-25T17:38Z,Ivory Coast,0.002,0.0
2026-07-25T17:38Z,United States,0.002,0.0
2026-07-25T17:38Z,Australia,0.001,0.0
2026-07-25T17:38Z,Paraguay,0.001,0.0
2026-07-25T17:38Z,Sweden,0.001,0.0
2026-07-25T17:38Z,Algeria,0.0,0.0
2026-07-25T17:38Z,Austria,0.0,0.0
2026-07-25T17:38Z,Bosnia and Herzegovina,0.0,0.0
2026-07-25T17:38Z,Canada,0.0,0.0
2026-07-25T17:38Z,Cape Verde,0.0,0.0
2026-07-25T17:38Z,Curaçao,0.0,0.0
2026-07-25T17:38Z,Czech Republic,0.0,0.0
2026-07-25T17:38Z,DR Congo,0.0,0.0
2026-07-25T17:38Z,Ecuador,0.0,0.0
2026-07-25T17:38Z,Egypt,0.0,0.0
2026-07-25T17:38Z,Ghana,0.0,0.0
2026-07-25T17:38Z,Haiti,0.0,0.0
2026-07-25T17:38Z,Iran,0.0,0.0
2026-07-25T17:38Z,Iraq,0.0,0.0
2026-07-25T17:38Z,Jordan,0.0,0.0
2026-07-25T17:38Z,Mexico,0.0,0.0
2026-07-25T17:38Z,New Zealand,0.0,0.0
2026-07-25T17:38Z,Panama,0.0,0.0
2026-07-25T17:38Z,Qatar,0.0,0.0
2026-07-25T17:38Z,Saudi Arabia,0.0,0.0
2026-07-25T17:38Z,Scotland,0.0,0.0
2026-07-25T17:38Z,South Africa,0.0,0.0
2026-07-25T17:38Z,South Korea,0.0,0.0
2026-07-25T17:38Z,Tunisia,0.0,0.0
2026-07-25T17:38Z,Uruguay,0.0,0.0
2026-07-25T17:38Z,Uzbekistan,0.0,0.0
2026-07-25T17:38Z,Spain,0.282,0.9995
2026-07-25T18:35Z,Argentina,0.296,0.0005
2026-07-25T18:35Z,England,0.096,0.0
2026-07-25T18:35Z,France,0.082,0.0
2026-07-25T18:35Z,Portugal,0.065,0.0
2026-07-25T18:35Z,Brazil,0.028,0.0
2026-07-25T18:35Z,Belgium,0.025,0.0
2026-07-25T18:35Z,Colombia,0.025,0.0
2026-07-25T18:35Z,Morocco,0.025,0.0
2026-07-25T18:35Z,Netherlands,0.022,0.0
2026-07-25T18:35Z,Germany,0.019,0.0
2026-07-25T18:35Z,Norway,0.008,0.0
2026-07-25T18:35Z,Japan,0.007,0.0
2026-07-25T18:35Z,Switzerland,0.006,0.0
2026-07-25T18:35Z,Senegal,0.004,0.0
2026-07-25T18:35Z,Croatia,0.003,0.0
2026-07-25T18:35Z,Ivory Coast,0.002,0.0
2026-07-25T18:35Z,United States,0.002,0.0
2026-07-25T18:35Z,Australia,0.001,0.0
2026-07-25T18:35Z,Paraguay,0.001,0.0
2026-07-25T18:35Z,Sweden,0.001,0.0
2026-07-25T18:35Z,Algeria,0.0,0.0
2026-07-25T18:35Z,Austria,0.0,0.0
2026-07-25T18:35Z,Bosnia and Herzegovina,0.0,0.0
2026-07-25T18:35Z,Canada,0.0,0.0
2026-07-25T18:35Z,Cape Verde,0.0,0.0
2026-07-25T18:35Z,Curaçao,0.0,0.0
2026-07-25T18:35Z,Czech Republic,0.0,0.0
2026-07-25T18:35Z,DR Congo,0.0,0.0
2026-07-25T18:35Z,Ecuador,0.0,0.0
2026-07-25T18:35Z,Egypt,0.0,0.0
2026-07-25T18:35Z,Ghana,0.0,0.0
2026-07-25T18:35Z,Haiti,0.0,0.0
2026-07-25T18:35Z,Iran,0.0,0.0
2026-07-25T18:35Z,Iraq,0.0,0.0
2026-07-25T18:35Z,Jordan,0.0,0.0
2026-07-25T18:35Z,Mexico,0.0,0.0
2026-07-25T18:35Z,New Zealand,0.0,0.0
2026-07-25T18:35Z,Panama,0.0,0.0
2026-07-25T18:35Z,Qatar,0.0,0.0
2026-07-25T18:35Z,Saudi Arabia,0.0,0.0
2026-07-25T18:35Z,Scotland,0.0,0.0
2026-07-25T18:35Z,South Africa,0.0,0.0
2026-07-25T18:35Z,South Korea,0.0,0.0
2026-07-25T18:35Z,Tunisia,0.0,0.0
2026-07-25T18:35Z,Uruguay,0.0,0.0
2026-07-25T18:35Z,Uzbekistan,0.0,0.0
2026-07-25T18:35Z,Spain,0.282,0.9995
2026-07-25T19:51Z,Argentina,0.296,0.0005
2026-07-25T19:51Z,England,0.096,0.0
2026-07-25T19:51Z,France,0.082,0.0
2026-07-25T19:51Z,Portugal,0.065,0.0
2026-07-25T19:51Z,Brazil,0.028,0.0
2026-07-25T19:51Z,Belgium,0.025,0.0
2026-07-25T19:51Z,Colombia,0.025,0.0
2026-07-25T19:51Z,Morocco,0.025,0.0
2026-07-25T19:51Z,Netherlands,0.022,0.0
2026-07-25T19:51Z,Germany,0.019,0.0
2026-07-25T19:51Z,Norway,0.008,0.0
2026-07-25T19:51Z,Japan,0.007,0.0
2026-07-25T19:51Z,Switzerland,0.006,0.0
2026-07-25T19:51Z,Senegal,0.004,0.0
2026-07-25T19:51Z,Croatia,0.003,0.0
2026-07-25T19:51Z,Ivory Coast,0.002,0.0
2026-07-25T19:51Z,United States,0.002,0.0
2026-07-25T19:51Z,Australia,0.001,0.0
2026-07-25T19:51Z,Paraguay,0.001,0.0
2026-07-25T19:51Z,Sweden,0.001,0.0
2026-07-25T19:51Z,Algeria,0.0,0.0
2026-07-25T19:51Z,Austria,0.0,0.0
2026-07-25T19:51Z,Bosnia and Herzegovina,0.0,0.0
2026-07-25T19:51Z,Canada,0.0,0.0
2026-07-25T19:51Z,Cape Verde,0.0,0.0
2026-07-25T19:51Z,Curaçao,0.0,0.0
2026-07-25T19:51Z,Czech Republic,0.0,0.0
2026-07-25T19:51Z,DR Congo,0.0,0.0
2026-07-25T19:51Z,Ecuador,0.0,0.0
2026-07-25T19:51Z,Egypt,0.0,0.0
2026-07-25T19:51Z,Ghana,0.0,0.0
2026-07-25T19:51Z,Haiti,0.0,0.0
2026-07-25T19:51Z,Iran,0.0,0.0
2026-07-25T19:51Z,Iraq,0.0,0.0
2026-07-25T19:51Z,Jordan,0.0,0.0
2026-07-25T19:51Z,Mexico,0.0,0.0
2026-07-25T19:51Z,New Zealand,0.0,0.0
2026-07-25T19:51Z,Panama,0.0,0.0
2026-07-25T19:51Z,Qatar,0.0,0.0
2026-07-25T19:51Z,Saudi Arabia,0.0,0.0
2026-07-25T19:51Z,Scotland,0.0,0.0
2026-07-25T19:51Z,South Africa,0.0,0.0
2026-07-25T19:51Z,South Korea,0.0,0.0
2026-07-25T19:51Z,Tunisia,0.0,0.0
2026-07-25T19:51Z,Uruguay,0.0,0.0
2026-07-25T19:51Z,Uzbekistan,0.0,0.0
2026-07-25T19:51Z,Spain,0.282,0.9995
2026-07-25T20:43Z,Argentina,0.296,0.0005
2026-07-25T20:43Z,England,0.096,0.0
2026-07-25T20:43Z,France,0.082,0.0
2026-07-25T20:43Z,Portugal,0.065,0.0
2026-07-25T20:43Z,Brazil,0.028,0.0
2026-07-25T20:43Z,Belgium,0.025,0.0
2026-07-25T20:43Z,Colombia,0.025,0.0
2026-07-25T20:43Z,Morocco,0.025,0.0
2026-07-25T20:43Z,Netherlands,0.022,0.0
2026-07-25T20:43Z,Germany,0.019,0.0
2026-07-25T20:43Z,Norway,0.008,0.0
2026-07-25T20:43Z,Japan,0.007,0.0
2026-07-25T20:43Z,Switzerland,0.006,0.0
2026-07-25T20:43Z,Senegal,0.004,0.0
2026-07-25T20:43Z,Croatia,0.003,0.0
2026-07-25T20:43Z,Ivory Coast,0.002,0.0
2026-07-25T20:43Z,United States,0.002,0.0
2026-07-25T20:43Z,Australia,0.001,0.0
2026-07-25T20:43Z,Paraguay,0.001,0.0
2026-07-25T20:43Z,Sweden,0.001,0.0
2026-07-25T20:43Z,Algeria,0.0,0.0
2026-07-25T20:43Z,Austria,0.0,0.0
2026-07-25T20:43Z,Bosnia and Herzegovina,0.0,0.0
2026-07-25T20:43Z,Canada,0.0,0.0
2026-07-25T20:43Z,Cape Verde,0.0,0.0
2026-07-25T20:43Z,Curaçao,0.0,0.0
2026-07-25T20:43Z,Czech Republic,0.0,0.0
2026-07-25T20:43Z,DR Congo,0.0,0.0
2026-07-25T20:43Z,Ecuador,0.0,0.0
2026-07-25T20:43Z,Egypt,0.0,0.0
2026-07-25T20:43Z,Ghana,0.0,0.0
2026-07-25T20:43Z,Haiti,0.0,0.0
2026-07-25T20:43Z,Iran,0.0,0.0
2026-07-25T20:43Z,Iraq,0.0,0.0
2026-07-25T20:43Z,Jordan,0.0,0.0
2026-07-25T20:43Z,Mexico,0.0,0.0
2026-07-25T20:43Z,New Zealand,0.0,0.0
2026-07-25T20:43Z,Panama,0.0,0.0
2026-07-25T20:43Z,Qatar,0.0,0.0
2026-07-25T20:43Z,Saudi Arabia,0.0,0.0
2026-07-25T20:43Z,Scotland,0.0,0.0
2026-07-25T20:43Z,South Africa,0.0,0.0
2026-07-25T20:43Z,South Korea,0.0,0.0
2026-07-25T20:43Z,Tunisia,0.0,0.0
2026-07-25T20:43Z,Uruguay,0.0,0.0
2026-07-25T20:43Z,Uzbekistan,0.0,0.0
2026-07-25T20:43Z,Spain,0.282,0.9995
2026-07-25T21:47Z,Argentina,0.296,0.0005
2026-07-25T21:47Z,England,0.096,0.0
2026-07-25T21:47Z,France,0.082,0.0
2026-07-25T21:47Z,Portugal,0.065,0.0
2026-07-25T21:47Z,Brazil,0.028,0.0
2026-07-25T21:47Z,Belgium,0.025,0.0
2026-07-25T21:47Z,Colombia,0.025,0.0
2026-07-25T21:47Z,Morocco,0.025,0.0
2026-07-25T21:47Z,Netherlands,0.022,0.0
2026-07-25T21:47Z,Germany,0.019,0.0
2026-07-25T21:47Z,Norway,0.008,0.0
2026-07-25T21:47Z,Japan,0.007,0.0
2026-07-25T21:47Z,Switzerland,0.006,0.0
2026-07-25T21:47Z,Senegal,0.004,0.0
2026-07-25T21:47Z,Croatia,0.003,0.0
2026-07-25T21:47Z,Ivory Coast,0.002,0.0
2026-07-25T21:47Z,United States,0.002,0.0
2026-07-25T21:47Z,Australia,0.001,0.0
2026-07-25T21:47Z,Paraguay,0.001,0.0
2026-07-25T21:47Z,Sweden,0.001,0.0
2026-07-25T21:47Z,Algeria,0.0,0.0
2026-07-25T21:47Z,Austria,0.0,0.0
2026-07-25T21:47Z,Bosnia and Herzegovina,0.0,0.0
2026-07-25T21:47Z,Canada,0.0,0.0
2026-07-25T21:47Z,Cape Verde,0.0,0.0
2026-07-25T21:47Z,Curaçao,0.0,0.0
2026-07-25T21:47Z,Czech Republic,0.0,0.0
2026-07-25T21:47Z,DR Congo,0.0,0.0
2026-07-25T21:47Z,Ecuador,0.0,0.0
2026-07-25T21:47Z,Egypt,0.0,0.0
2026-07-25T21:47Z,Ghana,0.0,0.0
2026-07-25T21:47Z,Haiti,0.0,0.0
2026-07-25T21:47Z,Iran,0.0,0.0
2026-07-25T21:47Z,Iraq,0.0,0.0
2026-07-25T21:47Z,Jordan,0.0,0.0
2026-07-25T21:47Z,Mexico,0.0,0.0
2026-07-25T21:47Z,New Zealand,0.0,0.0
2026-07-25T21:47Z,Panama,0.0,0.0
2026-07-25T21:47Z,Qatar,0.0,0.0
2026-07-25T21:47Z,Saudi Arabia,0.0,0.0
2026-07-25T21:47Z,Scotland,0.0,0.0
2026-07-25T21:47Z,South Africa,0.0,0.0
2026-07-25T21:47Z,South Korea,0.0,0.0
2026-07-25T21:47Z,Tunisia,0.0,0.0
2026-07-25T21:47Z,Uruguay,0.0,0.0
2026-07-25T21:47Z,Uzbekistan,0.0,0.0
2026-07-25T21:47Z,Spain,0.282,0.9995
2026-07-25T22:47Z,Argentina,0.296,0.0005
2026-07-25T22:47Z,England,0.096,0.0
2026-07-25T22:47Z,France,0.082,0.0
2026-07-25T22:47Z,Portugal,0.065,0.0
2026-07-25T22:47Z,Brazil,0.028,0.0
2026-07-25T22:47Z,Belgium,0.025,0.0
2026-07-25T22:47Z,Colombia,0.025,0.0
2026-07-25T22:47Z,Morocco,0.025,0.0
2026-07-25T22:47Z,Netherlands,0.022,0.0
2026-07-25T22:47Z,Germany,0.019,0.0
2026-07-25T22:47Z,Norway,0.008,0.0
2026-07-25T22:47Z,Japan,0.007,0.0
2026-07-25T22:47Z,Switzerland,0.006,0.0
2026-07-25T22:47Z,Senegal,0.004,0.0
2026-07-25T22:47Z,Croatia,0.003,0.0
2026-07-25T22:47Z,Ivory Coast,0.002,0.0
2026-07-25T22:47Z,United States,0.002,0.0
2026-07-25T22:47Z,Australia,0.001,0.0
2026-07-25T22:47Z,Paraguay,0.001,0.0
2026-07-25T22:47Z,Sweden,0.001,0.0
2026-07-25T22:47Z,Algeria,0.0,0.0
2026-07-25T22:47Z,Austria,0.0,0.0
2026-07-25T22:47Z,Bosnia and Herzegovina,0.0,0.0
2026-07-25T22:47Z,Canada,0.0,0.0
2026-07-25T22:47Z,Cape Verde,0.0,0.0
2026-07-25T22:47Z,Curaçao,0.0,0.0
2026-07-25T22:47Z,Czech Republic,0.0,0.0
2026-07-25T22:47Z,DR Congo,0.0,0.0
2026-07-25T22:47Z,Ecuador,0.0,0.0
2026-07-25T22:47Z,Egypt,0.0,0.0
2026-07-25T22:47Z,Ghana,0.0,0.0
2026-07-25T22:47Z,Haiti,0.0,0.0
2026-07-25T22:47Z,Iran,0.0,0.0
2026-07-25T22:47Z,Iraq,0.0,0.0
2026-07-25T22:47Z,Jordan,0.0,0.0
2026-07-25T22:47Z,Mexico,0.0,0.0
2026-07-25T22:47Z,New Zealand,0.0,0.0
2026-07-25T22:47Z,Panama,0.0,0.0
2026-07-25T22:47Z,Qatar,0.0,0.0
2026-07-25T22:47Z,Saudi Arabia,0.0,0.0
2026-07-25T22:47Z,Scotland,0.0,0.0
2026-07-25T22:47Z,South Africa,0.0,0.0
2026-07-25T22:47Z,South Korea,0.0,0.0
2026-07-25T22:47Z,Tunisia,0.0,0.0
2026-07-25T22:47Z,Uruguay,0.0,0.0
2026-07-25T22:47Z,Uzbekistan,0.0,0.0
2026-07-25T22:47Z,Spain,0.282,0.9995
2026-07-25T23:55Z,Argentina,0.296,0.0005
2026-07-25T23:55Z,England,0.096,0.0
2026-07-25T23:55Z,France,0.082,0.0
2026-07-25T23:55Z,Portugal,0.065,0.0
2026-07-25T23:55Z,Brazil,0.028,0.0
2026-07-25T23:55Z,Belgium,0.025,0.0
2026-07-25T23:55Z,Colombia,0.025,0.0
2026-07-25T23:55Z,Morocco,0.025,0.0
2026-07-25T23:55Z,Netherlands,0.022,0.0
2026-07-25T23:55Z,Germany,0.019,0.0
2026-07-25T23:55Z,Norway,0.008,0.0
2026-07-25T23:55Z,Japan,0.007,0.0
2026-07-25T23:55Z,Switzerland,0.006,0.0
2026-07-25T23:55Z,Senegal,0.004,0.0
2026-07-25T23:55Z,Croatia,0.003,0.0
2026-07-25T23:55Z,Ivory Coast,0.002,0.0
2026-07-25T23:55Z,United States,0.002,0.0
2026-07-25T23:55Z,Australia,0.001,0.0
2026-07-25T23:55Z,Paraguay,0.001,0.0
2026-07-25T23:55Z,Sweden,0.001,0.0
2026-07-25T23:55Z,Algeria,0.0,0.0
2026-07-25T23:55Z,Austria,0.0,0.0
2026-07-25T23:55Z,Bosnia and Herzegovina,0.0,0.0
2026-07-25T23:55Z,Canada,0.0,0.0
2026-07-25T23:55Z,Cape Verde,0.0,0.0
2026-07-25T23:55Z,Curaçao,0.0,0.0
2026-07-25T23:55Z,Czech Republic,0.0,0.0
2026-07-25T23:55Z,DR Congo,0.0,0.0
2026-07-25T23:55Z,Ecuador,0.0,0.0
2026-07-25T23:55Z,Egypt,0.0,0.0
2026-07-25T23:55Z,Ghana,0.0,0.0
2026-07-25T23:55Z,Haiti,0.0,0.0
2026-07-25T23:55Z,Iran,0.0,0.0
2026-07-25T23:55Z,Iraq,0.0,0.0
2026-07-25T23:55Z,Jordan,0.0,0.0
2026-07-25T23:55Z,Mexico,0.0,0.0
2026-07-25T23:55Z,New Zealand,0.0,0.0
2026-07-25T23:55Z,Panama,0.0,0.0
2026-07-25T23:55Z,Qatar,0.0,0.0
2026-07-25T23:55Z,Saudi Arabia,0.0,0.0
2026-07-25T23:55Z,Scotland,0.0,0.0
2026-07-25T23:55Z,South Africa,0.0,0.0
2026-07-25T23:55Z,South Korea,0.0,0.0
2026-07-25T23:55Z,Tunisia,0.0,0.0
2026-07-25T23:55Z,Uruguay,0.0,0.0
2026-07-25T23:55Z,Uzbekistan,0.0,0.0
2026-07-25T23:55Z,Spain,0.282,0.9995
2026-07-26T02:03Z,Argentina,0.296,0.0005
2026-07-26T02:03Z,England,0.096,0.0
2026-07-26T02:03Z,France,0.082,0.0
2026-07-26T02:03Z,Portugal,0.065,0.0
2026-07-26T02:03Z,Brazil,0.028,0.0
2026-07-26T02:03Z,Belgium,0.025,0.0
2026-07-26T02:03Z,Colombia,0.025,0.0
2026-07-26T02:03Z,Morocco,0.025,0.0
2026-07-26T02:03Z,Netherlands,0.022,0.0
2026-07-26T02:03Z,Germany,0.019,0.0
2026-07-26T02:03Z,Norway,0.008,0.0
2026-07-26T02:03Z,Japan,0.007,0.0
2026-07-26T02:03Z,Switzerland,0.006,0.0
2026-07-26T02:03Z,Senegal,0.004,0.0
2026-07-26T02:03Z,Croatia,0.003,0.0
2026-07-26T02:03Z,Ivory Coast,0.002,0.0
2026-07-26T02:03Z,United States,0.002,0.0
2026-07-26T02:03Z,Australia,0.001,0.0
2026-07-26T02:03Z,Paraguay,0.001,0.0
2026-07-26T02:03Z,Sweden,0.001,0.0
2026-07-26T02:03Z,Algeria,0.0,0.0
2026-07-26T02:03Z,Austria,0.0,0.0
2026-07-26T02:03Z,Bosnia and Herzegovina,0.0,0.0
2026-07-26T02:03Z,Canada,0.0,0.0
2026-07-26T02:03Z,Cape Verde,0.0,0.0
2026-07-26T02:03Z,Curaçao,0.0,0.0
2026-07-26T02:03Z,Czech Republic,0.0,0.0
2026-07-26T02:03Z,DR Congo,0.0,0.0
2026-07-26T02:03Z,Ecuador,0.0,0.0
2026-07-26T02:03Z,Egypt,0.0,0.0
2026-07-26T02:03Z,Ghana,0.0,0.0
2026-07-26T02:03Z,Haiti,0.0,0.0
2026-07-26T02:03Z,Iran,0.0,0.0
2026-07-26T02:03Z,Iraq,0.0,0.0
2026-07-26T02:03Z,Jordan,0.0,0.0
2026-07-26T02:03Z,Mexico,0.0,0.0
2026-07-26T02:03Z,New Zealand,0.0,0.0
2026-07-26T02:03Z,Panama,0.0,0.0
2026-07-26T02:03Z,Qatar,0.0,0.0
2026-07-26T02:03Z,Saudi Arabia,0.0,0.0
2026-07-26T02:03Z,Scotland,0.0,0.0
2026-07-26T02:03Z,South Africa,0.0,0.0
2026-07-26T02:03Z,South Korea,0.0,0.0
2026-07-26T02:03Z,Tunisia,0.0,0.0
2026-07-26T02:03Z,Uruguay,0.0,0.0
2026-07-26T02:03Z,Uzbekistan,0.0,0.0
2026-07-26T02:03Z,Spain,0.282,0.9995
2026-07-26T05:44Z,Argentina,0.296,0.0005
2026-07-26T05:44Z,England,0.096,0.0
2026-07-26T05:44Z,France,0.082,0.0
2026-07-26T05:44Z,Portugal,0.065,0.0
2026-07-26T05:44Z,Brazil,0.028,0.0
2026-07-26T05:44Z,Belgium,0.025,0.0
2026-07-26T05:44Z,Colombia,0.025,0.0
2026-07-26T05:44Z,Morocco,0.025,0.0
2026-07-26T05:44Z,Netherlands,0.022,0.0
2026-07-26T05:44Z,Germany,0.019,0.0
2026-07-26T05:44Z,Norway,0.008,0.0
2026-07-26T05:44Z,Japan,0.007,0.0
2026-07-26T05:44Z,Switzerland,0.006,0.0
2026-07-26T05:44Z,Senegal,0.004,0.0
2026-07-26T05:44Z,Croatia,0.003,0.0
2026-07-26T05:44Z,Ivory Coast,0.002,0.0
2026-07-26T05:44Z,United States,0.002,0.0
2026-07-26T05:44Z,Australia,0.001,0.0
2026-07-26T05:44Z,Paraguay,0.001,0.0
2026-07-26T05:44Z,Sweden,0.001,0.0
2026-07-26T05:44Z,Algeria,0.0,0.0
2026-07-26T05:44Z,Austria,0.0,0.0
2026-07-26T05:44Z,Bosnia and Herzegovina,0.0,0.0
2026-07-26T05:44Z,Canada,0.0,0.0
2026-07-26T05:44Z,Cape Verde,0.0,0.0
2026-07-26T05:44Z,Curaçao,0.0,0.0
2026-07-26T05:44Z,Czech Republic,0.0,0.0
2026-07-26T05:44Z,DR Congo,0.0,0.0
2026-07-26T05:44Z,Ecuador,0.0,0.0
2026-07-26T05:44Z,Egypt,0.0,0.0
2026-07-26T05:44Z,Ghana,0.0,0.0
2026-07-26T05:44Z,Haiti,0.0,0.0
2026-07-26T05:44Z,Iran,0.0,0.0
2026-07-26T05:44Z,Iraq,0.0,0.0
2026-07-26T05:44Z,Jordan,0.0,0.0
2026-07-26T05:44Z,Mexico,0.0,0.0
2026-07-26T05:44Z,New Zealand,0.0,0.0
2026-07-26T05:44Z,Panama,0.0,0.0
2026-07-26T05:44Z,Qatar,0.0,0.0
2026-07-26T05:44Z,Saudi Arabia,0.0,0.0
2026-07-26T05:44Z,Scotland,0.0,0.0
2026-07-26T05:44Z,South Africa,0.0,0.0
2026-07-26T05:44Z,South Korea,0.0,0.0
2026-07-26T05:44Z,Tunisia,0.0,0.0
2026-07-26T05:44Z,Uruguay,0.0,0.0
2026-07-26T05:44Z,Uzbekistan,0.0,0.0
2026-07-26T05:44Z,Spain,0.282,0.9995
2026-07-26T08:14Z,Argentina,0.296,0.0005
2026-07-26T08:14Z,England,0.096,0.0
2026-07-26T08:14Z,France,0.082,0.0
2026-07-26T08:14Z,Portugal,0.065,0.0
2026-07-26T08:14Z,Brazil,0.028,0.0
2026-07-26T08:14Z,Belgium,0.025,0.0
2026-07-26T08:14Z,Colombia,0.025,0.0
2026-07-26T08:14Z,Morocco,0.025,0.0
2026-07-26T08:14Z,Netherlands,0.022,0.0
2026-07-26T08:14Z,Germany,0.019,0.0
2026-07-26T08:14Z,Norway,0.008,0.0
2026-07-26T08:14Z,Japan,0.007,0.0
2026-07-26T08:14Z,Switzerland,0.006,0.0
2026-07-26T08:14Z,Senegal,0.004,0.0
2026-07-26T08:14Z,Croatia,0.003,0.0
2026-07-26T08:14Z,Ivory Coast,0.002,0.0
2026-07-26T08:14Z,United States,0.002,0.0
2026-07-26T08:14Z,Australia,0.001,0.0
2026-07-26T08:14Z,Paraguay,0.001,0.0
2026-07-26T08:14Z,Sweden,0.001,0.0
2026-07-26T08:14Z,Algeria,0.0,0.0
2026-07-26T08:14Z,Austria,0.0,0.0
2026-07-26T08:14Z,Bosnia and Herzegovina,0.0,0.0
2026-07-26T08:14Z,Canada,0.0,0.0
2026-07-26T08:14Z,Cape Verde,0.0,0.0
2026-07-26T08:14Z,Curaçao,0.0,0.0
2026-07-26T08:14Z,Czech Republic,0.0,0.0
2026-07-26T08:14Z,DR Congo,0.0,0.0
2026-07-26T08:14Z,Ecuador,0.0,0.0
2026-07-26T08:14Z,Egypt,0.0,0.0
2026-07-26T08:14Z,Ghana,0.0,0.0
2026-07-26T08:14Z,Haiti,0.0,0.0
2026-07-26T08:14Z,Iran,0.0,0.0
2026-07-26T08:14Z,Iraq,0.0,0.0
2026-07-26T08:14Z,Jordan,0.0,0.0
2026-07-26T08:14Z,Mexico,0.0,0.0
2026-07-26T08:14Z,New Zealand,0.0,0.0
2026-07-26T08:14Z,Panama,0.0,0.0
2026-07-26T08:14Z,Qatar,0.0,0.0
2026-07-26T08:14Z,Saudi Arabia,0.0,0.0
2026-07-26T08:14Z,Scotland,0.0,0.0
2026-07-26T08:14Z,South Africa,0.0,0.0
2026-07-26T08:14Z,South Korea,0.0,0.0
2026-07-26T08:14Z,Tunisia,0.0,0.0
2026-07-26T08:14Z,Uruguay,0.0,0.0
2026-07-26T08:14Z,Uzbekistan,0.0,0.0
2026-07-26T08:14Z,Spain,0.282,0.9995
2026-07-26T10:15Z,Argentina,0.296,0.0005
2026-07-26T10:15Z,England,0.096,0.0
2026-07-26T10:15Z,France,0.082,0.0
2026-07-26T10:15Z,Portugal,0.065,0.0
2026-07-26T10:15Z,Brazil,0.028,0.0
2026-07-26T10:15Z,Belgium,0.025,0.0
2026-07-26T10:15Z,Colombia,0.025,0.0
2026-07-26T10:15Z,Morocco,0.025,0.0
2026-07-26T10:15Z,Netherlands,0.022,0.0
2026-07-26T10:15Z,Germany,0.019,0.0
2026-07-26T10:15Z,Norway,0.008,0.0
2026-07-26T10:15Z,Japan,0.007,0.0
2026-07-26T10:15Z,Switzerland,0.006,0.0
2026-07-26T10:15Z,Senegal,0.004,0.0
2026-07-26T10:15Z,Croatia,0.003,0.0
2026-07-26T10:15Z,Ivory Coast,0.002,0.0
2026-07-26T10:15Z,United States,0.002,0.0
2026-07-26T10:15Z,Australia,0.001,0.0
2026-07-26T10:15Z,Paraguay,0.001,0.0
2026-07-26T10:15Z,Sweden,0.001,0.0
2026-07-26T10:15Z,Algeria,0.0,0.0
2026-07-26T10:15Z,Austria,0.0,0.0
2026-07-26T10:15Z,Bosnia and Herzegovina,0.0,0.0
2026-07-26T10:15Z,Canada,0.0,0.0
2026-07-26T10:15Z,Cape Verde,0.0,0.0
2026-07-26T10:15Z,Curaçao,0.0,0.0
2026-07-26T10:15Z,Czech Republic,0.0,0.0
2026-07-26T10:15Z,DR Congo,0.0,0.0
2026-07-26T10:15Z,Ecuador,0.0,0.0
2026-07-26T10:15Z,Egypt,0.0,0.0
2026-07-26T10:15Z,Ghana,0.0,0.0
2026-07-26T10:15Z,Haiti,0.0,0.0
2026-07-26T10:15Z,Iran,0.0,0.0
2026-07-26T10:15Z,Iraq,0.0,0.0
2026-07-26T10:15Z,Jordan,0.0,0.0
2026-07-26T10:15Z,Mexico,0.0,0.0
2026-07-26T10:15Z,New Zealand,0.0,0.0
2026-07-26T10:15Z,Panama,0.0,0.0
2026-07-26T10:15Z,Qatar,0.0,0.0
2026-07-26T10:15Z,Saudi Arabia,0.0,0.0
2026-07-26T10:15Z,Scotland,0.0,0.0
2026-07-26T10:15Z,South Africa,0.0,0.0
2026-07-26T10:15Z,South Korea,0.0,0.0
2026-07-26T10:15Z,Tunisia,0.0,0.0
2026-07-26T10:15Z,Uruguay,0.0,0.0
2026-07-26T10:15Z,Uzbekistan,0.0,0.0
2026-07-26T10:15Z,Spain,0.282,0.9995
2026-07-26T11:40Z,Argentina,0.296,0.0005
2026-07-26T11:40Z,England,0.096,0.0
2026-07-26T11:40Z,France,0.082,0.0
2026-07-26T11:40Z,Portugal,0.065,0.0
2026-07-26T11:40Z,Brazil,0.028,0.0
2026-07-26T11:40Z,Belgium,0.025,0.0
2026-07-26T11:40Z,Colombia,0.025,0.0
2026-07-26T11:40Z,Morocco,0.025,0.0
2026-07-26T11:40Z,Netherlands,0.022,0.0
2026-07-26T11:40Z,Germany,0.019,0.0
2026-07-26T11:40Z,Norway,0.008,0.0
2026-07-26T11:40Z,Japan,0.007,0.0
2026-07-26T11:40Z,Switzerland,0.006,0.0
2026-07-26T11:40Z,Senegal,0.004,0.0
2026-07-26T11:40Z,Croatia,0.003,0.0
2026-07-26T11:40Z,Ivory Coast,0.002,0.0
2026-07-26T11:40Z,United States,0.002,0.0
2026-07-26T11:40Z,Australia,0.001,0.0
2026-07-26T11:40Z,Paraguay,0.001,0.0
2026-07-26T11:40Z,Sweden,0.001,0.0
2026-07-26T11:40Z,Algeria,0.0,0.0
2026-07-26T11:40Z,Austria,0.0,0.0
2026-07-26T11:40Z,Bosnia and Herzegovina,0.0,0.0
2026-07-26T11:40Z,Canada,0.0,0.0
2026-07-26T11:40Z,Cape Verde,0.0,0.0
2026-07-26T11:40Z,Curaçao,0.0,0.0
2026-07-26T11:40Z,Czech Republic,0.0,0.0
2026-07-26T11:40Z,DR Congo,0.0,0.0
2026-07-26T11:40Z,Ecuador,0.0,0.0
2026-07-26T11:40Z,Egypt,0.0,0.0
2026-07-26T11:40Z,Ghana,0.0,0.0
2026-07-26T11:40Z,Haiti,0.0,0.0
2026-07-26T11:40Z,Iran,0.0,0.0
2026-07-26T11:40Z,Iraq,0.0,0.0
2026-07-26T11:40Z,Jordan,0.0,0.0
2026-07-26T11:40Z,Mexico,0.0,0.0
2026-07-26T11:40Z,New Zealand,0.0,0.0
2026-07-26T11:40Z,Panama,0.0,0.0
2026-07-26T11:40Z,Qatar,0.0,0.0
2026-07-26T11:40Z,Saudi Arabia,0.0,0.0
2026-07-26T11:40Z,Scotland,0.0,0.0
2026-07-26T11:40Z,South Africa,0.0,0.0
2026-07-26T11:40Z,South Korea,0.0,0.0
2026-07-26T11:40Z,Tunisia,0.0,0.0
2026-07-26T11:40Z,Uruguay,0.0,0.0
2026-07-26T11:40Z,Uzbekistan,0.0,0.0
2026-07-26T11:40Z,Spain,0.282,0.9995
2026-07-26T12:44Z,Argentina,0.296,0.0005
2026-07-26T12:44Z,England,0.096,0.0
2026-07-26T12:44Z,France,0.082,0.0
2026-07-26T12:44Z,Portugal,0.065,0.0
2026-07-26T12:44Z,Brazil,0.028,0.0
2026-07-26T12:44Z,Belgium,0.025,0.0
2026-07-26T12:44Z,Colombia,0.025,0.0
2026-07-26T12:44Z,Morocco,0.025,0.0
2026-07-26T12:44Z,Netherlands,0.022,0.0
2026-07-26T12:44Z,Germany,0.019,0.0
2026-07-26T12:44Z,Norway,0.008,0.0
2026-07-26T12:44Z,Japan,0.007,0.0
2026-07-26T12:44Z,Switzerland,0.006,0.0
2026-07-26T12:44Z,Senegal,0.004,0.0
2026-07-26T12:44Z,Croatia,0.003,0.0
2026-07-26T12:44Z,Ivory Coast,0.002,0.0
2026-07-26T12:44Z,United States,0.002,0.0
2026-07-26T12:44Z,Australia,0.001,0.0
2026-07-26T12:44Z,Paraguay,0.001,0.0
2026-07-26T12:44Z,Sweden,0.001,0.0
2026-07-26T12:44Z,Algeria,0.0,0.0
2026-07-26T12:44Z,Austria,0.0,0.0
2026-07-26T12:44Z,Bosnia and Herzegovina,0.0,0.0
2026-07-26T12:44Z,Canada,0.0,0.0
2026-07-26T12:44Z,Cape Verde,0.0,0.0
2026-07-26T12:44Z,Curaçao,0.0,0.0
2026-07-26T12:44Z,Czech Republic,0.0,0.0
2026-07-26T12:44Z,DR Congo,0.0,0.0
2026-07-26T12:44Z,Ecuador,0.0,0.0
2026-07-26T12:44Z,Egypt,0.0,0.0
2026-07-26T12:44Z,Ghana,0.0,0.0
2026-07-26T12:44Z,Haiti,0.0,0.0
2026-07-26T12:44Z,Iran,0.0,0.0
2026-07-26T12:44Z,Iraq,0.0,0.0
2026-07-26T12:44Z,Jordan,0.0,0.0
2026-07-26T12:44Z,Mexico,0.0,0.0
2026-07-26T12:44Z,New Zealand,0.0,0.0
2026-07-26T12:44Z,Panama,0.0,0.0
2026-07-26T12:44Z,Qatar,0.0,0.0
2026-07-26T12:44Z,Saudi Arabia,0.0,0.0
2026-07-26T12:44Z,Scotland,0.0,0.0
2026-07-26T12:44Z,South Africa,0.0,0.0
2026-07-26T12:44Z,South Korea,0.0,0.0
2026-07-26T12:44Z,Tunisia,0.0,0.0
2026-07-26T12:44Z,Uruguay,0.0,0.0
2026-07-26T12:44Z,Uzbekistan,0.0,0.0
2026-07-26T12:44Z,Spain,0.282,0.9995
2026-07-26T14:27Z,Argentina,0.296,0.0005
2026-07-26T14:27Z,England,0.096,0.0
2026-07-26T14:27Z,France,0.082,0.0
2026-07-26T14:27Z,Portugal,0.065,0.0
2026-07-26T14:27Z,Brazil,0.028,0.0
2026-07-26T14:27Z,Belgium,0.025,0.0
2026-07-26T14:27Z,Colombia,0.025,0.0
2026-07-26T14:27Z,Morocco,0.025,0.0
2026-07-26T14:27Z,Netherlands,0.022,0.0
2026-07-26T14:27Z,Germany,0.019,0.0
2026-07-26T14:27Z,Norway,0.008,0.0
2026-07-26T14:27Z,Japan,0.007,0.0
2026-07-26T14:27Z,Switzerland,0.006,0.0
2026-07-26T14:27Z,Senegal,0.004,0.0
2026-07-26T14:27Z,Croatia,0.003,0.0
2026-07-26T14:27Z,Ivory Coast,0.002,0.0
2026-07-26T14:27Z,United States,0.002,0.0
2026-07-26T14:27Z,Australia,0.001,0.0
2026-07-26T14:27Z,Paraguay,0.001,0.0
2026-07-26T14:27Z,Sweden,0.001,0.0
2026-07-26T14:27Z,Algeria,0.0,0.0
2026-07-26T14:27Z,Austria,0.0,0.0
2026-07-26T14:27Z,Bosnia and Herzegovina,0.0,0.0
2026-07-26T14:27Z,Canada,0.0,0.0
2026-07-26T14:27Z,Cape Verde,0.0,0.0
2026-07-26T14:27Z,Curaçao,0.0,0.0
2026-07-26T14:27Z,Czech Republic,0.0,0.0
2026-07-26T14:27Z,DR Congo,0.0,0.0
2026-07-26T14:27Z,Ecuador,0.0,0.0
2026-07-26T14:27Z,Egypt,0.0,0.0
2026-07-26T14:27Z,Ghana,0.0,0.0
2026-07-26T14:27Z,Haiti,0.0,0.0
2026-07-26T14:27Z,Iran,0.0,0.0
2026-07-26T14:27Z,Iraq,0.0,0.0
2026-07-26T14:27Z,Jordan,0.0,0.0
2026-07-26T14:27Z,Mexico,0.0,0.0
2026-07-26T14:27Z,New Zealand,0.0,0.0
2026-07-26T14:27Z,Panama,0.0,0.0
2026-07-26T14:27Z,Qatar,0.0,0.0
2026-07-26T14:27Z,Saudi Arabia,0.0,0.0
2026-07-26T14:27Z,Scotland,0.0,0.0
2026-07-26T14:27Z,South Africa,0.0,0.0
2026-07-26T14:27Z,South Korea,0.0,0.0
2026-07-26T14:27Z,Tunisia,0.0,0.0
2026-07-26T14:27Z,Uruguay,0.0,0.0
2026-07-26T14:27Z,Uzbekistan,0.0,0.0
2026-07-26T14:27Z,Spain,0.282,0.9995
2026-07-26T15:45Z,Argentina,0.296,0.0005
2026-07-26T15:45Z,England,0.096,0.0
2026-07-26T15:45Z,France,0.082,0.0
2026-07-26T15:45Z,Portugal,0.065,0.0
2026-07-26T15:45Z,Brazil,0.028,0.0
2026-07-26T15:45Z,Belgium,0.025,0.0
2026-07-26T15:45Z,Colombia,0.025,0.0
2026-07-26T15:45Z,Morocco,0.025,0.0
2026-07-26T15:45Z,Netherlands,0.022,0.0
2026-07-26T15:45Z,Germany,0.019,0.0
2026-07-26T15:45Z,Norway,0.008,0.0
2026-07-26T15:45Z,Japan,0.007,0.0
2026-07-26T15:45Z,Switzerland,0.006,0.0
2026-07-26T15:45Z,Senegal,0.004,0.0
2026-07-26T15:45Z,Croatia,0.003,0.0
2026-07-26T15:45Z,Ivory Coast,0.002,0.0
2026-07-26T15:45Z,United States,0.002,0.0
2026-07-26T15:45Z,Australia,0.001,0.0
2026-07-26T15:45Z,Paraguay,0.001,0.0
2026-07-26T15:45Z,Sweden,0.001,0.0
2026-07-26T15:45Z,Algeria,0.0,0.0
2026-07-26T15:45Z,Austria,0.0,0.0
2026-07-26T15:45Z,Bosnia and Herzegovina,0.0,0.0
2026-07-26T15:45Z,Canada,0.0,0.0
2026-07-26T15:45Z,Cape Verde,0.0,0.0
2026-07-26T15:45Z,Curaçao,0.0,0.0
2026-07-26T15:45Z,Czech Republic,0.0,0.0
2026-07-26T15:45Z,DR Congo,0.0,0.0
2026-07-26T15:45Z,Ecuador,0.0,0.0
2026-07-26T15:45Z,Egypt,0.0,0.0
2026-07-26T15:45Z,Ghana,0.0,0.0
2026-07-26T15:45Z,Haiti,0.0,0.0
2026-07-26T15:45Z,Iran,0.0,0.0
2026-07-26T15:45Z,Iraq,0.0,0.0
2026-07-26T15:45Z,Jordan,0.0,0.0
2026-07-26T15:45Z,Mexico,0.0,0.0
2026-07-26T15:45Z,New Zealand,0.0,0.0
2026-07-26T15:45Z,Panama,0.0,0.0
2026-07-26T15:45Z,Qatar,0.0,0.0
2026-07-26T15:45Z,Saudi Arabia,0.0,0.0
2026-07-26T15:45Z,Scotland,0.0,0.0
2026-07-26T15:45Z,South Africa,0.0,0.0
2026-07-26T15:45Z,South Korea,0.0,0.0
2026-07-26T15:45Z,Tunisia,0.0,0.0
2026-07-26T15:45Z,Uruguay,0.0,0.0
2026-07-26T15:45Z,Uzbekistan,0.0,0.0
2026-07-26T15:45Z,Spain,0.282,0.9995
2026-07-26T16:53Z,Argentina,0.296,0.0005
2026-07-26T16:53Z,England,0.096,0.0
2026-07-26T16:53Z,France,0.082,0.0
2026-07-26T16:53Z,Portugal,0.065,0.0
2026-07-26T16:53Z,Brazil,0.028,0.0
2026-07-26T16:53Z,Belgium,0.025,0.0
2026-07-26T16:53Z,Colombia,0.025,0.0
2026-07-26T16:53Z,Morocco,0.025,0.0
2026-07-26T16:53Z,Netherlands,0.022,0.0
2026-07-26T16:53Z,Germany,0.019,0.0
2026-07-26T16:53Z,Norway,0.008,0.0
2026-07-26T16:53Z,Japan,0.007,0.0
2026-07-26T16:53Z,Switzerland,0.006,0.0
2026-07-26T16:53Z,Senegal,0.004,0.0
2026-07-26T16:53Z,Croatia,0.003,0.0
2026-07-26T16:53Z,Ivory Coast,0.002,0.0
2026-07-26T16:53Z,United States,0.002,0.0
2026-07-26T16:53Z,Australia,0.001,0.0
2026-07-26T16:53Z,Paraguay,0.001,0.0
2026-07-26T16:53Z,Sweden,0.001,0.0
2026-07-26T16:53Z,Algeria,0.0,0.0
2026-07-26T16:53Z,Austria,0.0,0.0
2026-07-26T16:53Z,Bosnia and Herzegovina,0.0,0.0
2026-07-26T16:53Z,Canada,0.0,0.0
2026-07-26T16:53Z,Cape Verde,0.0,0.0
2026-07-26T16:53Z,Curaçao,0.0,0.0
2026-07-26T16:53Z,Czech Republic,0.0,0.0
2026-07-26T16:53Z,DR Congo,0.0,0.0
2026-07-26T16:53Z,Ecuador,0.0,0.0
2026-07-26T16:53Z,Egypt,0.0,0.0
2026-07-26T16:53Z,Ghana,0.0,0.0
2026-07-26T16:53Z,Haiti,0.0,0.0
2026-07-26T16:53Z,Iran,0.0,0.0
2026-07-26T16:53Z,Iraq,0.0,0.0
2026-07-26T16:53Z,Jordan,0.0,0.0
2026-07-26T16:53Z,Mexico,0.0,0.0
2026-07-26T16:53Z,New Zealand,0.0,0.0
2026-07-26T16:53Z,Panama,0.0,0.0
2026-07-26T16:53Z,Qatar,0.0,0.0
2026-07-26T16:53Z,Saudi Arabia,0.0,0.0
2026-07-26T16:53Z,Scotland,0.0,0.0
2026-07-26T16:53Z,South Africa,0.0,0.0
2026-07-26T16:53Z,South Korea,0.0,0.0
2026-07-26T16:53Z,Tunisia,0.0,0.0
2026-07-26T16:53Z,Uruguay,0.0,0.0
2026-07-26T16:53Z,Uzbekistan,0.0,0.0
2026-07-26T16:53Z,Spain,0.282,0.9995
2026-07-26T17:58Z,Argentina,0.296,0.0005
2026-07-26T17:58Z,England,0.096,0.0
2026-07-26T17:58Z,France,0.082,0.0
2026-07-26T17:58Z,Portugal,0.065,0.0
2026-07-26T17:58Z,Brazil,0.028,0.0
2026-07-26T17:58Z,Belgium,0.025,0.0
2026-07-26T17:58Z,Colombia,0.025,0.0
2026-07-26T17:58Z,Morocco,0.025,0.0
2026-07-26T17:58Z,Netherlands,0.022,0.0
2026-07-26T17:58Z,Germany,0.019,0.0
2026-07-26T17:58Z,Norway,0.008,0.0
2026-07-26T17:58Z,Japan,0.007,0.0
2026-07-26T17:58Z,Switzerland,0.006,0.0
2026-07-26T17:58Z,Senegal,0.004,0.0
2026-07-26T17:58Z,Croatia,0.003,0.0
2026-07-26T17:58Z,Ivory Coast,0.002,0.0
2026-07-26T17:58Z,United States,0.002,0.0
2026-07-26T17:58Z,Australia,0.001,0.0
2026-07-26T17:58Z,Paraguay,0.001,0.0
2026-07-26T17:58Z,Sweden,0.001,0.0
2026-07-26T17:58Z,Algeria,0.0,0.0
2026-07-26T17:58Z,Austria,0.0,0.0
2026-07-26T17:58Z,Bosnia and Herzegovina,0.0,0.0
2026-07-26T17:58Z,Canada,0.0,0.0
2026-07-26T17:58Z,Cape Verde,0.0,0.0
2026-07-26T17:58Z,Curaçao,0.0,0.0
2026-07-26T17:58Z,Czech Republic,0.0,0.0
2026-07-26T17:58Z,DR Congo,0.0,0.0
2026-07-26T17:58Z,Ecuador,0.0,0.0
2026-07-26T17:58Z,Egypt,0.0,0.0
2026-07-26T17:58Z,Ghana,0.0,0.0
2026-07-26T17:58Z,Haiti,0.0,0.0
2026-07-26T17:58Z,Iran,0.0,0.0
2026-07-26T17:58Z,Iraq,0.0,0.0
2026-07-26T17:58Z,Jordan,0.0,0.0
2026-07-26T17:58Z,Mexico,0.0,0.0
2026-07-26T17:58Z,New Zealand,0.0,0.0
2026-07-26T17:58Z,Panama,0.0,0.0
2026-07-26T17:58Z,Qatar,0.0,0.0
2026-07-26T17:58Z,Saudi Arabia,0.0,0.0
2026-07-26T17:58Z,Scotland,0.0,0.0
2026-07-26T17:58Z,South Africa,0.0,0.0
2026-07-26T17:58Z,South Korea,0.0,0.0
2026-07-26T17:58Z,Tunisia,0.0,0.0
2026-07-26T17:58Z,Uruguay,0.0,0.0
2026-07-26T17:58Z,Uzbekistan,0.0,0.0
2026-07-26T17:58Z,Spain,0.282,0.9995
2026-07-26T19:04Z,Argentina,0.296,0.0005
2026-07-26T19:04Z,England,0.096,0.0
2026-07-26T19:04Z,France,0.082,0.0
2026-07-26T19:04Z,Portugal,0.065,0.0
2026-07-26T19:04Z,Brazil,0.028,0.0
2026-07-26T19:04Z,Belgium,0.025,0.0
2026-07-26T19:04Z,Colombia,0.025,0.0
2026-07-26T19:04Z,Morocco,0.025,0.0
2026-07-26T19:04Z,Netherlands,0.022,0.0
2026-07-26T19:04Z,Germany,0.019,0.0
2026-07-26T19:04Z,Norway,0.008,0.0
2026-07-26T19:04Z,Japan,0.007,0.0
2026-07-26T19:04Z,Switzerland,0.006,0.0
2026-07-26T19:04Z,Senegal,0.004,0.0
2026-07-26T19:04Z,Croatia,0.003,0.0
2026-07-26T19:04Z,Ivory Coast,0.002,0.0
2026-07-26T19:04Z,United States,0.002,0.0
2026-07-26T19:04Z,Australia,0.001,0.0
2026-07-26T19:04Z,Paraguay,0.001,0.0
2026-07-26T19:04Z,Sweden,0.001,0.0
2026-07-26T19:04Z,Algeria,0.0,0.0
2026-07-26T19:04Z,Austria,0.0,0.0
2026-07-26T19:04Z,Bosnia and Herzegovina,0.0,0.0
2026-07-26T19:04Z,Canada,0.0,0.0
2026-07-26T19:04Z,Cape Verde,0.0,0.0
2026-07-26T19:04Z,Curaçao,0.0,0.0
2026-07-26T19:04Z,Czech Republic,0.0,0.0
2026-07-26T19:04Z,DR Congo,0.0,0.0
2026-07-26T19:04Z,Ecuador,0.0,0.0
2026-07-26T19:04Z,Egypt,0.0,0.0
2026-07-26T19:04Z,Ghana,0.0,0.0
2026-07-26T19:04Z,Haiti,0.0,0.0
2026-07-26T19:04Z,Iran,0.0,0.0
2026-07-26T19:04Z,Iraq,0.0,0.0
2026-07-26T19:04Z,Jordan,0.0,0.0
2026-07-26T19:04Z,Mexico,0.0,0.0
2026-07-26T19:04Z,New Zealand,0.0,0.0
2026-07-26T19:04Z,Panama,0.0,0.0
2026-07-26T19:04Z,Qatar,0.0,0.0
2026-07-26T19:04Z,Saudi Arabia,0.0,0.0
2026-07-26T19:04Z,Scotland,0.0,0.0
2026-07-26T19:04Z,South Africa,0.0,0.0
2026-07-26T19:04Z,South Korea,0.0,0.0
2026-07-26T19:04Z,Tunisia,0.0,0.0
2026-07-26T19:04Z,Uruguay,0.0,0.0
2026-07-26T19:04Z,Uzbekistan,0.0,0.0
2026-07-26T19:04Z,Spain,0.282,0.9995
2026-07-26T20:19Z,Argentina,0.296,0.0005
2026-07-26T20:19Z,England,0.096,0.0
2026-07-26T20:19Z,France,0.082,0.0
2026-07-26T20:19Z,Portugal,0.065,0.0
2026-07-26T20:19Z,Brazil,0.028,0.0
2026-07-26T20:19Z,Belgium,0.025,0.0
2026-07-26T20:19Z,Colombia,0.025,0.0
2026-07-26T20:19Z,Morocco,0.025,0.0
2026-07-26T20:19Z,Netherlands,0.022,0.0
2026-07-26T20:19Z,Germany,0.019,0.0
2026-07-26T20:19Z,Norway,0.008,0.0
2026-07-26T20:19Z,Japan,0.007,0.0
2026-07-26T20:19Z,Switzerland,0.006,0.0
2026-07-26T20:19Z,Senegal,0.004,0.0
2026-07-26T20:19Z,Croatia,0.003,0.0
2026-07-26T20:19Z,Ivory Coast,0.002,0.0
2026-07-26T20:19Z,United States,0.002,0.0
2026-07-26T20:19Z,Australia,0.001,0.0
2026-07-26T20:19Z,Paraguay,0.001,0.0
2026-07-26T20:19Z,Sweden,0.001,0.0
2026-07-26T20:19Z,Algeria,0.0,0.0
2026-07-26T20:19Z,Austria,0.0,0.0
2026-07-26T20:19Z,Bosnia and Herzegovina,0.0,0.0
2026-07-26T20:19Z,Canada,0.0,0.0
2026-07-26T20:19Z,Cape Verde,0.0,0.0
2026-07-26T20:19Z,Curaçao,0.0,0.0
2026-07-26T20:19Z,Czech Republic,0.0,0.0
2026-07-26T20:19Z,DR Congo,0.0,0.0
2026-07-26T20:19Z,Ecuador,0.0,0.0
2026-07-26T20:19Z,Egypt,0.0,0.0
2026-07-26T20:19Z,Ghana,0.0,0.0
2026-07-26T20:19Z,Haiti,0.0,0.0
2026-07-26T20:19Z,Iran,0.0,0.0
2026-07-26T20:19Z,Iraq,0.0,0.0
2026-07-26T20:19Z,Jordan,0.0,0.0
2026-07-26T20:19Z,Mexico,0.0,0.0
2026-07-26T20:19Z,New Zealand,0.0,0.0
2026-07-26T20:19Z,Panama,0.0,0.0
2026-07-26T20:19Z,Qatar,0.0,0.0
2026-07-26T20:19Z,Saudi Arabia,0.0,0.0
2026-07-26T20:19Z,Scotland,0.0,0.0
2026-07-26T20:19Z,South Africa,0.0,0.0
2026-07-26T20:19Z,South Korea,0.0,0.0
2026-07-26T20:19Z,Tunisia,0.0,0.0
2026-07-26T20:19Z,Uruguay,0.0,0.0
2026-07-26T20:19Z,Uzbekistan,0.0,0.0
2026-07-26T20:19Z,Spain,0.282,0.9995
2026-07-26T21:16Z,Argentina,0.296,0.0005
2026-07-26T21:16Z,England,0.096,0.0
2026-07-26T21:16Z,France,0.082,0.0
2026-07-26T21:16Z,Portugal,0.065,0.0
2026-07-26T21:16Z,Brazil,0.028,0.0
2026-07-26T21:16Z,Belgium,0.025,0.0
2026-07-26T21:16Z,Colombia,0.025,0.0
2026-07-26T21:16Z,Morocco,0.025,0.0
2026-07-26T21:16Z,Netherlands,0.022,0.0
2026-07-26T21:16Z,Germany,0.019,0.0
2026-07-26T21:16Z,Norway,0.008,0.0
2026-07-26T21:16Z,Japan,0.007,0.0
2026-07-26T21:16Z,Switzerland,0.006,0.0
2026-07-26T21:16Z,Senegal,0.004,0.0
2026-07-26T21:16Z,Croatia,0.003,0.0
2026-07-26T21:16Z,Ivory Coast,0.002,0.0
2026-07-26T21:16Z,United States,0.002,0.0
2026-07-26T21:16Z,Australia,0.001,0.0
2026-07-26T21:16Z,Paraguay,0.001,0.0
2026-07-26T21:16Z,Sweden,0.001,0.0
2026-07-26T21:16Z,Algeria,0.0,0.0
2026-07-26T21:16Z,Austria,0.0,0.0
2026-07-26T21:16Z,Bosnia and Herzegovina,0.0,0.0
2026-07-26T21:16Z,Canada,0.0,0.0
2026-07-26T21:16Z,Cape Verde,0.0,0.0
2026-07-26T21:16Z,Curaçao,0.0,0.0
2026-07-26T21:16Z,Czech Republic,0.0,0.0
2026-07-26T21:16Z,DR Congo,0.0,0.0
2026-07-26T21:16Z,Ecuador,0.0,0.0
2026-07-26T21:16Z,Egypt,0.0,0.0
2026-07-26T21:16Z,Ghana,0.0,0.0
2026-07-26T21:16Z,Haiti,0.0,0.0
2026-07-26T21:16Z,Iran,0.0,0.0
2026-07-26T21:16Z,Iraq,0.0,0.0
2026-07-26T21:16Z,Jordan,0.0,0.0
2026-07-26T21:16Z,Mexico,0.0,0.0
2026-07-26T21:16Z,New Zealand,0.0,0.0
2026-07-26T21:16Z,Panama,0.0,0.0
2026-07-26T21:16Z,Qatar,0.0,0.0
2026-07-26T21:16Z,Saudi Arabia,0.0,0.0
2026-07-26T21:16Z,Scotland,0.0,0.0
2026-07-26T21:16Z,South Africa,0.0,0.0
2026-07-26T21:16Z,South Korea,0.0,0.0
2026-07-26T21:16Z,Tunisia,0.0,0.0
2026-07-26T21:16Z,Uruguay,0.0,0.0
2026-07-26T21:16Z,Uzbekistan,0.0,0.0
2026-07-26T21:16Z,Spain,0.282,0.9995
